[
  {
    "api": "http://jx.wogg.link:63/jiexi/饭特析.php?url\u003d",
    "apiDetailParseTemplate": 0,
    "apiDetailParseType": 1,
    "builtIn": true,
    "createTime": 1704905203046,
    "enable": false,
    "id": 0,
    "isActive": false,
    "key": "但行好事",
    "name": "但行好事",
    "sniff": false,
    "sort": 0,
    "tvboxUrl": "https://mirror.ghproxy.com/https://raw.githubusercontent.com/pdscxz/TV/main/video/tv4k.json",
    "updateTime": 1721138960800
  },
  {
    "api": "http://110.42.2.247:880/analysis/json/?uid\u003d2449\u0026my\u003dacfgikquvzFGJRW459\u0026url\u003d",
    "apiDetailParseTemplate": 0,
    "apiDetailParseType": 1,
    "builtIn": true,
    "createTime": 1704905203048,
    "enable": false,
    "id": 0,
    "isActive": false,
    "key": "莫问前程",
    "name": "莫问前程",
    "sniff": false,
    "sort": 0,
    "tvboxUrl": "https://mirror.ghproxy.com/https://raw.githubusercontent.com/pdscxz/TV/main/video/tv4k.json",
    "updateTime": 1721138958668
  },
  {
    "api": "http://110.42.2.247:880/analysis/json/?uid\u003d2449\u0026my\u003dacfgikquvzFGJRW459\u0026url\u003d",
    "apiDetailParseTemplate": 0,
    "apiDetailParseType": 1,
    "builtIn": true,
    "createTime": 1704905203048,
    "enable": false,
    "id": 0,
    "isActive": false,
    "key": "左岸解析",
    "name": "左岸解析",
    "sniff": false,
    "sort": 0,
    "tvboxUrl": "https://mirror.ghproxy.com/https://raw.githubusercontent.com/pdscxz/TV/main/video/tv4k.json",
    "updateTime": 1721138958658
  },
  {
    "api": "https://jx.ccabc.cc/xc/?key\u003d5567332json\u0026url\u003d",
    "apiDetailParseTemplate": 0,
    "apiDetailParseType": 1,
    "builtIn": true,
    "createTime": 1704905203049,
    "enable": false,
    "id": 0,
    "isActive": false,
    "key": "小城解析",
    "name": "小城解析",
    "sniff": false,
    "sort": 0,
    "tvboxUrl": "https://mirror.ghproxy.com/https://raw.githubusercontent.com/pdscxz/TV/main/video/tv4k.json",
    "updateTime": 1721138961153
  },
  {
    "api": "https://json.key521.cn/api/?key\u003ddf27d9ca9ec97e22c47f8565a50aa6f5\u0026url\u003d",
    "apiDetailParseTemplate": 0,
    "apiDetailParseType": 1,
    "builtIn": true,
    "createTime": 1704905203049,
    "enable": false,
    "id": 0,
    "isActive": false,
    "key": "星辰云解析",
    "name": "星辰云解析",
    "sniff": false,
    "sort": 0,
    "tvboxUrl": "https://mirror.ghproxy.com/https://raw.githubusercontent.com/pdscxz/TV/main/video/tv4k.json",
    "updateTime": 1721138958992
  },
  {
    "api": "http://xiaoxin.1080p.me/home/api?type\u003dys\u0026uid\u003d2781037\u0026key\u003deijkoqxBDFGILRTUWZ\u0026url\u003d",
    "apiDetailParseTemplate": 0,
    "apiDetailParseType": 1,
    "builtIn": true,
    "createTime": 1704905203050,
    "enable": false,
    "id": 0,
    "isActive": false,
    "key": "小新解析",
    "name": "小新解析",
    "sniff": false,
    "sort": 0,
    "tvboxUrl": "https://mirror.ghproxy.com/https://raw.githubusercontent.com/pdscxz/TV/main/video/tv4k.json",
    "updateTime": 1721138960214
  },
  {
    "api": "http://jx.wogg.link:63/jiexi/饭特析.php?url\u003d",
    "apiDetailParseTemplate": 0,
    "apiDetailParseType": 1,
    "builtIn": true,
    "createTime": 1704905203050,
    "enable": false,
    "id": 0,
    "isActive": false,
    "key": "小鱼解析",
    "name": "小鱼解析",
    "sniff": false,
    "sort": 0,
    "tvboxUrl": "https://mirror.ghproxy.com/https://raw.githubusercontent.com/pdscxz/TV/main/video/tv4k.json",
    "updateTime": 1721138960815
  },
  {
    "api": "http://xhww.fun:63/小米特别爱肥猫.php?url\u003d",
    "apiDetailParseTemplate": 0,
    "apiDetailParseType": 1,
    "builtIn": true,
    "createTime": 1704905203050,
    "enable": false,
    "id": 0,
    "isActive": false,
    "key": "夜曲解析",
    "name": "夜曲解析",
    "sniff": false,
    "sort": 0,
    "tvboxUrl": "https://mirror.ghproxy.com/https://raw.githubusercontent.com/pdscxz/TV/main/video/tv4k.json",
    "updateTime": 1721138958879
  },
  {
    "api": "http://localhost:5705/parse/api/哔哩.js?url\u003d",
    "apiDetailParseTemplate": 0,
    "apiDetailParseType": 1,
    "builtIn": true,
    "createTime": 1704905229015,
    "enable": false,
    "id": 0,
    "isActive": false,
    "key": "哔哩",
    "name": "哔哩",
    "sniff": false,
    "sort": 0,
    "tvboxUrl": "https://gitee.com/bestpvp/tm/raw/master/source/stable/main.json",
    "updateTime": 1721138958613
  },
  {
    "api": "http://rxjx.kuanjv.com/allm3u8.php?url\u003d",
    "apiDetailParseTemplate": 0,
    "apiDetailParseType": 1,
    "builtIn": true,
    "createTime": 1704905229017,
    "enable": false,
    "id": 0,
    "isActive": false,
    "key": "很牛逼",
    "name": "很牛逼",
    "sniff": false,
    "sort": 0,
    "tvboxUrl": "https://gitee.com/bestpvp/tm/raw/master/source/stable/main.json",
    "updateTime": 1721138960774
  },
  {
    "api": "https://rx.bt5v.com/json/jsonindex.php/?url\u003d",
    "apiDetailParseTemplate": 0,
    "apiDetailParseType": 1,
    "builtIn": true,
    "createTime": 1704905229018,
    "enable": false,
    "id": 0,
    "isActive": false,
    "key": "BT5V",
    "name": "BT5V",
    "sniff": false,
    "sort": 0,
    "tvboxUrl": "https://gitee.com/bestpvp/tm/raw/master/source/stable/main.json",
    "updateTime": 1721138960859
  },
  {
    "api": "https://play.fuqizhishi.com/juhe/API.php?appkey\u003dcaijijuhe220902\u0026url\u003d",
    "apiDetailParseTemplate": 0,
    "apiDetailParseType": 1,
    "builtIn": true,
    "createTime": 1704905229018,
    "enable": false,
    "id": 0,
    "isActive": false,
    "key": "GGTV搜集",
    "name": "GGTV搜集",
    "sniff": false,
    "sort": 0,
    "tvboxUrl": "https://gitee.com/bestpvp/tm/raw/master/source/stable/main.json",
    "updateTime": 1721138960752
  },
  {
    "api": "https://vip.cyu0.cn/home/api?type\u003dys\u0026uid\u003d1353484\u0026key\u003defopqwABCLOTVYZ278\u0026url\u003d",
    "apiDetailParseTemplate": 0,
    "apiDetailParseType": 1,
    "builtIn": true,
    "createTime": 1704905229020,
    "enable": false,
    "id": 0,
    "isActive": false,
    "key": "CY",
    "name": "CY",
    "sniff": false,
    "sort": 0,
    "tvboxUrl": "https://gitee.com/bestpvp/tm/raw/master/source/stable/main.json",
    "updateTime": 1721138961063
  },
  {
    "api": "https://svip.spchat.top/api/?key\u003dO9HGeIVUqU3REsnmQP\u0026url\u003d",
    "apiDetailParseTemplate": 0,
    "apiDetailParseType": 1,
    "builtIn": true,
    "createTime": 1704905229021,
    "enable": false,
    "id": 0,
    "isActive": false,
    "key": "傻逼聊",
    "name": "傻逼聊",
    "sniff": false,
    "sort": 0,
    "tvboxUrl": "https://gitee.com/bestpvp/tm/raw/master/source/stable/main.json",
    "updateTime": 1721138960941
  },
  {
    "api": "https://v.2080kk.com/home/api?type\u003dys\u0026uid\u003d1308653\u0026key\u003dbehnpstwxBCHJMQ029\u0026url\u003d",
    "apiDetailParseTemplate": 0,
    "apiDetailParseType": 1,
    "builtIn": true,
    "createTime": 1704905229021,
    "enable": false,
    "id": 0,
    "isActive": false,
    "key": "208",
    "name": "208",
    "sniff": false,
    "sort": 0,
    "tvboxUrl": "https://gitee.com/bestpvp/tm/raw/master/source/stable/main.json",
    "updateTime": 1721138960870
  },
  {
    "api": "https://jx.bynote.top/API.php?url\u003d",
    "apiDetailParseTemplate": 0,
    "apiDetailParseType": 1,
    "builtIn": true,
    "createTime": 1704905229022,
    "enable": false,
    "id": 0,
    "isActive": false,
    "key": "搬运",
    "name": "搬运",
    "sniff": false,
    "sort": 0,
    "tvboxUrl": "https://gitee.com/bestpvp/tm/raw/master/source/stable/main.json",
    "updateTime": 1721138958761
  },
  {
    "api": "http://newjiexi.gotka.top/keyu3.php?url\u003d",
    "apiDetailParseTemplate": 0,
    "apiDetailParseType": 1,
    "builtIn": true,
    "createTime": 1704905229022,
    "enable": false,
    "id": 0,
    "isActive": false,
    "key": "keyu",
    "name": "keyu",
    "sniff": false,
    "sort": 0,
    "tvboxUrl": "https://gitee.com/bestpvp/tm/raw/master/source/stable/main.json",
    "updateTime": 1721138961789
  },
  {
    "api": "https://jx.xmflv.com/?url\u003d",
    "apiDetailParseTemplate": 0,
    "apiDetailParseType": 1,
    "builtIn": true,
    "createTime": 1704905229023,
    "enable": false,
    "id": 0,
    "isActive": false,
    "key": "码上解析1",
    "name": "码上解析1",
    "sniff": false,
    "sort": 0,
    "tvboxUrl": "https://gitee.com/bestpvp/tm/raw/master/source/stable/main.json",
    "updateTime": 1721138959385
  },
  {
    "api": "https://jx.googe.cc/api/bfq/?key\u003dpDUrtM5UHLtQJGDTYl\u0026url\u003d",
    "apiDetailParseTemplate": 0,
    "apiDetailParseType": 1,
    "builtIn": true,
    "createTime": 1704905229023,
    "enable": false,
    "id": 0,
    "isActive": false,
    "key": "码上解析2",
    "name": "码上解析2",
    "sniff": false,
    "sort": 0,
    "tvboxUrl": "https://gitee.com/bestpvp/tm/raw/master/source/stable/main.json",
    "updateTime": 1721138959468
  },
  {
    "api": "https://jx.xmflv.cc/?url\u003d",
    "apiDetailParseTemplate": 0,
    "apiDetailParseType": 1,
    "builtIn": true,
    "createTime": 1704905229024,
    "enable": false,
    "id": 0,
    "isActive": false,
    "key": "码上解析3",
    "name": "码上解析3",
    "sniff": false,
    "sort": 0,
    "tvboxUrl": "https://gitee.com/bestpvp/tm/raw/master/source/stable/main.json",
    "updateTime": 1721138959450
  },
  {
    "api": "https://jx.playerjy.com/?url\u003d",
    "apiDetailParseTemplate": 0,
    "apiDetailParseType": 1,
    "builtIn": true,
    "createTime": 1704905229024,
    "enable": false,
    "id": 0,
    "isActive": false,
    "key": "码上解析4",
    "name": "码上解析4",
    "sniff": false,
    "sort": 0,
    "tvboxUrl": "https://gitee.com/bestpvp/tm/raw/master/source/stable/main.json",
    "updateTime": 1721138959372
  },
  {
    "api": "https://jx.m3u8.tv/jiexi/?url\u003d",
    "apiDetailParseTemplate": 0,
    "apiDetailParseType": 1,
    "builtIn": true,
    "createTime": 1704905229025,
    "enable": false,
    "id": 0,
    "isActive": false,
    "key": "码上解析5",
    "name": "码上解析5",
    "sniff": false,
    "sort": 0,
    "tvboxUrl": "https://gitee.com/bestpvp/tm/raw/master/source/stable/main.json",
    "updateTime": 1721138958682
  },
  {
    "api": "https://www.8090g.cn/jiexi/?url\u003d",
    "apiDetailParseTemplate": 0,
    "apiDetailParseType": 1,
    "builtIn": true,
    "createTime": 1704905229026,
    "enable": false,
    "id": 0,
    "isActive": false,
    "key": "码上解析6",
    "name": "码上解析6",
    "sniff": false,
    "sort": 0,
    "tvboxUrl": "https://gitee.com/bestpvp/tm/raw/master/source/stable/main.json",
    "updateTime": 1721138959383
  },
  {
    "api": "https://www.8090.la/8090/?url\u003d",
    "apiDetailParseTemplate": 0,
    "apiDetailParseType": 1,
    "builtIn": true,
    "createTime": 1704905229026,
    "enable": false,
    "id": 0,
    "isActive": false,
    "key": "码上解析7",
    "name": "码上解析7",
    "sniff": false,
    "sort": 0,
    "tvboxUrl": "https://gitee.com/bestpvp/tm/raw/master/source/stable/main.json",
    "updateTime": 1721138959589
  },
  {
    "api": "http://www.jzmhtt.com/zdy/vip/?url\u003d",
    "apiDetailParseTemplate": 0,
    "apiDetailParseType": 1,
    "builtIn": true,
    "createTime": 1704905229026,
    "enable": false,
    "id": 0,
    "isActive": false,
    "key": "码上解析8",
    "name": "码上解析8",
    "sniff": false,
    "sort": 0,
    "tvboxUrl": "https://gitee.com/bestpvp/tm/raw/master/source/stable/main.json",
    "updateTime": 1721138959048
  },
  {
    "api": "https://www.playm3u8.cn/jiexi.php?url\u003d",
    "apiDetailParseTemplate": 0,
    "apiDetailParseType": 1,
    "builtIn": true,
    "createTime": 1704905229027,
    "enable": false,
    "id": 0,
    "isActive": false,
    "key": "码上解析9",
    "name": "码上解析9",
    "sniff": false,
    "sort": 0,
    "tvboxUrl": "https://gitee.com/bestpvp/tm/raw/master/source/stable/main.json",
    "updateTime": 1721138959824
  },
  {
    "api": "https://www.ckplayer.vip/jiexi/?url\u003d",
    "apiDetailParseTemplate": 0,
    "apiDetailParseType": 1,
    "builtIn": true,
    "createTime": 1704905229027,
    "enable": false,
    "id": 0,
    "isActive": false,
    "key": "码上解析10",
    "name": "码上解析10",
    "sniff": false,
    "sort": 0,
    "tvboxUrl": "https://gitee.com/bestpvp/tm/raw/master/source/stable/main.json",
    "updateTime": 1721138959380
  },
  {
    "api": "http://json.84jia.com/home/api?type\u003dys\u0026uid\u003d335253\u0026key\u003ddemprsyzBMQRVY0234\u0026url\u003d",
    "apiDetailParseTemplate": 0,
    "apiDetailParseType": 1,
    "builtIn": true,
    "createTime": 1704905229028,
    "enable": false,
    "id": 0,
    "isActive": false,
    "key": "公众号：肥猫宝贝",
    "name": "公众号：肥猫宝贝",
    "sniff": false,
    "sort": 0,
    "tvboxUrl": "https://gitee.com/bestpvp/tm/raw/master/source/stable/main.json",
    "updateTime": 1721138958781
  },
  {
    "api": "http://api.888484.xyz/神秘哥哥/super.php?v\u003d",
    "apiDetailParseTemplate": 0,
    "apiDetailParseType": 1,
    "builtIn": true,
    "createTime": 1704905272248,
    "enable": false,
    "id": 0,
    "isActive": false,
    "key": "神秘的哥哥们",
    "name": "神秘的哥哥们",
    "sniff": false,
    "sort": 0,
    "tvboxUrl": "http://liulian1993.vip:5555/tvbox/lib/ziji/ziji.json",
    "updateTime": 1721138958827
  },
  {
    "api": "https://api.tyun77.cn/api.php/provide/parseDicturl?url\u003d",
    "apiDetailParseTemplate": 0,
    "apiDetailParseType": 1,
    "builtIn": true,
    "createTime": 1704905272251,
    "enable": false,
    "id": 0,
    "isActive": false,
    "key": "公众号",
    "name": "公众号",
    "sniff": false,
    "sort": 0,
    "tvboxUrl": "http://liulian1993.vip:5555/tvbox/lib/ziji/ziji.json",
    "updateTime": 1721138958900
  },
  {
    "api": "https://www.playm3u8.cn/jiexi.php?url\u003d",
    "apiDetailParseTemplate": 0,
    "apiDetailParseType": 1,
    "builtIn": true,
    "createTime": 1704905272271,
    "enable": false,
    "id": 0,
    "isActive": false,
    "key": "手动解析",
    "name": "手动解析",
    "sniff": false,
    "sort": 0,
    "tvboxUrl": "http://liulian1993.vip:5555/tvbox/lib/ziji/ziji.json",
    "updateTime": 1721138959808
  },
  {
    "api": "https://jx.jsonplayer.com/player/?url\u003d",
    "apiDetailParseTemplate": 0,
    "apiDetailParseType": 1,
    "builtIn": true,
    "createTime": 1704905272255,
    "enable": false,
    "id": 0,
    "isActive": false,
    "key": "夜雨聆风",
    "name": "夜雨聆风",
    "sniff": false,
    "sort": 0,
    "tvboxUrl": "http://liulian1993.vip:5555/tvbox/lib/ziji/ziji.json",
    "updateTime": 1721138962579
  },
  {
    "api": "http://42.157.129.144:2323/CH/caihong_1993138546.php?url\u003d",
    "apiDetailParseTemplate": 0,
    "apiDetailParseType": 1,
    "builtIn": true,
    "createTime": 1704905272274,
    "enable": false,
    "id": 0,
    "isActive": false,
    "key": "路飞解析",
    "name": "路飞解析",
    "sniff": false,
    "sort": 0,
    "tvboxUrl": "http://liulian1993.vip:5555/tvbox/lib/ziji/ziji.json",
    "updateTime": 1721138958676
  },
  {
    "api": "https://api.json.icu/api/?key\u003dc60086bb91997b98358194263f13e670\u0026url\u003d",
    "apiDetailParseTemplate": 0,
    "apiDetailParseType": 1,
    "builtIn": true,
    "createTime": 1704905272276,
    "enable": false,
    "id": 0,
    "isActive": false,
    "key": "乔巴解析",
    "name": "乔巴解析",
    "sniff": false,
    "sort": 0,
    "tvboxUrl": "http://liulian1993.vip:5555/tvbox/lib/ziji/ziji.json",
    "updateTime": 1721138958868
  },
  {
    "api": "https://vip.mosangkeji.com/api/?key\u003dafcQ0C7vUiNOy4tnvG\u0026url\u003d",
    "apiDetailParseTemplate": 0,
    "apiDetailParseType": 1,
    "builtIn": true,
    "createTime": 1704905272293,
    "enable": false,
    "id": 0,
    "isActive": false,
    "key": "布鲁克解析",
    "name": "布鲁克解析",
    "sniff": false,
    "sort": 0,
    "tvboxUrl": "http://liulian1993.vip:5555/tvbox/lib/ziji/ziji.json",
    "updateTime": 1721138958832
  },
  {
    "api": "http://119.91.123.253:2345/Api/yun.php?url\u003d",
    "apiDetailParseTemplate": 0,
    "apiDetailParseType": 1,
    "builtIn": true,
    "createTime": 1704905272296,
    "enable": false,
    "id": 0,
    "isActive": false,
    "key": "乌索普解析",
    "name": "乌索普解析",
    "sniff": false,
    "sort": 0,
    "tvboxUrl": "http://liulian1993.vip:5555/tvbox/lib/ziji/ziji.json",
    "updateTime": 1721138962586
  },
  {
    "api": "http://api.888484.xyz/神秘哥哥/super.php?v\u003d",
    "apiDetailParseTemplate": 0,
    "apiDetailParseType": 1,
    "builtIn": true,
    "createTime": 1704905272317,
    "enable": false,
    "id": 0,
    "isActive": false,
    "key": "鹰眼",
    "name": "鹰眼",
    "sniff": false,
    "sort": 0,
    "tvboxUrl": "http://liulian1993.vip:5555/tvbox/lib/ziji/ziji.json",
    "updateTime": 1721138958822
  },
  {
    "api": "https://api.json.icu/api/?key\u003db1f3b1a9e1c0a42ae969db10bd315a95\u0026url\u003d",
    "apiDetailParseTemplate": 0,
    "apiDetailParseType": 1,
    "builtIn": true,
    "createTime": 1704905272319,
    "enable": false,
    "id": 0,
    "isActive": false,
    "key": "米饭🌾",
    "name": "米饭🌾",
    "sniff": false,
    "sort": 0,
    "tvboxUrl": "http://liulian1993.vip:5555/tvbox/lib/ziji/ziji.json",
    "updateTime": 1721138958872
  },
  {
    "api": "https://api.json.icu/api/?key\u003dc60086bb91997b98358194263f13e670\u0026url\u003d",
    "apiDetailParseTemplate": 0,
    "apiDetailParseType": 1,
    "builtIn": true,
    "createTime": 1704905272323,
    "enable": false,
    "id": 0,
    "isActive": false,
    "key": "超解析",
    "name": "超解析",
    "sniff": false,
    "sort": 0,
    "tvboxUrl": "http://liulian1993.vip:5555/tvbox/lib/ziji/ziji.json",
    "updateTime": 1721138958871
  },
  {
    "api": "http://119.91.123.253:2345/Api/yun.php?url\u003d",
    "apiDetailParseTemplate": 0,
    "apiDetailParseType": 1,
    "builtIn": true,
    "createTime": 1704905272348,
    "enable": false,
    "id": 0,
    "isActive": false,
    "key": "🌎DB",
    "name": "🌎DB",
    "sniff": false,
    "sort": 0,
    "tvboxUrl": "http://liulian1993.vip:5555/tvbox/lib/ziji/ziji.json",
    "updateTime": 1721138962594
  },
  {
    "api": "https://yinshi.eatuo.com/index.php/mvod/jx2?url\u003d",
    "apiDetailParseTemplate": 0,
    "apiDetailParseType": 1,
    "builtIn": true,
    "createTime": 1704905272349,
    "enable": false,
    "id": 0,
    "isActive": false,
    "key": "乐酷蓝光",
    "name": "乐酷蓝光",
    "sniff": false,
    "sort": 0,
    "tvboxUrl": "http://liulian1993.vip:5555/tvbox/lib/ziji/ziji.json",
    "updateTime": 1721138960925
  },
  {
    "api": "https://jx.playerjy.com/?bli\u003d1\u0026url\u003d",
    "apiDetailParseTemplate": 0,
    "apiDetailParseType": 1,
    "builtIn": true,
    "createTime": 1704905272350,
    "enable": false,
    "id": 0,
    "isActive": false,
    "key": "探探2",
    "name": "探探2",
    "sniff": false,
    "sort": 0,
    "tvboxUrl": "http://liulian1993.vip:5555/tvbox/lib/ziji/ziji.json",
    "updateTime": 1721138959376
  },
  {
    "api": "https://yparse.ik9.cc/index.php?url\u003d\u0026url\u003d",
    "apiDetailParseTemplate": 0,
    "apiDetailParseType": 1,
    "builtIn": true,
    "createTime": 1704905272350,
    "enable": false,
    "id": 0,
    "isActive": false,
    "key": "探探3",
    "name": "探探3",
    "sniff": false,
    "sort": 0,
    "tvboxUrl": "http://liulian1993.vip:5555/tvbox/lib/ziji/ziji.json",
    "updateTime": 1721138958970
  }
]