{
  "wbg.video.hot.word.tv": "[\"长相思 第二季\",\"错位\",\"福禄寿训练学院\",\"凶杀重案实录：纽约\",\"度华年\",\"你比星光美丽\",\"执行法官\",\"玫瑰的故事\",\"喜人奇妙夜\",\"我们的秘密\",\"向阳之处必有声\",\"墨雨云间\",\"时光代理人\",\"庆余年 第二季\",\"我的阿勒泰\",\"天行健\",\"鬼灭之刃 柱训练篇\",\"龙之家族 第二季\",\"直到破坏了丈夫的家庭\",\"唐朝诡事录\"]",
  "wbg.video.hot.word.anime": "[\"间谍过家家 代号：白\",\"鬼灭之刃 柱训练篇\",\"你想活出怎样的人生\",\"迷宫饭\",\"怪兽8号\",\"排球少年！！垃圾场决战\",\"哈尔的移动城堡\",\"一起来睡觉\",\"少女乐队的呐喊\",\"葬送的芙莉莲\",\"不时用俄语小声说真心话的邻桌艾莉同学\",\"窗边的小豆豆\",\"间谍过家家 第二季\",\"蓦然回首\",\"机动战士高达SEED FREEDOM\",\"失忆投捕\",\"北极百货店的接待员\",\"无职转生Ⅱ 到了异世界就拿出真本事 Part 2\",\"吹响悠风号3\",\"哆啦A梦：大雄的地球交响乐\"]",
  "wbg.video.first.open": false,
  "wbg.video.hot.word.movie": "[\"走走停停\",\"泳者之心\",\"消失的女儿\",\"白键与黑键之间\",\"比佛利山超级警探4\",\"扫黑·决不放弃\",\"我才不要和你做朋友呢\",\"犯罪都市4\",\"疯狂的麦克斯：狂暴女神\",\"梦境\",\"朝云暮雨\",\"她死了\",\"猩球崛起：新世界\",\"红毯先生\",\"九龙城寨之围城\",\"我们一起摇太阳\",\"加菲猫家族\",\"玛克辛\",\"还有明天\",\"神秘窥视\"]",
  "wbg.video.announcement": "2024-07-18",
  "wbg.video.user.agent": "Mozilla/5.0 (Windows NT 10.0; Win64; x64) AppleWebKit/537.36 (KHTML, like Gecko) Chrome/74.0.3729.172 Safari/537.36 Vivaldi/2.5.1525.48",
  "wsg.video.app.version": "0.1.28",
  "wbg.video.auto.subscribe": false,
  "wbg.video.search.mode": false,
  "wbg.video.hot.word.variety": "[\"信用中国\",\"五十公里桃花坞第四季\",\"经典传奇\",\"传奇故事\",\"养生堂\",\"爱情保卫战\",\"金牌调解\",\"第三调解室\",\"毛雪汪\",\"欢乐集结号\",\"x诊所\",\"人气美食\",\"健康大问诊\",\"名医话养生\",\"笑动剧场\",\"群英会\",\"社会传真\",\"天天七点综\"]",
  "wbg.search.history.keyword": "[\"银河补习班\",\"奇门遁甲\",\"刘德华\",\"末路狂花钱\"]"
}