[
  {
    "createTime": 1704905182091,
    "enable": true,
    "id": 0,
    "localSpiderPath": "/storage/emulated/0/Android/data/com.wbg.video/files/TvBox/E28DE43DF7B489F1707F5DF0FB9098E2.jar",
    "remoteSpiderUrl": "https://agit.ai/Yoursmile7/TVBox/raw/branch/master/Yoursmile.jar",
    "updateTime": 1704905185286,
    "url": "https://agit.ai/Yoursmile7/TVBox/raw/branch/master/XC.json"
  },
  {
    "createTime": 1704905186761,
    "enable": true,
    "id": 0,
    "localSpiderPath": "/storage/emulated/0/Android/data/com.wbg.video/files/TvBox/870BA7E6634EBB3C1C5E93ABFA0E59A4.jar",
    "remoteSpiderUrl": "http://tt.58cxz.com/video/jar/fm0803.jar",
    "updateTime": 1704905197584,
    "url": "https://mirror.ghproxy.com/https://raw.githubusercontent.com/pdscxz/TV/main/video/tv4k.json"
  },
  {
    "createTime": 1704905204906,
    "enable": true,
    "id": 0,
    "localSpiderPath": "/storage/emulated/0/Android/data/com.wbg.video/files/TvBox/766A7A2BE967392882A20690CA503965.jar",
    "remoteSpiderUrl": "https://gitee.com/bestpvp/tm/raw/master/source/stable/custom_spider.jar",
    "updateTime": 1704905207525,
    "url": "https://gitee.com/bestpvp/tm/raw/master/source/stable/main.json"
  },
  {
    "createTime": 1704905230024,
    "enable": true,
    "id": 0,
    "localSpiderPath": "/storage/emulated/0/Android/data/com.wbg.video/files/TvBox/2C4FD7D8A83A06DC7F7DCC4C57E1FBDA.jar",
    "remoteSpiderUrl": "https://jihulab.com/yingshiche/tvbox/-/raw/main/YSC.jar",
    "updateTime": 1704905230941,
    "url": "http://svip.weixine.net:88/uploads/itvbox/svip.json"
  },
  {
    "createTime": 1704905232166,
    "enable": true,
    "id": 0,
    "localSpiderPath": "/storage/emulated/0/Android/data/com.wbg.video/files/TvBox/7FC1160EC33A0CE3CA6B67AC61630693.jar",
    "remoteSpiderUrl": "http://liulian1993.vip:5555/tvbox/lib/ziji/fty.jar",
    "updateTime": 1704905233430,
    "url": "http://liulian1993.vip:5555/tvbox/lib/ziji/ziji.json"
  }
]