[
  {
    "area": "韩国",
    "createTime": 1703694280577,
    "current": 0,
    "id": 0,
    "jsonStr": "{\"actor\":\"徐仁国,朴素丹,高允贞,金智勋,张胜祖,崔始源,李宰旭,成勋,金材昱\",\"area\":\"韩国\",\"des\":\"此剧改编自人气漫画，由《再次十八岁》导演执导，讲述与死亡一起开始全新人生的人物的故事，姜河那饰演因为就业和恋爱失败后做出极端选择后还生的崔以才。对生活彻底绝望的崔以载选择终结这一失败的人生。随后，奇怪的事情发生了，一个神秘的存在出现在他面前对他说，他将迎接十三个不同的人生。\",\"director\":\"河炳勋\",\"doubanId\":\"35991840\",\"endSkipTime\":0,\"head\":\"{}\",\"jiexiUrl\":\"\",\"lang\":\"韩语\",\"name\":\"死期将至\",\"pic\":\"https://hhmage.com/cover/a74c0747f5bc0e2eb5e156ce432a3879.jpg\",\"playManagerCore\":0,\"score\":\"10.0\",\"searchGroup\":\"tvbox\",\"searchSort\":50,\"sourceKey\":\"火狐\",\"sourceLink\":\"https://hhzyapi.com/api.php/provide/vod/?ac\u003dlist\u0026ac\u003ddetail\u0026ids\u003d71837\",\"sourceName\":\"📛火焰狐妖\",\"sourceType\":0,\"startSkipTime\":0,\"status\":\"第04集\",\"tags\":\"悬疑,奇幻\",\"type\":\"韩剧\",\"videoLineList\":[{\"name\":\"📛火焰狐妖\",\"videoList\":[{\"name\":\"第01集\",\"playUrl\":\"https://bf.hhuus.com/play/YerW56Wa/index.m3u8\",\"sel\":true},{\"name\":\"第02集\",\"playUrl\":\"https://bf.hhuus.com/play/nelWLP1d/index.m3u8\",\"sel\":false},{\"name\":\"第03集\",\"playUrl\":\"https://bf.hhuus.com/play/YerW56La/index.m3u8\",\"sel\":false},{\"name\":\"第04集\",\"playUrl\":\"https://bf.hhuus.com/play/lejWM7Ya/index.m3u8\",\"sel\":false}]}],\"year\":\"2023\"}",
    "linePosition": 0,
    "name": "死期将至",
    "partIndex": 0,
    "partName": "死期将至_第01集",
    "pic": "https://hhmage.com/cover/a74c0747f5bc0e2eb5e156ce432a3879.jpg",
    "status": "第04集",
    "taskId": -1,
    "type": "韩剧"
  },
  {
    "area": "韩国",
    "createTime": 1703694284201,
    "current": 0,
    "id": 0,
    "jsonStr": "{\"actor\":\"徐仁国,朴素丹,高允贞,金智勋,张胜祖,崔始源,李宰旭,成勋,金材昱\",\"area\":\"韩国\",\"des\":\"此剧改编自人气漫画，由《再次十八岁》导演执导，讲述与死亡一起开始全新人生的人物的故事，姜河那饰演因为就业和恋爱失败后做出极端选择后还生的崔以才。对生活彻底绝望的崔以载选择终结这一失败的人生。随后，奇怪的事情发生了，一个神秘的存在出现在他面前对他说，他将迎接十三个不同的人生。\",\"director\":\"河炳勋\",\"doubanId\":\"35991840\",\"endSkipTime\":0,\"head\":\"{}\",\"jiexiUrl\":\"\",\"lang\":\"韩语\",\"name\":\"死期将至\",\"pic\":\"https://hhmage.com/cover/a74c0747f5bc0e2eb5e156ce432a3879.jpg\",\"playManagerCore\":0,\"score\":\"10.0\",\"searchGroup\":\"tvbox\",\"searchSort\":50,\"sourceKey\":\"火狐\",\"sourceLink\":\"https://hhzyapi.com/api.php/provide/vod/?ac\u003dlist\u0026ac\u003ddetail\u0026ids\u003d71837\",\"sourceName\":\"📛火焰狐妖\",\"sourceType\":0,\"startSkipTime\":0,\"status\":\"第04集\",\"tags\":\"悬疑,奇幻\",\"type\":\"韩剧\",\"videoLineList\":[{\"name\":\"📛火焰狐妖\",\"videoList\":[{\"name\":\"第01集\",\"playUrl\":\"https://bf.hhuus.com/play/YerW56Wa/index.m3u8\",\"sel\":true},{\"name\":\"第02集\",\"playUrl\":\"https://bf.hhuus.com/play/nelWLP1d/index.m3u8\",\"sel\":false},{\"name\":\"第03集\",\"playUrl\":\"https://bf.hhuus.com/play/YerW56La/index.m3u8\",\"sel\":false},{\"name\":\"第04集\",\"playUrl\":\"https://bf.hhuus.com/play/lejWM7Ya/index.m3u8\",\"sel\":false}]}],\"year\":\"2023\"}",
    "linePosition": 0,
    "name": "死期将至",
    "partIndex": 0,
    "partName": "死期将至_第01集",
    "pic": "https://hhmage.com/cover/a74c0747f5bc0e2eb5e156ce432a3879.jpg",
    "status": "第04集",
    "taskId": -1,
    "type": "韩剧"
  }
]