[
  {
    "createTime": 1703385816720,
    "id": 0,
    "updateTime": 1703385816720,
    "url": "http://127.0.0.1:-1/proxy?do\u003dali\u0026type\u003dm3u8\u0026file_id\u003d63e9d2f73953d36154d048da95e49b4e2896dce3\u0026flag\u003d智能"
  },
  {
    "createTime": 1703385822081,
    "id": 0,
    "updateTime": 1703385822081,
    "url": "http://127.0.0.1:-1/proxy?do\u003dali\u0026type\u003dm3u8\u0026file_id\u003d63e9d2f73953d36154d048da95e49b4e2896dce3\u0026flag\u003d普画"
  },
  {
    "createTime": 1703408674734,
    "id": 0,
    "updateTime": 1703408674734,
    "url": "http://127.0.0.1:-1/proxy?do\u003dali\u0026type\u003dm3u8\u0026file_id\u003d64b9407401cfc2cf21c54206890804e6f0fdb896\u0026flag\u003d智能"
  },
  {
    "createTime": 1703408680048,
    "id": 0,
    "updateTime": 1703408680048,
    "url": "http://127.0.0.1:-1/proxy?do\u003dali\u0026type\u003dm3u8\u0026file_id\u003d64b9407401cfc2cf21c54206890804e6f0fdb896\u0026flag\u003d普画"
  },
  {
    "createTime": 1703408686171,
    "id": 0,
    "updateTime": 1703408686171,
    "url": "http://127.0.0.1:-1/proxy?do\u003dali\u0026type\u003dm3u8\u0026file_id\u003d616e1ba4132879ca2b534848885b203a6a999dc8\u0026flag\u003d智能"
  },
  {
    "createTime": 1703408696715,
    "id": 0,
    "updateTime": 1703408696715,
    "url": "http://127.0.0.1:-1/proxy?do\u003dali\u0026type\u003dm3u8\u0026file_id\u003d642d921f672caf42c6f34f12984249e620c7403a\u0026flag\u003d普画"
  },
  {
    "createTime": 1703408703865,
    "id": 0,
    "updateTime": 1703408703865,
    "url": "http://127.0.0.1:-1/proxy?do\u003dali\u0026type\u003dm3u8\u0026file_id\u003d6401fc3a5d43f16f1715431d84a2d32032af7cf4\u0026flag\u003d智能"
  },
  {
    "createTime": 1703408709235,
    "id": 0,
    "updateTime": 1703408709235,
    "url": "http://127.0.0.1:-1/proxy?do\u003dali\u0026type\u003dm3u8\u0026file_id\u003d6401fc3a5d43f16f1715431d84a2d32032af7cf4\u0026flag\u003d普画"
  },
  {
    "createTime": 1703408742981,
    "id": 0,
    "updateTime": 1703408742981,
    "url": "https://mp4.ziyuan.wang/view.php/7eb500a97b325c963bb86b4d918b15fd.mp4"
  },
  {
    "createTime": 1703420621154,
    "id": 0,
    "updateTime": 1703420621154,
    "url": "http://127.0.0.1:-1/proxy?do\u003dpush\u0026type\u003dopenpubm3u8\u0026share_id\u003dA8CzzKS8Q4L\u0026file_id\u003d6386fd84e7c4922f39f24e6eb3eb84b03d7ecd30\u0026drive_id\u003d692957643"
  },
  {
    "createTime": 1703420634994,
    "id": 0,
    "updateTime": 1703420634994,
    "url": "http://127.0.0.1:-1/proxy?do\u003dpush\u0026type\u003dopenpubm3u8\u0026share_id\u003d7fCkBDQ3CvE\u0026file_id\u003d638db484d22893592f334329bdce3e0845940d69\u0026drive_id\u003d692957643"
  },
  {
    "createTime": 1703420665787,
    "id": 0,
    "updateTime": 1703420665787,
    "url": "http://127.0.0.1:-1/proxy?do\u003dpush\u0026type\u003dopenpubm3u8\u0026share_id\u003dDQP2eRhQuix\u0026file_id\u003d632c2c829d923bb844d14235a302372a4523c8bc\u0026drive_id\u003d692957643"
  },
  {
    "createTime": 1709391947121,
    "id": 0,
    "updateTime": 1709391947121,
    "url": "http://json.84jia.com/api/xyfd.m3u8"
  },
  {
    "createTime": 1709391948756,
    "id": 0,
    "updateTime": 1709391948756,
    "url": ""
  },
  {
    "createTime": 1709392028277,
    "id": 0,
    "updateTime": 1709392028277,
    "url": "https://xinz.xn--654a.cc/%E9%98%B2%E7%9B%97.m3u8"
  },
  {
    "createTime": 1713284243765,
    "id": 0,
    "updateTime": 1713284243765,
    "url": "http%3A%2F%2F110.42.2.247%3A8001%2Fanalysis%2Fjson%2F%3Fuid%3D2449%26my%3DacfgikquvzFGJRW459%26format%3Ddata%26url%3Dhttps%3A%2F%2Fvip.ffzy-play2.com%2F20221021%2F58_18d6157f%2Findex.m3u8"
  },
  {
    "createTime": 1713284243849,
    "id": 0,
    "updateTime": 1713284243849,
    "url": "http%3A%2F%2F110.42.2.247%3A8001%2Fanalysis%2Fjson%2F%3Fuid%3D2449%26my%3DacfgikquvzFGJRW459%26format%3Ddata%26url%3Dhttps%3A%2F%2Fvip.lzcdn2.com%2F20220328%2F924_1d3c1f08%2Findex.m3u8"
  },
  {
    "createTime": 1713284258234,
    "id": 0,
    "updateTime": 1713284258234,
    "url": "http://115.231.220.36:6688/video/zyapp.m3u8"
  },
  {
    "createTime": 1713284319915,
    "id": 0,
    "updateTime": 1713284319915,
    "url": "https://m3u.haiwaikan.com/xm3u8/cdacc8147e020eb4205a62fe5f6ca8fd81782a9eb6fb95f5c60951a5dc75ddac9921f11e97d0da21.m3u8"
  },
  {
    "createTime": 1713284361656,
    "id": 0,
    "updateTime": 1713284361656,
    "url": "https://v1.suonizy-youku.com/202308/20/uufS9VvBM72/video/index.m3u8"
  },
  {
    "createTime": 1715637256867,
    "id": 0,
    "updateTime": 1715637256867,
    "url": "https://ppvod01.6g9ba6.com/splitOut/20240503/134809/V2024050319580603/index.m3u8"
  }
]