[
  {
    "api": "http://jx.wogg.link:63/jiexi/饭特析.php?url\u003d",
    "apiDetailParseTemplate": 0,
    "apiDetailParseType": 1,
    "builtIn": true,
    "createTime": 1703364864373,
    "enable": false,
    "id": 0,
    "isActive": false,
    "key": "但行好事",
    "name": "但行好事",
    "sniff": false,
    "sort": 0,
    "tvboxUrl": "https://mirror.ghproxy.com/https://raw.githubusercontent.com/pdscxz/TV/main/video/tv4k.json",
    "updateTime": 1703385824598
  },
  {
    "api": "http://110.42.2.247:880/analysis/json/?uid\u003d2449\u0026my\u003dacfgikquvzFGJRW459\u0026url\u003d",
    "apiDetailParseTemplate": 0,
    "apiDetailParseType": 1,
    "builtIn": true,
    "createTime": 1703364864373,
    "enable": false,
    "id": 0,
    "isActive": false,
    "key": "莫问前程",
    "name": "莫问前程",
    "sniff": false,
    "sort": 0,
    "tvboxUrl": "https://mirror.ghproxy.com/https://raw.githubusercontent.com/pdscxz/TV/main/video/tv4k.json",
    "updateTime": 1703385824675
  },
  {
    "api": "http://110.42.2.247:880/analysis/json/?uid\u003d2449\u0026my\u003dacfgikquvzFGJRW459\u0026url\u003d",
    "apiDetailParseTemplate": 0,
    "apiDetailParseType": 1,
    "builtIn": true,
    "createTime": 1703364864374,
    "enable": false,
    "id": 0,
    "isActive": false,
    "key": "左岸解析",
    "name": "左岸解析",
    "sniff": false,
    "sort": 0,
    "tvboxUrl": "https://mirror.ghproxy.com/https://raw.githubusercontent.com/pdscxz/TV/main/video/tv4k.json",
    "updateTime": 1703385824735
  },
  {
    "api": "https://jx.ccabc.cc/xc/?key\u003d5567332json\u0026url\u003d",
    "apiDetailParseTemplate": 0,
    "apiDetailParseType": 1,
    "builtIn": true,
    "createTime": 1703364864374,
    "enable": false,
    "id": 0,
    "isActive": false,
    "key": "小城解析",
    "name": "小城解析",
    "sniff": false,
    "sort": 0,
    "tvboxUrl": "https://mirror.ghproxy.com/https://raw.githubusercontent.com/pdscxz/TV/main/video/tv4k.json",
    "updateTime": 1703385831647
  },
  {
    "api": "https://json.key521.cn/api/?key\u003ddf27d9ca9ec97e22c47f8565a50aa6f5\u0026url\u003d",
    "apiDetailParseTemplate": 0,
    "apiDetailParseType": 1,
    "builtIn": true,
    "createTime": 1703364864375,
    "enable": false,
    "id": 0,
    "isActive": false,
    "key": "星辰云解析",
    "name": "星辰云解析",
    "sniff": false,
    "sort": 0,
    "tvboxUrl": "https://mirror.ghproxy.com/https://raw.githubusercontent.com/pdscxz/TV/main/video/tv4k.json",
    "updateTime": 1703385831976
  },
  {
    "api": "http://xiaoxin.1080p.me/home/api?type\u003dys\u0026uid\u003d2781037\u0026key\u003deijkoqxBDFGILRTUWZ\u0026url\u003d",
    "apiDetailParseTemplate": 0,
    "apiDetailParseType": 1,
    "builtIn": true,
    "createTime": 1703364864375,
    "enable": false,
    "id": 0,
    "isActive": false,
    "key": "小新解析",
    "name": "小新解析",
    "sniff": false,
    "sort": 0,
    "tvboxUrl": "https://mirror.ghproxy.com/https://raw.githubusercontent.com/pdscxz/TV/main/video/tv4k.json",
    "updateTime": 1703385833086
  },
  {
    "api": "http://jx.wogg.link:63/jiexi/饭特析.php?url\u003d",
    "apiDetailParseTemplate": 0,
    "apiDetailParseType": 1,
    "builtIn": true,
    "createTime": 1703364864376,
    "enable": false,
    "id": 0,
    "isActive": false,
    "key": "小鱼解析",
    "name": "小鱼解析",
    "sniff": false,
    "sort": 0,
    "tvboxUrl": "https://mirror.ghproxy.com/https://raw.githubusercontent.com/pdscxz/TV/main/video/tv4k.json",
    "updateTime": 1703385833089
  },
  {
    "api": "http://xhww.fun:63/小米特别爱肥猫.php?url\u003d",
    "apiDetailParseTemplate": 0,
    "apiDetailParseType": 1,
    "builtIn": true,
    "createTime": 1703364864376,
    "enable": false,
    "id": 0,
    "isActive": false,
    "key": "夜曲解析",
    "name": "夜曲解析",
    "sniff": false,
    "sort": 0,
    "tvboxUrl": "https://mirror.ghproxy.com/https://raw.githubusercontent.com/pdscxz/TV/main/video/tv4k.json",
    "updateTime": 1703385833216
  },
  {
    "api": "http://42.157.129.144:2323/CH/caihong_1993138546.php?url\u003d",
    "apiDetailParseTemplate": 0,
    "apiDetailParseType": 1,
    "builtIn": true,
    "createTime": 1703364903322,
    "enable": false,
    "id": 0,
    "isActive": false,
    "key": "💕推荐",
    "name": "💕推荐",
    "sniff": false,
    "sort": 0,
    "tvboxUrl": "https://agit.ai/66666/mao/raw/branch/master/00/001.png",
    "updateTime": 1703385833247
  },
  {
    "api": "https://json.oorl.cn/api/?key\u003dgajpAki7cu8560ro4C\u0026url\u003d",
    "apiDetailParseTemplate": 0,
    "apiDetailParseType": 1,
    "builtIn": true,
    "createTime": 1703364903323,
    "enable": false,
    "id": 0,
    "isActive": false,
    "key": "💕推荐0",
    "name": "💕推荐0",
    "sniff": false,
    "sort": 0,
    "tvboxUrl": "https://agit.ai/66666/mao/raw/branch/master/00/001.png",
    "updateTime": 1703385833725
  },
  {
    "api": "http://pandown.pro/app/kkdy.php?url\u003d",
    "apiDetailParseTemplate": 0,
    "apiDetailParseType": 1,
    "builtIn": true,
    "createTime": 1703364903324,
    "enable": false,
    "id": 0,
    "isActive": false,
    "key": "💕推荐1",
    "name": "💕推荐1",
    "sniff": false,
    "sort": 0,
    "tvboxUrl": "https://agit.ai/66666/mao/raw/branch/master/00/001.png",
    "updateTime": 1703385834450
  },
  {
    "api": "http://103.42.31.123:5821/jx/?url\u003d",
    "apiDetailParseTemplate": 0,
    "apiDetailParseType": 1,
    "builtIn": true,
    "createTime": 1703364903325,
    "enable": false,
    "id": 0,
    "isActive": false,
    "key": "💕推荐2",
    "name": "💕推荐2",
    "sniff": false,
    "sort": 0,
    "tvboxUrl": "https://agit.ai/66666/mao/raw/branch/master/00/001.png",
    "updateTime": 1703385834514
  },
  {
    "api": "https://www.qiaoji8.com/tvbox/neibu.php?url\u003d",
    "apiDetailParseTemplate": 0,
    "apiDetailParseType": 1,
    "builtIn": true,
    "createTime": 1703364903326,
    "enable": false,
    "id": 0,
    "isActive": false,
    "key": "💕分享默认",
    "name": "💕分享默认",
    "sniff": false,
    "sort": 0,
    "tvboxUrl": "https://agit.ai/66666/mao/raw/branch/master/00/001.png",
    "updateTime": 1703408741656
  },
  {
    "api": "https://yinshi.eatuo.com/index.php/mvod/jx2?url\u003d",
    "apiDetailParseTemplate": 0,
    "apiDetailParseType": 1,
    "builtIn": true,
    "createTime": 1703364903327,
    "enable": false,
    "id": 0,
    "isActive": false,
    "key": "💋分享蓝光",
    "name": "💋分享蓝光",
    "sniff": false,
    "sort": 0,
    "tvboxUrl": "https://agit.ai/66666/mao/raw/branch/master/00/001.png",
    "updateTime": 1703408742453
  },
  {
    "api": "http://json.84jia.com/home/api?type\u003dys\u0026uid\u003d335253\u0026key\u003dacefhmqsxEMPRVYZ26\u0026url\u003d",
    "apiDetailParseTemplate": 0,
    "apiDetailParseType": 1,
    "builtIn": true,
    "createTime": 1703364903328,
    "enable": false,
    "id": 0,
    "isActive": false,
    "key": "分享智能",
    "name": "分享智能",
    "sniff": false,
    "sort": 0,
    "tvboxUrl": "https://agit.ai/66666/mao/raw/branch/master/00/001.png",
    "updateTime": 1720320118195
  },
  {
    "api": "http://119.91.123.253:2345/Api/yun.php?url\u003d",
    "apiDetailParseTemplate": 0,
    "apiDetailParseType": 1,
    "builtIn": true,
    "createTime": 1703364903329,
    "enable": false,
    "id": 0,
    "isActive": false,
    "key": "分享智能1",
    "name": "分享智能1",
    "sniff": false,
    "sort": 0,
    "tvboxUrl": "https://agit.ai/66666/mao/raw/branch/master/00/001.png",
    "updateTime": 1709391947429
  },
  {
    "api": "https://jx.shaoze.xyz/web/json?token\u003d5201340\u0026url\u003d",
    "apiDetailParseTemplate": 0,
    "apiDetailParseType": 1,
    "builtIn": true,
    "createTime": 1703364903330,
    "enable": false,
    "id": 0,
    "isActive": false,
    "key": "分享智能2",
    "name": "分享智能2",
    "sniff": false,
    "sort": 0,
    "tvboxUrl": "https://agit.ai/66666/mao/raw/branch/master/00/001.png",
    "updateTime": 1709391948787
  },
  {
    "api": "http://103.42.31.123:5821/jx/?url\u003d",
    "apiDetailParseTemplate": 0,
    "apiDetailParseType": 1,
    "builtIn": true,
    "createTime": 1703364903332,
    "enable": false,
    "id": 0,
    "isActive": false,
    "key": "分享飞魚",
    "name": "分享飞魚",
    "sniff": false,
    "sort": 0,
    "tvboxUrl": "https://agit.ai/66666/mao/raw/branch/master/00/001.png",
    "updateTime": 1709391948967
  },
  {
    "api": "http://42.157.129.144:2323/CH/caihong_1993138546.php?url\u003d",
    "apiDetailParseTemplate": 0,
    "apiDetailParseType": 1,
    "builtIn": true,
    "createTime": 1703364903333,
    "enable": false,
    "id": 0,
    "isActive": false,
    "key": "分享自动",
    "name": "分享自动",
    "sniff": false,
    "sort": 0,
    "tvboxUrl": "https://agit.ai/66666/mao/raw/branch/master/00/001.png",
    "updateTime": 1709391949639
  },
  {
    "api": "https://api.xn--od1aq39b.net/api/?key\u003dl80ttV8dvu7OXdFShJ\u0026url\u003d",
    "apiDetailParseTemplate": 0,
    "apiDetailParseType": 1,
    "builtIn": true,
    "createTime": 1703364903333,
    "enable": false,
    "id": 0,
    "isActive": false,
    "key": "分享聚合1",
    "name": "分享聚合1",
    "sniff": false,
    "sort": 0,
    "tvboxUrl": "https://agit.ai/66666/mao/raw/branch/master/00/001.png",
    "updateTime": 1709391950771
  },
  {
    "api": "https://jxjson.cf/json_balabala.php?url\u003d",
    "apiDetailParseTemplate": 0,
    "apiDetailParseType": 1,
    "builtIn": true,
    "createTime": 1703364903334,
    "enable": false,
    "id": 0,
    "isActive": false,
    "key": "分享聚合2",
    "name": "分享聚合2",
    "sniff": false,
    "sort": 0,
    "tvboxUrl": "https://agit.ai/66666/mao/raw/branch/master/00/001.png",
    "updateTime": 1709391950777
  },
  {
    "api": "http://42.51.37.161:5678/json/520239app9/gf2.php?url\u003d",
    "apiDetailParseTemplate": 0,
    "apiDetailParseType": 1,
    "builtIn": true,
    "createTime": 1703364903335,
    "enable": false,
    "id": 0,
    "isActive": false,
    "key": "分享聚合",
    "name": "分享聚合",
    "sniff": false,
    "sort": 0,
    "tvboxUrl": "https://agit.ai/66666/mao/raw/branch/master/00/001.png",
    "updateTime": 1709391955789
  },
  {
    "api": "http://jx.lem.icu/api/?key\u003d027181cefdc41cfdd2efa074f2fcf722\u0026url\u003d",
    "apiDetailParseTemplate": 0,
    "apiDetailParseType": 1,
    "builtIn": true,
    "createTime": 1703364903336,
    "enable": false,
    "id": 0,
    "isActive": false,
    "key": "分享官解",
    "name": "分享官解",
    "sniff": false,
    "sort": 0,
    "tvboxUrl": "https://agit.ai/66666/mao/raw/branch/master/00/001.png",
    "updateTime": 1709391960802
  },
  {
    "api": "http://json.84jia.com/home/api?type\u003dys\u0026uid\u003d162970\u0026key\u003dilqtBFJKOSUW016789\u0026url\u003d",
    "apiDetailParseTemplate": 0,
    "apiDetailParseType": 1,
    "builtIn": true,
    "createTime": 1703364903337,
    "enable": false,
    "id": 0,
    "isActive": false,
    "key": "分享官解2",
    "name": "分享官解2",
    "sniff": false,
    "sort": 0,
    "tvboxUrl": "https://agit.ai/66666/mao/raw/branch/master/00/001.png",
    "updateTime": 1720320118267
  },
  {
    "api": "http://json.84jia.com/home/api?type\u003dys\u0026uid\u003d4361364\u0026key\u003deghprtvxEJPRUWX039\u0026url\u003d",
    "apiDetailParseTemplate": 0,
    "apiDetailParseType": 1,
    "builtIn": true,
    "createTime": 1703364903338,
    "enable": false,
    "id": 0,
    "isActive": false,
    "key": "分享有鱼",
    "name": "分享有鱼",
    "sniff": false,
    "sort": 0,
    "tvboxUrl": "https://agit.ai/66666/mao/raw/branch/master/00/001.png",
    "updateTime": 1720320118351
  },
  {
    "api": "http://jx.lem.icu/api/?key\u003d027181cefdc41cfdd2efa074f2fcf722\u0026url\u003d",
    "apiDetailParseTemplate": 0,
    "apiDetailParseType": 1,
    "builtIn": true,
    "createTime": 1703364903339,
    "enable": false,
    "id": 0,
    "isActive": false,
    "key": "分享遇见1",
    "name": "分享遇见1",
    "sniff": false,
    "sort": 0,
    "tvboxUrl": "https://agit.ai/66666/mao/raw/branch/master/00/001.png",
    "updateTime": 1709391965666
  },
  {
    "api": "https://jxjson.cf/json.php?url\u003d",
    "apiDetailParseTemplate": 0,
    "apiDetailParseType": 1,
    "builtIn": true,
    "createTime": 1703364903340,
    "enable": false,
    "id": 0,
    "isActive": false,
    "key": "分享遇见",
    "name": "分享遇见",
    "sniff": false,
    "sort": 0,
    "tvboxUrl": "https://agit.ai/66666/mao/raw/branch/master/00/001.png",
    "updateTime": 1709392006536
  },
  {
    "api": "http://27.124.4.42:4567/jhjson/ceshi.php?url\u003d",
    "apiDetailParseTemplate": 0,
    "apiDetailParseType": 1,
    "builtIn": true,
    "createTime": 1703364903341,
    "enable": false,
    "id": 0,
    "isActive": false,
    "key": "推荐💕",
    "name": "推荐💕",
    "sniff": false,
    "sort": 0,
    "tvboxUrl": "https://agit.ai/66666/mao/raw/branch/master/00/001.png",
    "updateTime": 1709392011545
  },
  {
    "api": "https://api.tyun77.cn/api.php/provide/parseDicturl?url\u003d",
    "apiDetailParseTemplate": 0,
    "apiDetailParseType": 1,
    "builtIn": true,
    "createTime": 1703364903342,
    "enable": false,
    "id": 0,
    "isActive": false,
    "key": "分享77",
    "name": "分享77",
    "sniff": false,
    "sort": 0,
    "tvboxUrl": "https://agit.ai/66666/mao/raw/branch/master/00/001.png",
    "updateTime": 1709392011992
  },
  {
    "api": "http://json.xn--654a.cc/home/api?type\u003dys\u0026uid\u003d1323246\u0026key\u003dafghlpwxAEGLX01235\u0026url\u003d",
    "apiDetailParseTemplate": 0,
    "apiDetailParseType": 1,
    "builtIn": true,
    "createTime": 1703364903342,
    "enable": false,
    "id": 0,
    "isActive": false,
    "key": "分享自建",
    "name": "分享自建",
    "sniff": false,
    "sort": 0,
    "tvboxUrl": "https://agit.ai/66666/mao/raw/branch/master/00/001.png",
    "updateTime": 1720320123473
  },
  {
    "api": "https://bfq.cddys.me/nimasile2/API.php?url\u003d",
    "apiDetailParseTemplate": 0,
    "apiDetailParseType": 1,
    "builtIn": true,
    "createTime": 1703364903343,
    "enable": false,
    "id": 0,
    "isActive": false,
    "key": "分享小成",
    "name": "分享小成",
    "sniff": false,
    "sort": 0,
    "tvboxUrl": "https://agit.ai/66666/mao/raw/branch/master/00/001.png",
    "updateTime": 1709392056217
  },
  {
    "api": "http://110.42.2.247:880/analysis/json/?uid\u003d2449\u0026my\u003dacfgikquvzFGJRW459\u0026url\u003d",
    "apiDetailParseTemplate": 0,
    "apiDetailParseType": 1,
    "builtIn": true,
    "createTime": 1703364903344,
    "enable": false,
    "id": 0,
    "isActive": false,
    "key": "★左岸★",
    "name": "★左岸★",
    "sniff": false,
    "sort": 0,
    "tvboxUrl": "https://agit.ai/66666/mao/raw/branch/master/00/001.png",
    "updateTime": 1709392056345
  },
  {
    "api": "https://daina.hk/api/?key\u003de1e84ecae847b6e4a1a27fd4611f45f5\u0026url\u003d",
    "apiDetailParseTemplate": 0,
    "apiDetailParseType": 1,
    "builtIn": true,
    "createTime": 1703364929434,
    "enable": false,
    "id": 0,
    "isActive": false,
    "key": "飞云🌾",
    "name": "飞云🌾",
    "sniff": false,
    "sort": 0,
    "tvboxUrl": "http://xhww.fun:63/小米/DEMO.json",
    "updateTime": 1713284249629
  },
  {
    "api": "https://m.jialiangos.com/jx/?url\u003d",
    "apiDetailParseTemplate": 0,
    "apiDetailParseType": 1,
    "builtIn": true,
    "createTime": 1703364929435,
    "enable": false,
    "id": 0,
    "isActive": false,
    "key": "亮亮🌾",
    "name": "亮亮🌾",
    "sniff": false,
    "sort": 0,
    "tvboxUrl": "http://xhww.fun:63/小米/DEMO.json",
    "updateTime": 1713284250028
  },
  {
    "api": "http://zn.ghlyys.com/znjsonapi.php.php?url\u003d",
    "apiDetailParseTemplate": 0,
    "apiDetailParseType": 1,
    "builtIn": true,
    "createTime": 1703364929436,
    "enable": false,
    "id": 0,
    "isActive": false,
    "key": "赞赞🌾",
    "name": "赞赞🌾",
    "sniff": false,
    "sort": 0,
    "tvboxUrl": "http://xhww.fun:63/小米/DEMO.json",
    "updateTime": 1713284254240
  },
  {
    "api": "http://110.42.2.247:880/analysis/json/?uid\u003d2500\u0026my\u003dabejnoqyFGMN023789\u0026format\u003djson\u0026url\u003d",
    "apiDetailParseTemplate": 0,
    "apiDetailParseType": 1,
    "builtIn": true,
    "createTime": 1703364929437,
    "enable": false,
    "id": 0,
    "isActive": false,
    "key": "左岸🌾",
    "name": "左岸🌾",
    "sniff": false,
    "sort": 0,
    "tvboxUrl": "http://xhww.fun:63/小米/DEMO.json",
    "updateTime": 1713284254317
  },
  {
    "api": "https://api.json.icu/api/?key\u003db1f3b1a9e1c0a42ae969db10bd315a95\u0026url\u003d",
    "apiDetailParseTemplate": 0,
    "apiDetailParseType": 1,
    "builtIn": true,
    "createTime": 1703364929437,
    "enable": false,
    "id": 0,
    "isActive": false,
    "key": "米饭🌾",
    "name": "米饭🌾",
    "sniff": false,
    "sort": 0,
    "tvboxUrl": "http://xhww.fun:63/小米/DEMO.json",
    "updateTime": 1713284254501
  },
  {
    "api": "http://api.888484.xyz/神秘哥哥/super.php?v\u003d",
    "apiDetailParseTemplate": 0,
    "apiDetailParseType": 1,
    "builtIn": true,
    "createTime": 1703420574948,
    "enable": false,
    "id": 0,
    "isActive": false,
    "key": "神秘的哥哥们",
    "name": "神秘的哥哥们",
    "sniff": false,
    "sort": 0,
    "tvboxUrl": "http://饭太硬.top/tv",
    "updateTime": 1713284254595
  }
]