{
  "wbg.video.hot.word.anime": "[\"间谍过家家 代号：白\",\"鬼灭之刃 柱训练篇\",\"你想活出怎样的人生\",\"迷宫饭\",\"怪兽8号\",\"排球少年！！垃圾场决战\",\"哈尔的移动城堡\",\"一起来睡觉\",\"少女乐队的呐喊\",\"葬送的芙莉莲\",\"不时用俄语小声说真心话的邻桌艾莉同学\",\"窗边的小豆豆\",\"间谍过家家 第二季\",\"蓦然回首\",\"机动战士高达SEED FREEDOM\",\"失忆投捕\",\"北极百货店的接待员\",\"无职转生Ⅱ 到了异世界就拿出真本事 Part 2\",\"吹响悠风号3\",\"哆啦A梦：大雄的地球交响乐\"]",
  "wbg.video.hot.word.tv": "[\"唐朝诡事录之西行\",\"错位\",\"凶杀重案实录：纽约\",\"败北女角太多了！\",\"长相思 第二季\",\"你比星光美丽\",\"度华年\",\"执行法官\",\"向阳之处必有声\",\"我们的秘密\",\"黑袍纠察队 第四季\",\"唐朝诡事录\",\"玫瑰的故事\",\"喜人奇妙夜\",\"少年白马醉春风\",\"墨雨云间\",\"天行健\",\"我的阿勒泰\",\"庆余年 第二季\",\"鬼灭之刃 柱训练篇\"]",
  "wbg.video.first.open": false,
  "wbg.video.browse.traceless": false,
  "wbg.video.user.agent": "Mozilla/5.0 (Windows NT 10.0; WOW64) AppleWebKit/537.36 (KHTML, like Gecko) Chrome/49.0.2623.87 Safari/537.36 OPR/36.0.2130.46",
  "wbg.video.auto.subscribe": false,
  "wbg.video.search.mode": false,
  "wbg.video.hot.word.movie": "[\"抓娃娃\",\"落凡尘\",\"龙卷风\",\"默杀\",\"神偷奶爸4\",\"头脑特工队2\",\"传说\",\"喜羊羊与灰太狼之守护\",\"二郎神之深海蛟龙\",\"云边有个小卖部\",\"寂静之地：入侵日\",\"你的名字。\"]",
  "wbg.video.announcement": "2024-07-21",
  "wsg.video.app.version": "0.1.28",
  "wbg.video.hot.word.variety": "[\"信用中国\",\"五十公里桃花坞第四季\",\"焕新环游传\",\"经典传奇\",\"传奇故事\",\"养生堂\",\"第三调解室\",\"新老娘舅\",\"欢乐集结号\",\"幸福来敲门\",\"名医话养生\",\"社会传真\",\"味道掌门\",\"天天七点综\",\"疯狂食验室\",\"爆梗脱口秀\",\"势均力敌的我们\",\"喜人奇妙夜\"]",
  "wbg.search.history.keyword": "[\"抓娃娃\",\"罗伯·施奈德\",\"小姐好辣\",\"小姐可辣\",\"纪录片\",\"游戏王\",\"阿黛拉\",\"烟火人家\",\"死期将至\",\"叶子楣\",\"安河桥\",\"瞬息\",\"陆小凤传奇\",\"杨思敏\",\"西游记\"]"
}