[
  {
    "createTime": 1703364846917,
    "enable": true,
    "id": 0,
    "localSpiderPath": "/storage/emulated/0/Android/data/com.wbg.video/files/TvBox/E28DE43DF7B489F1707F5DF0FB9098E2.jar",
    "remoteSpiderUrl": "https://agit.ai/Yoursmile7/TVBox/raw/branch/master/Yoursmile.jar",
    "updateTime": 1703364848312,
    "url": "https://agit.ai/Yoursmile7/TVBox/raw/branch/master/XC.json"
  },
  {
    "createTime": 1703364849384,
    "enable": true,
    "id": 0,
    "localSpiderPath": "/storage/emulated/0/Android/data/com.wbg.video/files/TvBox/2C4FD7D8A83A06DC7F7DCC4C57E1FBDA.jar",
    "remoteSpiderUrl": "https://jihulab.com/yingshiche/tvbox/-/raw/main/YSC.jar",
    "updateTime": 1703364850256,
    "url": "http://svip.weixine.net:88/uploads/itvbox/svip.json"
  },
  {
    "createTime": 1703364850982,
    "enable": true,
    "id": 0,
    "localSpiderPath": "/storage/emulated/0/Android/data/com.wbg.video/files/TvBox/870BA7E6634EBB3C1C5E93ABFA0E59A4.jar",
    "remoteSpiderUrl": "http://tt.58cxz.com/video/jar/fm0803.jar",
    "updateTime": 1703364860000,
    "url": "https://mirror.ghproxy.com/https://raw.githubusercontent.com/pdscxz/TV/main/video/tv4k.json"
  },
  {
    "createTime": 1703364865638,
    "enable": true,
    "id": 0,
    "localSpiderPath": "/storage/emulated/0/Android/data/com.wbg.video/files/TvBox/46D817962993768BF291CCE17CE7C4AF.jar",
    "remoteSpiderUrl": "https://jihulab.com/0004/0/-/raw/main/0.txt?ref_type\u003dheads",
    "updateTime": 1703364866409,
    "url": "https://agit.ai/66666/mao/raw/branch/master/00/001.png"
  },
  {
    "createTime": 1703364917482,
    "enable": true,
    "id": 0,
    "localSpiderPath": "/storage/emulated/0/Android/data/com.wbg.video/files/TvBox/D79AB8378E8BD525FCA3DB4B326485FD.jar",
    "remoteSpiderUrl": "https://files.zohopublic.com.cn/public/workdrive-public/download/uyv0t678c488189af47bb91dc108484d17431",
    "updateTime": 1703364919491,
    "url": "http://xhww.fun:63/小米/DEMO.json"
  },
  {
    "createTime": 1703420573051,
    "enable": true,
    "id": 0,
    "localSpiderPath": "/storage/emulated/0/Android/data/com.wbg.video/files/TvBox/D79AB8378E8BD525FCA3DB4B326485FD.jar",
    "remoteSpiderUrl": "https://files.zohopublic.com.cn/public/workdrive-public/download/uyv0t678c488189af47bb91dc108484d17431",
    "updateTime": 1703420574899,
    "url": "http://饭太硬.top/tv"
  }
]