[
  {
    "createTime": 1711599567825,
    "enable": true,
    "hide": false,
    "id": 1,
    "name": "央视",
    "sort": 50,
    "subUrl": "https://agit.ai/Yoursmile7/TVBox/raw/branch/master/XC.json",
    "updateTime": 1711599567825
  },
  {
    "createTime": 1711599567891,
    "enable": true,
    "hide": false,
    "id": 2,
    "name": "卫视",
    "sort": 50,
    "subUrl": "https://agit.ai/Yoursmile7/TVBox/raw/branch/master/XC.json",
    "updateTime": 1711599567891
  },
  {
    "createTime": 1711599567949,
    "enable": true,
    "hide": false,
    "id": 3,
    "name": "少儿频道",
    "sort": 50,
    "subUrl": "https://agit.ai/Yoursmile7/TVBox/raw/branch/master/XC.json",
    "updateTime": 1711599567949
  },
  {
    "createTime": 1711599567956,
    "enable": true,
    "hide": false,
    "id": 4,
    "name": "影视",
    "sort": 50,
    "subUrl": "https://agit.ai/Yoursmile7/TVBox/raw/branch/master/XC.json",
    "updateTime": 1711599567956
  },
  {
    "createTime": 1711599567987,
    "enable": true,
    "hide": false,
    "id": 5,
    "name": "体育频道",
    "sort": 50,
    "subUrl": "https://agit.ai/Yoursmile7/TVBox/raw/branch/master/XC.json",
    "updateTime": 1711599567987
  },
  {
    "createTime": 1711599567988,
    "enable": true,
    "hide": false,
    "id": 6,
    "name": "斗鱼",
    "sort": 50,
    "subUrl": "https://agit.ai/Yoursmile7/TVBox/raw/branch/master/XC.json",
    "updateTime": 1711599567988
  },
  {
    "createTime": 1711599568054,
    "enable": true,
    "hide": false,
    "id": 7,
    "name": "浙江综合",
    "sort": 50,
    "subUrl": "https://agit.ai/Yoursmile7/TVBox/raw/branch/master/XC.json",
    "updateTime": 1711599568054
  },
  {
    "createTime": 1711599568071,
    "enable": true,
    "hide": false,
    "id": 8,
    "name": "江苏综合",
    "sort": 50,
    "subUrl": "https://agit.ai/Yoursmile7/TVBox/raw/branch/master/XC.json",
    "updateTime": 1711599568071
  },
  {
    "createTime": 1711599568082,
    "enable": true,
    "hide": false,
    "id": 9,
    "name": "山东综合",
    "sort": 50,
    "subUrl": "https://agit.ai/Yoursmile7/TVBox/raw/branch/master/XC.json",
    "updateTime": 1711599568082
  },
  {
    "createTime": 1711599568093,
    "enable": true,
    "hide": false,
    "id": 10,
    "name": "四川综合",
    "sort": 50,
    "subUrl": "https://agit.ai/Yoursmile7/TVBox/raw/branch/master/XC.json",
    "updateTime": 1711599568093
  },
  {
    "createTime": 1711599568105,
    "enable": true,
    "hide": false,
    "id": 11,
    "name": "安徽综合",
    "sort": 50,
    "subUrl": "https://agit.ai/Yoursmile7/TVBox/raw/branch/master/XC.json",
    "updateTime": 1711599568105
  },
  {
    "createTime": 1711599568109,
    "enable": true,
    "hide": false,
    "id": 12,
    "name": "河南综合",
    "sort": 50,
    "subUrl": "https://agit.ai/Yoursmile7/TVBox/raw/branch/master/XC.json",
    "updateTime": 1711599568109
  },
  {
    "createTime": 1711599568113,
    "enable": true,
    "hide": false,
    "id": 13,
    "name": "河北综合",
    "sort": 50,
    "subUrl": "https://agit.ai/Yoursmile7/TVBox/raw/branch/master/XC.json",
    "updateTime": 1711599568113
  },
  {
    "createTime": 1711599568119,
    "enable": true,
    "hide": false,
    "id": 14,
    "name": "广西综合",
    "sort": 50,
    "subUrl": "https://agit.ai/Yoursmile7/TVBox/raw/branch/master/XC.json",
    "updateTime": 1711599568119
  },
  {
    "createTime": 1711599568122,
    "enable": true,
    "hide": false,
    "id": 15,
    "name": "数字",
    "sort": 50,
    "subUrl": "https://agit.ai/Yoursmile7/TVBox/raw/branch/master/XC.json",
    "updateTime": 1711599568122
  },
  {
    "createTime": 1711599568224,
    "enable": true,
    "hide": false,
    "id": 16,
    "name": "纪录片频道",
    "sort": 50,
    "subUrl": "https://agit.ai/Yoursmile7/TVBox/raw/branch/master/XC.json",
    "updateTime": 1711599568224
  },
  {
    "createTime": 1711599568610,
    "enable": true,
    "hide": false,
    "id": 17,
    "name": "直播中国",
    "sort": 50,
    "subUrl": "https://agit.ai/Yoursmile7/TVBox/raw/branch/master/XC.json",
    "updateTime": 1711599568610
  },
  {
    "createTime": 1711599568757,
    "enable": true,
    "hide": false,
    "id": 18,
    "name": "歌星金曲",
    "sort": 50,
    "subUrl": "https://agit.ai/Yoursmile7/TVBox/raw/branch/master/XC.json",
    "updateTime": 1711599568757
  },
  {
    "createTime": 1711599568951,
    "enable": true,
    "hide": false,
    "id": 19,
    "name": "DJ音乐",
    "sort": 50,
    "subUrl": "https://agit.ai/Yoursmile7/TVBox/raw/branch/master/XC.json",
    "updateTime": 1711599568951
  },
  {
    "createTime": 1711599569150,
    "enable": true,
    "hide": false,
    "id": 20,
    "name": "央视卫视IPV6",
    "sort": 50,
    "subUrl": "https://agit.ai/Yoursmile7/TVBox/raw/branch/master/XC.json",
    "updateTime": 1711599569150
  },
  {
    "createTime": 1711599569310,
    "enable": true,
    "hide": false,
    "id": 21,
    "name": "央视IPV6",
    "sort": 50,
    "subUrl": "https://agit.ai/Yoursmile7/TVBox/raw/branch/master/XC.json",
    "updateTime": 1711599569310
  },
  {
    "createTime": 1711599569362,
    "enable": true,
    "hide": false,
    "id": 22,
    "name": "卫视IPV6",
    "sort": 50,
    "subUrl": "https://agit.ai/Yoursmile7/TVBox/raw/branch/master/XC.json",
    "updateTime": 1711599569362
  },
  {
    "createTime": 1712228633056,
    "enable": true,
    "hide": false,
    "id": 24,
    "name": "卫视频道",
    "sort": 50,
    "subUrl": "http://饭太硬.top/tv",
    "updateTime": 1712228633056
  },
  {
    "createTime": 1712228633257,
    "enable": true,
    "hide": false,
    "id": 25,
    "name": "其他频道",
    "sort": 50,
    "subUrl": "http://饭太硬.top/tv",
    "updateTime": 1712228633257
  },
  {
    "createTime": 1713619296575,
    "enable": true,
    "hide": false,
    "id": 26,
    "name": "央视频道",
    "sort": 50,
    "subUrl": "http://xhww.fun:63/小米/DEMO.json",
    "updateTime": 1713619296575
  },
  {
    "createTime": 1713619296742,
    "enable": true,
    "hide": false,
    "id": 27,
    "name": "数字频道",
    "sort": 50,
    "subUrl": "http://xhww.fun:63/小米/DEMO.json",
    "updateTime": 1713619296742
  },
  {
    "createTime": 1713619368644,
    "enable": true,
    "hide": false,
    "id": 35,
    "name": "🚛卫视频道",
    "sort": 50,
    "subUrl": "https://weixine.net/ysc.json",
    "updateTime": 1713619368644
  },
  {
    "createTime": 1713619368734,
    "enable": true,
    "hide": false,
    "id": 36,
    "name": "🚛港  澳  台",
    "sort": 50,
    "subUrl": "https://weixine.net/ysc.json",
    "updateTime": 1713619368734
  },
  {
    "createTime": 1713619368835,
    "enable": true,
    "hide": false,
    "id": 37,
    "name": "🚛国际频道",
    "sort": 50,
    "subUrl": "https://weixine.net/ysc.json",
    "updateTime": 1713619368835
  },
  {
    "createTime": 1713619368947,
    "enable": true,
    "hide": false,
    "id": 38,
    "name": "🚛体育赛事",
    "sort": 50,
    "subUrl": "https://weixine.net/ysc.json",
    "updateTime": 1713619368947
  },
  {
    "createTime": 1713619368978,
    "enable": true,
    "hide": false,
    "id": 39,
    "name": "🚛少儿频道",
    "sort": 50,
    "subUrl": "https://weixine.net/ysc.json",
    "updateTime": 1713619368978
  },
  {
    "createTime": 1713619369031,
    "enable": true,
    "hide": false,
    "id": 40,
    "name": "🚛最新电影",
    "sort": 50,
    "subUrl": "https://weixine.net/ysc.json",
    "updateTime": 1713619369031
  },
  {
    "createTime": 1713619369049,
    "enable": true,
    "hide": false,
    "id": 41,
    "name": "🚛春晚小品",
    "sort": 50,
    "subUrl": "https://weixine.net/ysc.json",
    "updateTime": 1713619369049
  },
  {
    "createTime": 1713619369157,
    "enable": true,
    "hide": false,
    "id": 42,
    "name": "🚛D J 歌 曲",
    "sort": 50,
    "subUrl": "https://weixine.net/ysc.json",
    "updateTime": 1713619369157
  },
  {
    "createTime": 1713619369517,
    "enable": true,
    "hide": false,
    "id": 43,
    "name": "🚛狂       飙 ",
    "sort": 50,
    "subUrl": "https://weixine.net/ysc.json",
    "updateTime": 1713619369517
  },
  {
    "createTime": 1713619369562,
    "enable": true,
    "hide": false,
    "id": 44,
    "name": "🚛雪中悍刀行",
    "sort": 50,
    "subUrl": "https://weixine.net/ysc.json",
    "updateTime": 1713619369562
  },
  {
    "createTime": 1713619369607,
    "enable": true,
    "hide": false,
    "id": 45,
    "name": "🚛产科医生",
    "sort": 50,
    "subUrl": "https://weixine.net/ysc.json",
    "updateTime": 1713619369607
  },
  {
    "createTime": 1713619369662,
    "enable": true,
    "hide": false,
    "id": 46,
    "name": "🚛神雕英雄传",
    "sort": 50,
    "subUrl": "https://weixine.net/ysc.json",
    "updateTime": 1713619369662
  },
  {
    "createTime": 1713619369728,
    "enable": true,
    "hide": false,
    "id": 47,
    "name": "🚛铁齿铜牙纪晓岚",
    "sort": 50,
    "subUrl": "https://weixine.net/ysc.json",
    "updateTime": 1713619369728
  },
  {
    "createTime": 1713619369779,
    "enable": true,
    "hide": false,
    "id": 48,
    "name": "🚛尘封十三载",
    "sort": 50,
    "subUrl": "https://weixine.net/ysc.json",
    "updateTime": 1713619369779
  },
  {
    "createTime": 1713619369809,
    "enable": true,
    "hide": false,
    "id": 49,
    "name": "🚛赤焰锦衣卫",
    "sort": 50,
    "subUrl": "https://weixine.net/ysc.json",
    "updateTime": 1713619369809
  },
  {
    "createTime": 1713619369835,
    "enable": true,
    "hide": false,
    "id": 50,
    "name": "🚛浙江综合",
    "sort": 50,
    "subUrl": "https://weixine.net/ysc.json",
    "updateTime": 1713619369835
  },
  {
    "createTime": 1713619369867,
    "enable": true,
    "hide": false,
    "id": 51,
    "name": "🚛江苏综合",
    "sort": 50,
    "subUrl": "https://weixine.net/ysc.json",
    "updateTime": 1713619369867
  },
  {
    "createTime": 1713619369897,
    "enable": true,
    "hide": false,
    "id": 52,
    "name": "🚛山东综合",
    "sort": 50,
    "subUrl": "https://weixine.net/ysc.json",
    "updateTime": 1713619369897
  },
  {
    "createTime": 1713619369906,
    "enable": true,
    "hide": false,
    "id": 53,
    "name": "🚛湖南综合",
    "sort": 50,
    "subUrl": "https://weixine.net/ysc.json",
    "updateTime": 1713619369906
  },
  {
    "createTime": 1713619369911,
    "enable": true,
    "hide": false,
    "id": 54,
    "name": "🚛四川综合",
    "sort": 50,
    "subUrl": "https://weixine.net/ysc.json",
    "updateTime": 1713619369911
  },
  {
    "createTime": 1713619369945,
    "enable": true,
    "hide": false,
    "id": 55,
    "name": "🚛安徽综合",
    "sort": 50,
    "subUrl": "https://weixine.net/ysc.json",
    "updateTime": 1713619369945
  },
  {
    "createTime": 1713619369953,
    "enable": true,
    "hide": false,
    "id": 56,
    "name": "🚛河南综合",
    "sort": 50,
    "subUrl": "https://weixine.net/ysc.json",
    "updateTime": 1713619369953
  },
  {
    "createTime": 1713619369958,
    "enable": true,
    "hide": false,
    "id": 57,
    "name": "🚛福建综合",
    "sort": 50,
    "subUrl": "https://weixine.net/ysc.json",
    "updateTime": 1713619369958
  },
  {
    "createTime": 1713619369977,
    "enable": true,
    "hide": false,
    "id": 59,
    "name": "🚛湖北综合",
    "sort": 50,
    "subUrl": "https://weixine.net/ysc.json",
    "updateTime": 1713619369977
  },
  {
    "createTime": 1713619369981,
    "enable": true,
    "hide": false,
    "id": 60,
    "name": "🚛广西综合",
    "sort": 50,
    "subUrl": "https://weixine.net/ysc.json",
    "updateTime": 1713619369981
  },
  {
    "createTime": 1713619369989,
    "enable": true,
    "hide": false,
    "id": 61,
    "name": "🚛数字剧场",
    "sort": 50,
    "subUrl": "https://weixine.net/ysc.json",
    "updateTime": 1713619369989
  },
  {
    "createTime": 1713619370043,
    "enable": true,
    "hide": false,
    "id": 62,
    "name": "🚛纪录片频道",
    "sort": 50,
    "subUrl": "https://weixine.net/ysc.json",
    "updateTime": 1713619370043
  },
  {
    "createTime": 1713619370144,
    "enable": true,
    "hide": false,
    "id": 63,
    "name": "🚛直播中国",
    "sort": 50,
    "subUrl": "https://weixine.net/ysc.json",
    "updateTime": 1713619370144
  },
  {
    "createTime": 1713619370400,
    "enable": true,
    "hide": false,
    "id": 64,
    "name": "🚛歌星金曲",
    "sort": 50,
    "subUrl": "https://weixine.net/ysc.json",
    "updateTime": 1713619370400
  },
  {
    "createTime": 1713619370435,
    "enable": true,
    "hide": false,
    "id": 65,
    "name": "🚛D J 音乐",
    "sort": 50,
    "subUrl": "https://weixine.net/ysc.json",
    "updateTime": 1713619370435
  },
  {
    "createTime": 1713619370578,
    "enable": true,
    "hide": false,
    "id": 80,
    "name": "🚛轮播埋堆",
    "sort": 50,
    "subUrl": "https://weixine.net/ysc.json",
    "updateTime": 1713619370578
  },
  {
    "createTime": 1713619370632,
    "enable": true,
    "hide": false,
    "id": 81,
    "name": "🚛轮播斗鱼",
    "sort": 50,
    "subUrl": "https://weixine.net/ysc.json",
    "updateTime": 1713619370632
  },
  {
    "createTime": 1713619370880,
    "enable": true,
    "hide": false,
    "id": 82,
    "name": "🚛轮播虎牙",
    "sort": 50,
    "subUrl": "https://weixine.net/ysc.json",
    "updateTime": 1713619370880
  },
  {
    "createTime": 1713619371068,
    "enable": true,
    "hide": false,
    "id": 83,
    "name": "🚛YY·轮播",
    "sort": 50,
    "subUrl": "https://weixine.net/ysc.json",
    "updateTime": 1713619371068
  },
  {
    "createTime": 1713619372113,
    "enable": true,
    "hide": false,
    "id": 84,
    "name": "🚛哔哩轮播",
    "sort": 50,
    "subUrl": "https://weixine.net/ysc.json",
    "updateTime": 1713619372113
  }
]