[
  {
    "createTime": 1711599567236,
    "enable": true,
    "epg": "http://diyp.112114.xyz/?ch\u003d{name}\u0026date\u003d{date}",
    "id": 1,
    "logo": "https://epg.112114.xyz/logo/{name}.png",
    "playerType": 0,
    "sort": 50,
    "subLiveUrl": "https://agit.ai/Yoursmile7/TVBox/raw/branch/master/live.txt",
    "subLiveUrlName": "live",
    "subTvboxUrl": "https://agit.ai/Yoursmile7/TVBox/raw/branch/master/XC.json",
    "type": 0,
    "ua": "okhttp/3.15",
    "updateTime": 1711599567236
  },
  {
    "createTime": 1712228631109,
    "enable": true,
    "id": 2,
    "playerType": 0,
    "sort": 50,
    "subLiveUrl": "https://mirror.ghproxy.com/raw.githubusercontent.com/ssili126/tv/main/itvlist.txt",
    "subLiveUrlName": "多线ITV",
    "subTvboxUrl": "http://饭太硬.top/tv",
    "type": 0,
    "updateTime": 1712228631109
  },
  {
    "createTime": 1713619292010,
    "enable": true,
    "id": 3,
    "playerType": 0,
    "sort": 50,
    "subLiveUrl": "https://live.fanmingming.com/tv/m3u/ipv6.m3u",
    "subLiveUrlName": "IPV6",
    "subTvboxUrl": "http://xhww.fun:63/小米/DEMO.json",
    "type": 0,
    "updateTime": 1713619296945
  },
  {
    "createTime": 1713619292010,
    "enable": true,
    "id": 4,
    "playerType": 0,
    "sort": 50,
    "subLiveUrl": "https://xhdwc.tk/xiutan.m3u",
    "subLiveUrlName": "XIUTAN",
    "subTvboxUrl": "http://xhww.fun:63/小米/DEMO.json",
    "type": 0,
    "ua": "Mozilla/5.0 (Windows NT 10.0; Win64; x64) AppleWebKit/537.36 (KHTML, like Gecko) Chrome/120.0.0.0 Safari/537.36 Edg/120.0.0.0",
    "updateTime": 1713619294206
  },
  {
    "createTime": 1713619367099,
    "enable": true,
    "epg": "http://epg.112114.xyz/?ch\u003d{name}\u0026date\u003d{date}",
    "id": 5,
    "logo": "https://epg.112114.xyz/logo/{name}.png",
    "playerType": 0,
    "sort": 50,
    "subLiveUrl": "https://weixine.net/tv/ysclive.txt",
    "subLiveUrlName": "live",
    "subTvboxUrl": "https://weixine.net/ysc.json",
    "type": 0,
    "updateTime": 1713619367099
  }
]