{
  "wbg.video.hot.word.tv": "[\"玫瑰的故事\",\"墨雨云间\",\"自由大放送：真实监狱实验\",\"看不见影子的少年\",\"庆余年 第二季\",\"狐妖小红娘·月红篇\",\"我的阿勒泰\",\"职业替身\",\"背着善宰跑\",\"天行健\",\"黑社会的我成为了高中生\",\"庆余年 第一季\",\"9号秘事 第九季\",\"驯鹿宝贝\",\"新生\",\"毕业\",\"人生复本 第一季\",\"鬼灭之刃 柱训练篇\",\"怪兽8号\",\"快乐老友记 第二季\"]",
  "wbg.video.hot.word.anime": "[\"你想活出怎样的人生\",\"间谍过家家 代号：白\",\"葬送的芙莉莲\",\"一起来睡觉\",\"哈尔的移动城堡\",\"鬼灭之刃 柱训练篇\",\"憧憬成为魔法少女\",\"迷宫饭\",\"怪兽8号\",\"间谍过家家 第二季\",\"药屋少女的呢喃\",\"我独自升级\",\"灌篮高手\",\"少女乐队的呐喊\",\"名侦探柯南：黑铁的鱼影\",\"明明是个碍事配角、却被王子给宠爱了\",\"物理魔法使马修 神觉者候补选拔试验篇\",\"哆啦A梦：大雄的地球交响乐\",\"名侦探柯南：百万美元的五棱星\",\"间谍过家家 第一季\"]",
  "wbg.video.first.open": false,
  "wbg.video.browse.traceless": false,
  "wbg.video.user.agent": "Mozilla/5.0 (Windows NT 10.0; WOW64) AppleWebKit/537.36 (KHTML, like Gecko) Chrome/74.0.3729.131 Safari/537.36",
  "wbg.video.auto.subscribe": false,
  "wbg.video.search.mode": false,
  "wbg.video.hot.word.movie": "[\"美国内战\",\"同名同姓\",\"市子\",\"我们一起摇太阳\",\"末路狂花钱\",\"草木人间\",\"职业杀手\",\"哆啦A梦：大雄的地球交响乐\",\"特技狂人\",\"盟军敢死队\",\"母亲的直觉\",\"凶兆前传\",\"窗边的小豆豆\",\"异星战境\",\"挑战者\",\"老狐狸\",\"北极百货店的接待员\",\"猩球崛起：新世界\",\"对你的想象\",\"错过你的那些年\"]",
  "wbg.video.announcement": "2024-06-11",
  "wsg.video.app.version": "0.1.28",
  "wbg.video.hot.word.variety": "[\"信用中国\",\"势均力敌的我们\",\"养生堂\",\"传奇故事\",\"新老娘舅\",\"第三调解室\",\"x诊所\",\"毛雪汪\",\"人气美食\",\"欢乐集结号\",\"健康大问诊\",\"名医话养生\",\"笑动剧场\",\"社会传真\",\"天天七点综\",\"男生女生向前冲第十四季\",\"梨园春天天看\",\"哈哈哈哈哈第四季\"]",
  "wbg.search.history.keyword": "[\"成何体统\",\"傻王夺嫡开局就藩西凉\",\"生日快乐之 无限循环\",\"传奇人生网剧\",\"传奇人生短剧\",\"超时空交换人生\",\"我在古代富甲一方\",\"绝对倾心\",\"绝对倾心1\",\"回到古代当帝师\",\"回到古代当倒爷\",\"潜行\",\"人间狩猎\",\"重返20岁\",\"1987今夜不眠\"]"
}