[
  {
    "createTime": 1711599536085,
    "enable": true,
    "id": 0,
    "localSpiderPath": "/storage/emulated/0/Android/data/com.wbg.video/files/TvBox/046305DEBAE447482EF0F4C1E477BE6D.jar",
    "remoteSpiderUrl": "https://gitee.com/tvbox_2_0/ziji/raw/master/spider.jar",
    "updateTime": 1718116600736,
    "url": "https://gitee.com/tvbox_2_0/ziji/raw/master/ziji.json"
  },
  {
    "createTime": 1711599559773,
    "enable": true,
    "id": 0,
    "localSpiderPath": "/storage/emulated/0/Android/data/com.wbg.video/files/TvBox/E28DE43DF7B489F1707F5DF0FB9098E2.jar",
    "remoteSpiderUrl": "https://agit.ai/Yoursmile7/TVBox/raw/branch/master/Yoursmile.jar",
    "updateTime": 1711599567173,
    "url": "https://agit.ai/Yoursmile7/TVBox/raw/branch/master/XC.json"
  },
  {
    "createTime": 1712228621236,
    "enable": true,
    "id": 0,
    "localSpiderPath": "/storage/emulated/0/Android/data/com.wbg.video/files/TvBox/870BA7E6634EBB3C1C5E93ABFA0E59A4.jar",
    "remoteSpiderUrl": "http://tt.58cxz.com/video/jar/fm0803.jar",
    "updateTime": 1712228624153,
    "url": "https://mirror.ghproxy.com/https://raw.githubusercontent.com/pdscxz/TV/main/video/tv4k.json"
  },
  {
    "createTime": 1713619244239,
    "enable": true,
    "id": 0,
    "localSpiderPath": "/storage/emulated/0/Android/data/com.wbg.video/files/TvBox/58FB43365CF306AFB48567F12BDFB721.jar",
    "remoteSpiderUrl": "http://cdn.qiaoji8.com/fix140412.jar",
    "updateTime": 1713619245201,
    "url": "http://pandown.pro/tvbox/tvbox.json"
  },
  {
    "createTime": 1713619355043,
    "enable": true,
    "id": 0,
    "localSpiderPath": "/storage/emulated/0/Android/data/com.wbg.video/files/TvBox/5E77B6E4B5FEE9F90D77B63893F99B23.jar",
    "remoteSpiderUrl": "https://weixine.net/YSC.jar",
    "updateTime": 1713619359624,
    "url": "https://weixine.net/ysc.json"
  },
  {
    "createTime": 1714403190248,
    "enable": true,
    "id": 0,
    "localSpiderPath": "/storage/emulated/0/Android/data/com.wbg.video/files/TvBox/FFEF71F4613583433A7EF5BC596E002D.jar",
    "remoteSpiderUrl": "https://mirror.ghproxy.com/raw.githubusercontent.com/gaotianliuyun/gao/master/jar/XYQ.jar",
    "updateTime": 1714403194927,
    "url": "https://mirror.ghproxy.com/raw.githubusercontent.com/gaotianliuyun/gao/master/XYQ.json"
  },
  {
    "createTime": 1714403198446,
    "enable": true,
    "id": 0,
    "localSpiderPath": "/storage/emulated/0/Android/data/com.wbg.video/files/TvBox/439416BE801D81D3D4A674DF8E229318.jar",
    "remoteSpiderUrl": "https://mirror.ghproxy.com/raw.githubusercontent.com/gaotianliuyun/gao/master/jar/custom_spider.jar",
    "updateTime": 1714403204952,
    "url": "https://mirror.ghproxy.com/raw.githubusercontent.com/gaotianliuyun/gao/master/0827.json"
  }
]