{
  "wbg.video.ad.end.date": "2024-06-01",
  "wbg.video.hot.word.tv": "[\"玫瑰的故事\",\"墨雨云间\",\"唯一宝贝\",\"海洋之恋\",\"鹿角男孩 第三季\",\"看不见影子的少年\",\"庆余年 第二季\",\"我的阿勒泰\",\"狐妖小红娘·月红篇\",\"职业替身\",\"背着善宰跑\",\"时光正好\",\"天行健\",\"黑社会的我成为了高中生\",\"怦然心动20岁 第四季\",\"9号秘事 第九季\",\"庆余年 第一季\",\"人生复本 第一季\",\"新生\",\"驯鹿宝贝\"]",
  "wbg.video.hot.word.anime": "[\"你想活出怎样的人生\",\"间谍过家家 代号：白\",\"葬送的芙莉莲\",\"一起来睡觉\",\"哈尔的移动城堡\",\"鬼灭之刃 柱训练篇\",\"憧憬成为魔法少女\",\"迷宫饭\",\"怪兽8号\",\"间谍过家家 第二季\",\"药屋少女的呢喃\",\"我独自升级\",\"灌篮高手\",\"少女乐队的呐喊\",\"名侦探柯南：黑铁的鱼影\",\"明明是个碍事配角、却被王子给宠爱了\",\"物理魔法使马修 神觉者候补选拔试验篇\",\"哆啦A梦：大雄的地球交响乐\",\"名侦探柯南：百万美元的五棱星\",\"间谍过家家 第一季\"]",
  "wbg.video.first.open": false,
  "wbg.video.menu.bottom.square": true,
  "wbg.video.browse.traceless": false,
  "wbg.video.user.agent": "Mozilla/5.0 (Windows NT 6.3; Win64; x64) AppleWebKit/537.36 (KHTML, like Gecko) Chrome/72.0.3626.121 Safari/537.36",
  "wbg.video.menu.bottom.live": true,
  "wbg.video.found.key": "天天弹幕",
  "wbg.video.theme.mode": 0,
  "wbg.video.auto.subscribe": false,
  "wbg.video.search.mode": false,
  "wbg.video.hot.word.movie": "[\"美国内战\",\"末路狂花钱\",\"怨望\",\"同名同姓\",\"市子\",\"我们一起摇太阳\",\"职业杀手\",\"草木人间\",\"哆啦A梦：大雄的地球交响乐\",\"特技狂人\",\"盟军敢死队\",\"母亲的直觉\",\"凶兆前传\",\"窗边的小豆豆\",\"巴黎深渊\",\"异星战境\",\"北极百货店的接待员\",\"老狐狸\",\"挑战者\",\"机动战士高达SEED FREEDOM\"]",
  "wbg.video.theme.color.primary": "#6B9660",
  "wbg.video.browse.watch.mode": true,
  "wbg.video.player.source.pan": true,
  "wbg.video.announcement": "2024-06-13",
  "wsg.video.app.version": "0.1.28",
  "wbg.video.hot.word.variety": "[\"信用中国\",\"开始推理吧第二季\",\"五十公里桃花坞第四季\",\"爱情保卫战\",\"传奇故事\",\"养生堂\",\"x诊所\",\"第三调解室\",\"毛雪汪\",\"新老娘舅\",\"欢乐集结号\",\"人气美食\",\"健康大问诊\",\"名医话养生\",\"笑动剧场\",\"群英会\",\"社会传真\",\"天天七点综\"]",
  "wbg.search.history.keyword": "[\"幻影凶间1408\",\"缘分天注定\",\"天注定\",\"庆余年第二季\"]"
}