[
  {
    "createTime": 1717059877222,
    "current": 7115,
    "id": 0,
    "jsonStr": "{\"actor\":\"尹灿荣 / 奉宰铉 / 李瑞镇\",\"des\":\"讲述想去学校是自己毕生心愿的无学历者黑帮金德八 拯救被校暴受尽折磨最终做出极端选择的少年宋以宪后附体到他身上，然后宋以宪平时喜欢的男人崔世景对他产生怀疑的故事\",\"director\":\"李成泽\",\"doubanId\":\"36328482\",\"endSkipTime\":0,\"head\":\"{}\",\"id\":\"1465\",\"jiexiUrl\":\"\",\"name\":\"黑社会的我成为了高中生\",\"pic\":\"https://66.vvddoo.com/theju/imgs001/p2908641764.jpg\",\"playManagerCore\":0,\"searchSort\":0,\"sourceKey\":\"韩剧视频\",\"sourceLink\":\"1465\",\"sourceName\":\"韩剧视频\",\"sourceType\":0,\"startSkipTime\":0,\"videoLineList\":[{\"name\":\"直连\",\"videoList\":[{\"name\":\"01\",\"playUrl\":\"https://8.thehanju.com/8thehanju/2024/5/30/GJmJVZ2E/playlista.m3u8\",\"sel\":true},{\"name\":\"02\",\"playUrl\":\"https://8.thehanju.com/8thehanju/2024/5/30/jpSovbv2/playlista.m3u8\",\"sel\":false}]}],\"year\":\"2024\"}",
    "linePosition": 0,
    "name": "黑社会的我成为了高中生",
    "partIndex": 0,
    "partName": "01",
    "pic": "https://66.vvddoo.com/theju/imgs001/p2908641764.jpg"
  },
  {
    "createTime": 1717059893811,
    "current": 2179,
    "id": 0,
    "jsonStr": "{\"actor\":\"严基俊 / 黄正音 / 李准 / 李侑菲 / 申恩庆 / 尹仲勋 / 赵允熙 / 赵在允 / 李德华\",\"des\":\"七人的复活\",\"director\":\"朱东民\",\"doubanId\":\"36283153\",\"endSkipTime\":0,\"head\":\"{}\",\"id\":\"1449\",\"jiexiUrl\":\"\",\"name\":\"七人的复活\",\"pic\":\"https://66.vvddoo.com/theju/imgs/p2905771878.jpg\",\"playManagerCore\":0,\"searchSort\":0,\"sourceKey\":\"韩剧视频\",\"sourceLink\":\"1449\",\"sourceName\":\"韩剧视频\",\"sourceType\":0,\"startSkipTime\":0,\"videoLineList\":[{\"name\":\"直连\",\"videoList\":[{\"name\":\"01\",\"playUrl\":\"https://8.thehanju.com/8thehanju/2024/3/30/PGfBkP1f/playlista.m3u8\",\"sel\":true},{\"name\":\"02\",\"playUrl\":\"https://8.thehanju.com/8thehanju/2024/3/31/Nnx7dC7r/playlista.m3u8\",\"sel\":false},{\"name\":\"03\",\"playUrl\":\"https://8.thehanju.com/8thehanju/2024/4/6/3udhtTA1/playlista.m3u8\",\"sel\":false},{\"name\":\"04\",\"playUrl\":\"https://8.thehanju.com/8thehanju/2024/4/7/RoB7zAiN/playlista.m3u8\",\"sel\":false},{\"name\":\"05\",\"playUrl\":\"https://8.thehanju.com/8thehanju/2024/4/13/ax9Guns9/playlista.m3u8\",\"sel\":false},{\"name\":\"06\",\"playUrl\":\"https://8.thehanju.com/8thehanju/2024/4/14/hnl38Xmk/playlista.m3u8\",\"sel\":false},{\"name\":\"07\",\"playUrl\":\"https://8.thehanju.com/8thehanju/2024/4/20/JH1GUDx3/playlista.m3u8\",\"sel\":false},{\"name\":\"08\",\"playUrl\":\"https://8.thehanju.com/8thehanju/2024/4/21/xfxn6bu5/playlista.m3u8\",\"sel\":false},{\"name\":\"09\",\"playUrl\":\"https://8.thehanju.com/8thehanju/2024/4/29/2MpMOvAN/playlista.m3u8\",\"sel\":false},{\"name\":\"10\",\"playUrl\":\"https://8.thehanju.com/8thehanju/2024/4/29/Yu1YYPMm/playlista.m3u8\",\"sel\":false},{\"name\":\"11\",\"playUrl\":\"https://8.thehanju.com/8thehanju/2024/5/4/qOiAsLBB/playlista.m3u8\",\"sel\":false},{\"name\":\"12\",\"playUrl\":\"https://8.thehanju.com/8thehanju/2024/5/5/lycCzTZs/playlista.m3u8\",\"sel\":false},{\"name\":\"13\",\"playUrl\":\"https://8.thehanju.com/8thehanju/2024/5/11/79qRFbHh/playlista.m3u8\",\"sel\":false},{\"name\":\"14\",\"playUrl\":\"https://8.thehanju.com/8thehanju/2024/5/12/c21ZYv1z/playlista.m3u8\",\"sel\":false},{\"name\":\"15\",\"playUrl\":\"https://8.thehanju.com/8thehanju/2024/5/18/Vbss7Gv1/playlista.m3u8\",\"sel\":false},{\"name\":\"16\",\"playUrl\":\"https://8.thehanju.com/8thehanju/2024/5/22/WrY6juEx/playlista.m3u8\",\"sel\":false}]}],\"year\":\"2024\"}",
    "linePosition": 0,
    "name": "七人的复活",
    "partIndex": 0,
    "partName": "01",
    "pic": "https://66.vvddoo.com/theju/imgs/p2905771878.jpg"
  },
  {
    "createTime": 1717068370481,
    "current": 1375986,
    "id": 0,
    "jsonStr": "{\"actor\":\"柳俊烈 / 千玗嬉 / 朴正民 / 李烈音 / 朴解浚 / 文晶熙 / 裴晟祐 / 李周英\",\"des\":\"八名参加者被困在一栋八层的神秘大楼内，参加充满诱惑而又危险的游戏。在这场游戏中，随着时间的流逝，参赛者将不断赢得奖金\",\"director\":\"韩在林\",\"doubanId\":\"35712803\",\"endSkipTime\":0,\"head\":\"{}\",\"id\":\"1462\",\"jiexiUrl\":\"\",\"name\":\"第8个秀\",\"pic\":\"https://66.vvddoo.com/theju/imgs001/p2907645139.jpg\",\"playManagerCore\":0,\"searchSort\":0,\"sourceKey\":\"韩剧视频\",\"sourceLink\":\"1462\",\"sourceName\":\"韩剧视频\",\"sourceType\":0,\"startSkipTime\":0,\"videoLineList\":[{\"name\":\"直连\",\"videoList\":[{\"name\":\"01\",\"playUrl\":\"https://8.thehanju.com/8thehanju/2024/5/18/sfYamet5/playlista.m3u8\",\"sel\":true},{\"name\":\"02\",\"playUrl\":\"https://8.thehanju.com/8thehanju/2024/5/18/f9xRXIpS/playlista.m3u8\",\"sel\":false},{\"name\":\"03\",\"playUrl\":\"https://8.thehanju.com/8thehanju/2024/5/18/77nejwuV/playlista.m3u8\",\"sel\":false},{\"name\":\"04\",\"playUrl\":\"https://8.thehanju.com/8thehanju/2024/5/18/e0aAb9ko/playlista.m3u8\",\"sel\":false},{\"name\":\"05\",\"playUrl\":\"https://8.thehanju.com/8thehanju/2024/5/18/8blkUVp7/playlista.m3u8\",\"sel\":false},{\"name\":\"06\",\"playUrl\":\"https://8.thehanju.com/8thehanju/2024/5/18/RO4LziyY/playlista.m3u8\",\"sel\":false},{\"name\":\"07\",\"playUrl\":\"https://8.thehanju.com/8thehanju/2024/5/18/Tp1eAYRz/playlista.m3u8\",\"sel\":false},{\"name\":\"08\",\"playUrl\":\"https://8.thehanju.com/8thehanju/2024/5/18/ugjd4vul/playlista.m3u8\",\"sel\":false}]}],\"year\":\"2024\"}",
    "linePosition": 0,
    "name": "第8个秀",
    "partIndex": 0,
    "partName": "01",
    "pic": "https://66.vvddoo.com/theju/imgs001/p2907645139.jpg"
  },
  {
    "createTime": 1717116162209,
    "current": 1149,
    "id": 0,
    "jsonStr": "{\"des\":\"\u003cp\u003e　　讲述了人与妖冲突不断的世界中，涂山狐族心怀大义的大当家涂山红红（杨幂 饰）一心冀望两方的平等和和平，为此，她携手人族东方家族遗孤东方月初（龚俊 饰），开启促成缔结人和妖之间的情缘任务，以此抵抗侵蚀庇护涂山上下的苦情树的暗黑力量，瓦解挑拨人和妖之间矛盾的暗黑势力。\u003c/p\u003e\",\"endSkipTime\":0,\"head\":\"{\\\"user-agent\\\":\\\"Mozilla/5.0 (Macintosh; Intel Mac OS X 10_15_7) AppleWebKit/537.36 (KHTML, like Gecko) Chrome/119.0.0.0 Safari/537.33\\\"}\",\"id\":\"271212\",\"jiexiUrl\":\"\",\"name\":\"狐妖小红娘·月红篇\",\"pic\":\"https://img.ffzy888.com/upload/vod/20240523-1/b945732bf0ff0f4e0dcfad78c8c642a1.jpg\",\"playManagerCore\":0,\"searchGroup\":\"tvbox\",\"searchSort\":70,\"sourceKey\":\"南瓜影视\",\"sourceName\":\"南瓜影视\",\"sourceType\":3,\"startSkipTime\":0,\"videoLineList\":[{\"name\":\"BF\",\"videoList\":[{\"name\":\"第01集\",\"playUrl\":\"http://m3u8-qncdn.ckflv.cn/m3u8/cd9f65005fed4871b25ccd37a3b86eab.m3u8\",\"sel\":true},{\"name\":\"第02集\",\"playUrl\":\"http://117.24.14.14:32061/?url\u003dhttps://s3.bfengbf.com/video/huyaoxiaohongniangyuehongpian/第02集/index.m3u8\",\"sel\":false},{\"name\":\"第03集\",\"playUrl\":\"http://117.24.14.14:32061/?url\u003dhttps://s3.bfengbf.com/video/huyaoxiaohongniangyuehongpian/第03集/index.m3u8\",\"sel\":false},{\"name\":\"第04集\",\"playUrl\":\"http://117.24.14.14:32061/?url\u003dhttps://s3.bfengbf.com/video/huyaoxiaohongniangyuehongpian/第04集/index.m3u8\",\"sel\":false},{\"name\":\"第05集\",\"playUrl\":\"http://117.24.14.14:32061/?url\u003dhttps://s3.bfengbf.com/video/huyaoxiaohongniangyuehongpian/第05集/index.m3u8\",\"sel\":false},{\"name\":\"第06集\",\"playUrl\":\"http://117.24.14.14:32061/?url\u003dhttps://s3.bfengbf.com/video/huyaoxiaohongniangyuehongpian/第06集/index.m3u8\",\"sel\":false},{\"name\":\"第07集\",\"playUrl\":\"http://117.24.14.14:32061/?url\u003dhttps://s3.bfengbf.com/video/huyaoxiaohongniangyuehongpian/第07集/index.m3u8\",\"sel\":false},{\"name\":\"第08集\",\"playUrl\":\"http://117.24.14.14:32061/?url\u003dhttps://s3.bfengbf.com/video/huyaoxiaohongniangyuehongpian/第08集/index.m3u8\",\"sel\":false},{\"name\":\"第09集\",\"playUrl\":\"http://117.24.14.14:32061/?url\u003dhttps://s3.bfengbf.com/video/huyaoxiaohongniangyuehongpian/第09集/index.m3u8\",\"sel\":false},{\"name\":\"第10集\",\"playUrl\":\"http://117.24.14.14:32061/?url\u003dhttps://s3.bfengbf.com/video/huyaoxiaohongniangyuehongpian/第10集/index.m3u8\",\"sel\":false},{\"name\":\"第11集\",\"playUrl\":\"http://117.24.14.14:32061/?url\u003dhttps://s3.bfengbf.com/video/huyaoxiaohongniangyuehongpian/第11集/index.m3u8\",\"sel\":false},{\"name\":\"第12集\",\"playUrl\":\"http://117.24.14.14:32061/?url\u003dhttps://s3.bfengbf.com/video/huyaoxiaohongniangyuehongpian/第12集/index.m3u8\",\"sel\":false},{\"name\":\"第13集\",\"playUrl\":\"http://117.24.14.14:32061/?url\u003dhttps://s3.bfengbf.com/video/huyaoxiaohongniangyuehongpian/第13集/index.m3u8\",\"sel\":false},{\"name\":\"第14集\",\"playUrl\":\"http://117.24.14.14:32061/?url\u003dhttps://s3.bfengbf.com/video/huyaoxiaohongniangyuehongpian/第14集/index.m3u8\",\"sel\":false},{\"name\":\"第15集\",\"playUrl\":\"http://117.24.14.14:32061/?url\u003dhttps://s3.bfengbf.com/video/huyaoxiaohongniangyuehongpian/第15集/index.m3u8\",\"sel\":false},{\"name\":\"第16集\",\"playUrl\":\"http://117.24.14.14:32061/?url\u003dhttps://s3.bfengbf.com/video/huyaoxiaohongniangyuehongpian/第16集/index.m3u8\",\"sel\":false},{\"name\":\"第17集\",\"playUrl\":\"http://117.24.14.14:32061/?url\u003dhttps://s3.bfengbf.com/video/huyaoxiaohongniangyuehongpian/第17集/index.m3u8\",\"sel\":false},{\"name\":\"第18集\",\"playUrl\":\"http://117.24.14.14:32061/?url\u003dhttps://s3.bfengbf.com/video/huyaoxiaohongniangyuehongpian/第18集/index.m3u8\",\"sel\":false}]},{\"name\":\"LZ源-勿信视频内广告\",\"videoList\":[{\"name\":\"第01集\",\"playUrl\":\"http://117.24.14.14:32061/?url\u003dhttps://v.cdnlz12.com/20240523/14618_4b64fdc1/index.m3u8\",\"sel\":false},{\"name\":\"第02集\",\"playUrl\":\"http://117.24.14.14:32061/?url\u003dhttps://v.cdnlz12.com/20240523/14617_b56c3588/index.m3u8\",\"sel\":false},{\"name\":\"第03集\",\"playUrl\":\"http://117.24.14.14:32061/?url\u003dhttps://v.cdnlz12.com/20240523/14616_0ee0e017/index.m3u8\",\"sel\":false},{\"name\":\"第04集\",\"playUrl\":\"http://117.24.14.14:32061/?url\u003dhttps://v.cdnlz12.com/20240523/14615_9ca071c2/index.m3u8\",\"sel\":false},{\"name\":\"第05集\",\"playUrl\":\"http://117.24.14.14:32061/?url\u003dhttps://v.cdnlz3.com/20240524/23208_42103b35/index.m3u8\",\"sel\":false},{\"name\":\"第06集\",\"playUrl\":\"http://117.24.14.14:32061/?url\u003dhttps://v.cdnlz3.com/20240524/23207_6de12c5b/index.m3u8\",\"sel\":false},{\"name\":\"第07集\",\"playUrl\":\"http://117.24.14.14:32061/?url\u003dhttps://v.cdnlz3.com/20240525/23244_ae552e88/index.m3u8\",\"sel\":false},{\"name\":\"第08集\",\"playUrl\":\"http://117.24.14.14:32061/?url\u003dhttps://v.cdnlz3.com/20240525/23243_7cbf3c29/index.m3u8\",\"sel\":false},{\"name\":\"第09集\",\"playUrl\":\"http://117.24.14.14:32061/?url\u003dhttps://v.cdnlz3.com/20240526/23289_f78c5267/index.m3u8\",\"sel\":false},{\"name\":\"第10集\",\"playUrl\":\"http://117.24.14.14:32061/?url\u003dhttps://v.cdnlz3.com/20240526/23288_71c39e48/index.m3u8\",\"sel\":false},{\"name\":\"第11集\",\"playUrl\":\"http://117.24.14.14:32061/?url\u003dhttps://v.cdnlz3.com/20240527/23342_6aa51b50/index.m3u8\",\"sel\":false},{\"name\":\"第12集\",\"playUrl\":\"http://117.24.14.14:32061/?url\u003dhttps://v.cdnlz3.com/20240527/23345_01884288/index.m3u8\",\"sel\":false},{\"name\":\"第13集\",\"playUrl\":\"http://117.24.14.14:32061/?url\u003dhttps://v.cdnlz3.com/20240528/23392_b817c398/index.m3u8\",\"sel\":false},{\"name\":\"第14集\",\"playUrl\":\"http://117.24.14.14:32061/?url\u003dhttps://v.cdnlz3.com/20240528/23391_4ddbf69e/index.m3u8\",\"sel\":false},{\"name\":\"第15集\",\"playUrl\":\"http://117.24.14.14:32061/?url\u003dhttps://v.cdnlz3.com/20240529/23463_983ca9ab/index.m3u8\",\"sel\":false},{\"name\":\"第16集\",\"playUrl\":\"http://117.24.14.14:32061/?url\u003dhttps://v.cdnlz3.com/20240529/23460_11a748e4/index.m3u8\",\"sel\":false},{\"name\":\"第17集\",\"playUrl\":\"http://117.24.14.14:32061/?url\u003dhttps://v.cdnlz12.com/20240530/14711_c5804d45/index.m3u8\",\"sel\":false},{\"name\":\"第18集\",\"playUrl\":\"http://117.24.14.14:32061/?url\u003dhttps://v.cdnlz12.com/20240530/14710_20c073ab/index.m3u8\",\"sel\":false}]},{\"name\":\"FF源-勿信视频内广告\",\"videoList\":[{\"name\":\"第01集\",\"playUrl\":\"http://117.24.14.14:32061/?url\u003dhttps://super.ffzy-online6.com/20240523/31699_f0a44782/index.m3u8\",\"sel\":false},{\"name\":\"第02集\",\"playUrl\":\"http://117.24.14.14:32061/?url\u003dhttps://super.ffzy-online6.com/20240523/31700_e8696b73/index.m3u8\",\"sel\":false},{\"name\":\"第03集\",\"playUrl\":\"http://117.24.14.14:32061/?url\u003dhttps://super.ffzy-online6.com/20240523/31701_ac88aba8/index.m3u8\",\"sel\":false},{\"name\":\"第04集\",\"playUrl\":\"http://117.24.14.14:32061/?url\u003dhttps://super.ffzy-online6.com/20240523/31702_3ec798fe/index.m3u8\",\"sel\":false},{\"name\":\"第05集\",\"playUrl\":\"http://117.24.14.14:32061/?url\u003dhttps://super.ffzy-online6.com/20240524/31773_30dc8f32/index.m3u8\",\"sel\":false},{\"name\":\"第06集\",\"playUrl\":\"http://117.24.14.14:32061/?url\u003dhttps://super.ffzy-online6.com/20240524/31772_65716758/index.m3u8\",\"sel\":false},{\"name\":\"第07集\",\"playUrl\":\"http://117.24.14.14:32061/?url\u003dhttps://super.ffzy-online6.com/20240525/31826_3b287596/index.m3u8\",\"sel\":false},{\"name\":\"第08集\",\"playUrl\":\"http://117.24.14.14:32061/?url\u003dhttps://super.ffzy-online6.com/20240525/31825_589a04fd/index.m3u8\",\"sel\":false},{\"name\":\"第09集\",\"playUrl\":\"http://117.24.14.14:32061/?url\u003dhttps://super.ffzy-online6.com/20240526/31884_f78c5267/index.m3u8\",\"sel\":false},{\"name\":\"第10集\",\"playUrl\":\"http://117.24.14.14:32061/?url\u003dhttps://super.ffzy-online6.com/20240526/31883_71c39e48/index.m3u8\",\"sel\":false},{\"name\":\"第11集\",\"playUrl\":\"http://117.24.14.14:32061/?url\u003dhttps://super.ffzy-online6.com/20240527/31944_71cac3f6/index.m3u8\",\"sel\":false},{\"name\":\"第12集\",\"playUrl\":\"http://117.24.14.14:32061/?url\u003dhttps://super.ffzy-online6.com/20240527/31943_2952e163/index.m3u8\",\"sel\":false},{\"name\":\"第13集\",\"playUrl\":\"http://117.24.14.14:32061/?url\u003dhttps://super.ffzy-online6.com/20240528/32018_410786fa/index.m3u8\",\"sel\":false},{\"name\":\"第14集\",\"playUrl\":\"http://117.24.14.14:32061/?url\u003dhttps://super.ffzy-online6.com/20240528/32017_8177522b/index.m3u8\",\"sel\":false},{\"name\":\"第15集\",\"playUrl\":\"http://117.24.14.14:32061/?url\u003dhttps://super.ffzy-online6.com/20240529/32097_83ecb83c/index.m3u8\",\"sel\":false},{\"name\":\"第16集\",\"playUrl\":\"http://117.24.14.14:32061/?url\u003dhttps://super.ffzy-online6.com/20240529/32096_f8d2eb31/index.m3u8\",\"sel\":false},{\"name\":\"第17集\",\"playUrl\":\"http://117.24.14.14:32061/?url\u003dhttps://super.ffzy-online6.com/20240530/32189_87ac5a1f/index.m3u8\",\"sel\":false},{\"name\":\"第18集\",\"playUrl\":\"http://117.24.14.14:32061/?url\u003dhttps://super.ffzy-online6.com/20240530/32188_4713e79c/index.m3u8\",\"sel\":false}]}],\"year\":\"2024\"}",
    "linePosition": 0,
    "name": "狐妖小红娘·月红篇",
    "partIndex": 0,
    "partName": "第01集",
    "pic": "https://img.ffzy888.com/upload/vod/20240523-1/b945732bf0ff0f4e0dcfad78c8c642a1.jpg"
  }
]