[
  {
    "createTime": 1706877532191,
    "enable": false,
    "hide": false,
    "id": 1,
    "name": "央视频道",
    "sort": 50,
    "updateTime": 1706877532191
  },
  {
    "createTime": 1706877532349,
    "enable": false,
    "hide": false,
    "id": 2,
    "name": "卫视频道",
    "sort": 50,
    "updateTime": 1706877532349
  },
  {
    "createTime": 1706877532457,
    "enable": false,
    "hide": false,
    "id": 3,
    "name": "地方频道",
    "sort": 50,
    "updateTime": 1706877532457
  },
  {
    "createTime": 1706877533492,
    "enable": false,
    "hide": false,
    "id": 4,
    "name": "港·澳·台",
    "sort": 50,
    "updateTime": 1706877533492
  },
  {
    "createTime": 1706877533678,
    "enable": false,
    "hide": false,
    "id": 5,
    "name": "其它频道",
    "sort": 50,
    "updateTime": 1706877533678
  },
  {
    "createTime": 1706877533711,
    "enable": false,
    "hide": false,
    "id": 6,
    "name": "咪咕直播",
    "sort": 50,
    "updateTime": 1706877533711
  },
  {
    "createTime": 1706877533761,
    "enable": false,
    "hide": false,
    "id": 7,
    "name": "超高清频道",
    "sort": 50,
    "updateTime": 1706877533761
  },
  {
    "createTime": 1706877533790,
    "enable": false,
    "hide": false,
    "id": 8,
    "name": "IHOT频道",
    "sort": 50,
    "updateTime": 1706877533790
  },
  {
    "createTime": 1706877533819,
    "enable": false,
    "hide": false,
    "id": 9,
    "name": "SITV频道",
    "sort": 50,
    "updateTime": 1706877533819
  },
  {
    "createTime": 1706877533828,
    "enable": false,
    "hide": false,
    "id": 10,
    "name": "BesTV频道",
    "sort": 50,
    "updateTime": 1706877533828
  },
  {
    "createTime": 1706877533840,
    "enable": false,
    "hide": false,
    "id": 11,
    "name": "NewTV频道",
    "sort": 50,
    "updateTime": 1706877533840
  }
]