[
  {
    "api": "http://api.888484.xyz/神秘哥哥/super.php?v\u003d",
    "apiDetailParseTemplate": 0,
    "apiDetailParseType": 1,
    "builtIn": true,
    "createTime": 1722609744267,
    "enable": false,
    "id": 0,
    "isActive": false,
    "key": "神秘的哥哥们",
    "name": "神秘的哥哥们",
    "sniff": false,
    "sort": 0,
    "tvboxUrl": "https://gitee.com/tvbox_2_0/ziji/raw/master/ziji.json",
    "updateTime": 1722641866835
  },
  {
    "api": "https://api.tyun77.cn/api.php/provide/parseDicturl?url\u003d",
    "apiDetailParseTemplate": 0,
    "apiDetailParseType": 1,
    "builtIn": true,
    "createTime": 1722609744268,
    "enable": false,
    "id": 0,
    "isActive": false,
    "key": "公众号",
    "name": "公众号",
    "sniff": false,
    "sort": 0,
    "tvboxUrl": "https://gitee.com/tvbox_2_0/ziji/raw/master/ziji.json",
    "updateTime": 1722641866935
  },
  {
    "api": "https://www.playm3u8.cn/jiexi.php?url\u003d",
    "apiDetailParseTemplate": 0,
    "apiDetailParseType": 1,
    "builtIn": true,
    "createTime": 1722609744272,
    "enable": false,
    "id": 0,
    "isActive": false,
    "key": "手动解析",
    "name": "手动解析",
    "sniff": false,
    "sort": 0,
    "tvboxUrl": "https://gitee.com/tvbox_2_0/ziji/raw/master/ziji.json",
    "updateTime": 1722641867547
  },
  {
    "api": "https://jx.jsonplayer.com/player/?url\u003d",
    "apiDetailParseTemplate": 0,
    "apiDetailParseType": 1,
    "builtIn": true,
    "createTime": 1722609744271,
    "enable": false,
    "id": 0,
    "isActive": false,
    "key": "夜雨聆风",
    "name": "夜雨聆风",
    "sniff": false,
    "sort": 0,
    "tvboxUrl": "https://gitee.com/tvbox_2_0/ziji/raw/master/ziji.json",
    "updateTime": 1722641870684
  },
  {
    "api": "http://42.157.129.144:2323/CH/caihong_1993138546.php?url\u003d",
    "apiDetailParseTemplate": 0,
    "apiDetailParseType": 1,
    "builtIn": true,
    "createTime": 1722609744273,
    "enable": false,
    "id": 0,
    "isActive": false,
    "key": "路飞解析",
    "name": "路飞解析",
    "sniff": false,
    "sort": 0,
    "tvboxUrl": "https://gitee.com/tvbox_2_0/ziji/raw/master/ziji.json",
    "updateTime": 1722641866723
  },
  {
    "api": "https://vip.mosangkeji.com/api/?key\u003dafcQ0C7vUiNOy4tnvG\u0026url\u003d",
    "apiDetailParseTemplate": 0,
    "apiDetailParseType": 1,
    "builtIn": true,
    "createTime": 1722609744273,
    "enable": false,
    "id": 0,
    "isActive": false,
    "key": "布鲁克解析",
    "name": "布鲁克解析",
    "sniff": false,
    "sort": 0,
    "tvboxUrl": "https://gitee.com/tvbox_2_0/ziji/raw/master/ziji.json",
    "updateTime": 1722641866948
  },
  {
    "api": "http://119.91.123.253:2345/Api/yun.php?url\u003d",
    "apiDetailParseTemplate": 0,
    "apiDetailParseType": 1,
    "builtIn": true,
    "createTime": 1722609744274,
    "enable": false,
    "id": 0,
    "isActive": false,
    "key": "乌索普解析",
    "name": "乌索普解析",
    "sniff": false,
    "sort": 0,
    "tvboxUrl": "https://gitee.com/tvbox_2_0/ziji/raw/master/ziji.json",
    "updateTime": 1722641866746
  },
  {
    "api": "http://api.888484.xyz/神秘哥哥/super.php?v\u003d",
    "apiDetailParseTemplate": 0,
    "apiDetailParseType": 1,
    "builtIn": true,
    "createTime": 1722609744274,
    "enable": false,
    "id": 0,
    "isActive": false,
    "key": "鹰眼",
    "name": "鹰眼",
    "sniff": false,
    "sort": 0,
    "tvboxUrl": "https://gitee.com/tvbox_2_0/ziji/raw/master/ziji.json",
    "updateTime": 1722641866842
  },
  {
    "api": "https://api.json.icu/api/?key\u003dc60086bb91997b98358194263f13e670\u0026url\u003d",
    "apiDetailParseTemplate": 0,
    "apiDetailParseType": 1,
    "builtIn": true,
    "createTime": 1706802397198,
    "enable": false,
    "id": 0,
    "isActive": false,
    "key": "超解析",
    "name": "超解析",
    "sniff": false,
    "sort": 0,
    "tvboxUrl": "http://liulian1993.vip:5555/tvbox/lib/ziji/ziji.json",
    "updateTime": 1722641866904
  },
  {
    "api": "http://119.91.123.253:2345/Api/yun.php?url\u003d",
    "apiDetailParseTemplate": 0,
    "apiDetailParseType": 1,
    "builtIn": true,
    "createTime": 1722609744275,
    "enable": false,
    "id": 0,
    "isActive": false,
    "key": "🌎DB",
    "name": "🌎DB",
    "sniff": false,
    "sort": 0,
    "tvboxUrl": "https://gitee.com/tvbox_2_0/ziji/raw/master/ziji.json",
    "updateTime": 1722641866751
  },
  {
    "api": "https://yinshi.eatuo.com/index.php/mvod/jx2?url\u003d",
    "apiDetailParseTemplate": 0,
    "apiDetailParseType": 1,
    "builtIn": true,
    "createTime": 1722609744275,
    "enable": false,
    "id": 0,
    "isActive": false,
    "key": "乐酷蓝光",
    "name": "乐酷蓝光",
    "sniff": false,
    "sort": 0,
    "tvboxUrl": "https://gitee.com/tvbox_2_0/ziji/raw/master/ziji.json",
    "updateTime": 1722641866840
  },
  {
    "api": "https://jx.playerjy.com/?bli\u003d1\u0026url\u003d",
    "apiDetailParseTemplate": 0,
    "apiDetailParseType": 1,
    "builtIn": true,
    "createTime": 1722609744276,
    "enable": false,
    "id": 0,
    "isActive": false,
    "key": "探探2",
    "name": "探探2",
    "sniff": false,
    "sort": 0,
    "tvboxUrl": "https://gitee.com/tvbox_2_0/ziji/raw/master/ziji.json",
    "updateTime": 1722641867686
  },
  {
    "api": "https://yparse.ik9.cc/index.php?url\u003d\u0026url\u003d",
    "apiDetailParseTemplate": 0,
    "apiDetailParseType": 1,
    "builtIn": true,
    "createTime": 1722609744276,
    "enable": false,
    "id": 0,
    "isActive": false,
    "key": "探探3",
    "name": "探探3",
    "sniff": false,
    "sort": 0,
    "tvboxUrl": "https://gitee.com/tvbox_2_0/ziji/raw/master/ziji.json",
    "updateTime": 1722641866843
  },
  {
    "api": "http://xiutan.shiyifacai.com/json/qingfeng.php?url\u003d",
    "apiDetailParseTemplate": 0,
    "apiDetailParseType": 1,
    "builtIn": true,
    "createTime": 1722609744268,
    "enable": false,
    "id": 0,
    "isActive": false,
    "key": "东辰影视",
    "name": "东辰影视",
    "sniff": false,
    "sort": 0,
    "tvboxUrl": "https://gitee.com/tvbox_2_0/ziji/raw/master/ziji.json",
    "updateTime": 1722641866784
  },
  {
    "api": "http://pan.qiaoji8.com/tvbox/neibu.php?url\u003d",
    "apiDetailParseTemplate": 0,
    "apiDetailParseType": 1,
    "builtIn": true,
    "createTime": 1722609891107,
    "enable": false,
    "id": 0,
    "isActive": false,
    "key": "巧技",
    "name": "巧技",
    "sniff": false,
    "sort": 0,
    "tvboxUrl": "http://pandown.pro/tvbox/tvbox.json",
    "updateTime": 1722641867887
  },
  {
    "api": "http://pan.qiaoji8.com/tvbox/gouzi.php?url\u003d",
    "apiDetailParseTemplate": 0,
    "apiDetailParseType": 1,
    "builtIn": true,
    "createTime": 1722609891108,
    "enable": true,
    "id": 0,
    "isActive": true,
    "key": "巧技二",
    "name": "巧技二",
    "sniff": false,
    "sort": 0,
    "tvboxUrl": "http://pandown.pro/tvbox/tvbox.json",
    "updateTime": 1722641868508
  },
  {
    "api": "https://json.jienuowl.top/api/?key\u003datqEQhcRiNNEwzjltg\u0026url\u003d",
    "apiDetailParseTemplate": 0,
    "apiDetailParseType": 1,
    "builtIn": true,
    "createTime": 1722609744274,
    "enable": false,
    "id": 0,
    "isActive": false,
    "key": "官方资源专用",
    "name": "官方资源专用",
    "sniff": false,
    "sort": 0,
    "tvboxUrl": "https://gitee.com/tvbox_2_0/ziji/raw/master/ziji.json",
    "updateTime": 1722641867225
  },
  {
    "api": "https://daina.hk/api/?key\u003dc7db78b604d8cfd8932086f72d25529a\u0026url\u003d",
    "apiDetailParseTemplate": 0,
    "apiDetailParseType": 1,
    "builtIn": true,
    "createTime": 1722609744275,
    "enable": false,
    "id": 0,
    "isActive": false,
    "key": "独家云播专用",
    "name": "独家云播专用",
    "sniff": false,
    "sort": 0,
    "tvboxUrl": "https://gitee.com/tvbox_2_0/ziji/raw/master/ziji.json",
    "updateTime": 1722641866888
  },
  {
    "api": "http://119.91.123.253:2345/Api/yun.php?url\u003d",
    "apiDetailParseTemplate": 0,
    "apiDetailParseType": 1,
    "builtIn": true,
    "createTime": 1722609779941,
    "enable": false,
    "id": 0,
    "isActive": false,
    "key": "json一",
    "name": "json一",
    "sniff": false,
    "sort": 0,
    "tvboxUrl": "https://mirror.ghproxy.com/https://raw.githubusercontent.com/pdscxz/TV/main/video/tv4k.json",
    "updateTime": 1722641866751
  },
  {
    "api": "http://xiutan.shiyifacai.com/json/qingfeng.php?url\u003d",
    "apiDetailParseTemplate": 0,
    "apiDetailParseType": 1,
    "builtIn": true,
    "createTime": 1722609779942,
    "enable": false,
    "id": 0,
    "isActive": false,
    "key": "赛文",
    "name": "赛文",
    "sniff": false,
    "sort": 0,
    "tvboxUrl": "https://mirror.ghproxy.com/https://raw.githubusercontent.com/pdscxz/TV/main/video/tv4k.json",
    "updateTime": 1722641866788
  },
  {
    "api": "http://121.62.61.51:6888/api/?key\u003dn669JAmIzmG1K813tb\u0026url\u003d",
    "apiDetailParseTemplate": 0,
    "apiDetailParseType": 1,
    "builtIn": true,
    "createTime": 1722609779943,
    "enable": false,
    "id": 0,
    "isActive": false,
    "key": "蚂蚁",
    "name": "蚂蚁",
    "sniff": false,
    "sort": 0,
    "tvboxUrl": "https://mirror.ghproxy.com/https://raw.githubusercontent.com/pdscxz/TV/main/video/tv4k.json",
    "updateTime": 1722641866776
  },
  {
    "api": "https://vip.mosangkeji.com:443/api/?key\u003dq7mSY5L8ssbm1J3Eai\u0026url\u003d",
    "apiDetailParseTemplate": 0,
    "apiDetailParseType": 1,
    "builtIn": true,
    "createTime": 1722609779944,
    "enable": false,
    "id": 0,
    "isActive": false,
    "key": "json四",
    "name": "json四",
    "sniff": false,
    "sort": 0,
    "tvboxUrl": "https://mirror.ghproxy.com/https://raw.githubusercontent.com/pdscxz/TV/main/video/tv4k.json",
    "updateTime": 1722641866944
  },
  {
    "api": "http://110.42.2.247:880/analysis/json/?uid\u003d2148\u0026my\u003dehmqrtuCEJNQTVX047\u0026format\u003djson\u0026url\u003d",
    "apiDetailParseTemplate": 0,
    "apiDetailParseType": 1,
    "builtIn": true,
    "createTime": 1722609779945,
    "enable": false,
    "id": 0,
    "isActive": false,
    "key": "json五",
    "name": "json五",
    "sniff": false,
    "sort": 0,
    "tvboxUrl": "https://mirror.ghproxy.com/https://raw.githubusercontent.com/pdscxz/TV/main/video/tv4k.json",
    "updateTime": 1722641866787
  },
  {
    "api": "http://119.91.123.253:2345/Api/yun.php?url\u003d",
    "apiDetailParseTemplate": 0,
    "apiDetailParseType": 1,
    "builtIn": true,
    "createTime": 1722609779945,
    "enable": false,
    "id": 0,
    "isActive": false,
    "key": "解析一",
    "name": "解析一",
    "sniff": false,
    "sort": 0,
    "tvboxUrl": "https://mirror.ghproxy.com/https://raw.githubusercontent.com/pdscxz/TV/main/video/tv4k.json",
    "updateTime": 1722641866763
  }
]