{
  "wbg.video.ad.end.date": "2024-07-02",
  "wbg.video.hot.word.tv": "[\"唐朝诡事录之西行\",\"四海重明\",\"无路可走：轮盘赌\",\"天空之城\",\"唐朝诡事录\",\"寻护者\",\"少年白马醉春风\",\"错位\",\"向阳之处必有声\",\"冰雪谣\",\"私藏浪漫\",\"长相思 第二季\",\"莲花楼\",\"喜人奇妙夜\",\"人生复本 第一季\",\"我们的秘密\",\"小夫妻\",\"玫瑰的故事\",\"遇见你的那天\",\"赤热\"]",
  "wbg.video.hot.word.anime": "[\"间谍过家家 代号：白\",\"鬼灭之刃 柱训练篇\",\"你想活出怎样的人生\",\"迷宫饭\",\"怪兽8号\",\"排球少年！！垃圾场决战\",\"哈尔的移动城堡\",\"一起来睡觉\",\"少女乐队的呐喊\",\"葬送的芙莉莲\",\"时不时说一句俄语来掩饰害羞的邻座艾莉同学\",\"窗边的小豆豆\",\"间谍过家家 第二季\",\"蓦然回首\",\"机动战士高达SEED FREEDOM\",\"失忆投捕\",\"北极百货店的接待员\",\"无职转生Ⅱ 到了异世界就拿出真本事 Part 2\",\"吹响悠风号3\",\"哆啦A梦：大雄的地球交响乐\"]",
  "wbg.video.first.open": false,
  "wbg.video.browse.traceless": false,
  "wbg.video.user.agent": "Mozilla/5.0 (Windows; U; Windows NT 5.2; en-US) AppleWebKit/537.36 (KHTML, like Gecko) Chrome/57.0.2987.108 Safari/537.36 UCBrowser/12.13.0.1207",
  "wbg.video.found.key": "csp_xml_ikun",
  "wbg.video.auto.subscribe": false,
  "wbg.video.search.mode": false,
  "wbg.video.hot.word.movie": "[\"来福大酒店\",\"泳者之心\",\"地平线\",\"坠爱地中海\",\"劫机\",\"谈判专家\",\"走走停停\",\"沙漏\",\"寂静之地：入侵日\",\"梦境\",\"九龙城寨之围城\",\"绝地战警：生死与共\",\"玛克辛\",\"末路老奶\",\"疯狂的麦克斯：狂暴女神\",\"填词L\",\"黎明的一切\",\"我们一起摇太阳\",\"她死了\",\"红毯先生\"]",
  "wbg.video.player.source.pan": false,
  "wbg.video.announcement": "2024-08-03",
  "wsg.video.app.version": "0.1.28",
  "wbg.video.hot.word.variety": "[\"信用中国\",\"五十公里桃花坞第四季\",\"开始推理吧第二季\",\"焕新环游传\",\"金牌调解\",\"经典传奇\",\"爱情保卫战\",\"养生堂\",\"第三调解室\",\"新老娘舅\",\"欢乐集结号\",\"名医话养生\",\"笑动剧场\",\"社会传真\",\"天天七点综\",\"男生女生向前冲第十四季\",\"爆梗脱口秀\",\"奔赴万人现场\"]",
  "wbg.search.history.keyword": "[\"全家听我心声我负责吃奶\",\"大夏傻神\",\"抓娃娃\",\"我买通三界林凡\",\"我买通三界短剧\",\"我！买通三界1\",\"我！买通三界-\",\"张彬彬吴倩三分野电视剧\",\"电视剧三分野\",\"三分野\",\"小仑由菜\",\"三级\",\"玉蒲团\",\"玉蒲团之偷情宝鉴徐锦江\",\"玉蒲团之偷情宝鉴\"]"
}