[
  {
    "createTime": 1706802372932,
    "enable": true,
    "id": 0,
    "localSpiderPath": "/storage/emulated/0/Android/data/com.wbg.video/files/TvBox/7FC1160EC33A0CE3CA6B67AC61630693.jar",
    "remoteSpiderUrl": "http://liulian1993.vip:5555/tvbox/lib/ziji/fty.jar",
    "updateTime": 1706802373677,
    "url": "http://liulian1993.vip:5555/tvbox/lib/ziji/ziji.json"
  },
  {
    "createTime": 1722609721637,
    "enable": true,
    "id": 0,
    "localSpiderPath": "/storage/emulated/0/Android/data/com.wbg.video/files/TvBox/046305DEBAE447482EF0F4C1E477BE6D.jar",
    "remoteSpiderUrl": "https://gitee.com/tvbox_2_0/ziji/raw/master/spider.jar",
    "updateTime": 1722609725549,
    "url": "https://gitee.com/tvbox_2_0/ziji/raw/master/ziji.json"
  },
  {
    "createTime": 1722609776732,
    "enable": true,
    "id": 0,
    "localSpiderPath": "/storage/emulated/0/Android/data/com.wbg.video/files/TvBox/7624418EF8207CE04D75ED10DED4BCB7.jar",
    "remoteSpiderUrl": "https://fs-im-kefu.7moor-fs1.com/29397395/4d2c3f00-7d4c-11e5-af15-41bf63ae4ea0/1709930083738/fan.txt",
    "updateTime": 1722609779162,
    "url": "https://mirror.ghproxy.com/https://raw.githubusercontent.com/pdscxz/TV/main/video/tv4k.json"
  },
  {
    "createTime": 1722609819039,
    "enable": true,
    "id": 0,
    "localSpiderPath": "/storage/emulated/0/Android/data/com.wbg.video/files/TvBox/439416BE801D81D3D4A674DF8E229318.jar",
    "remoteSpiderUrl": "https://mirror.ghproxy.com/raw.githubusercontent.com/gaotianliuyun/gao/master/jar/custom_spider.jar",
    "updateTime": 1722609826571,
    "url": "https://mirror.ghproxy.com/raw.githubusercontent.com/gaotianliuyun/gao/master/0827.json"
  },
  {
    "createTime": 1722609888476,
    "enable": true,
    "id": 0,
    "localSpiderPath": "/storage/emulated/0/Android/data/com.wbg.video/files/TvBox/CDAE011C5E3DE5CE3EC6A4DEDA2FFB6C.jar",
    "remoteSpiderUrl": "http://cdn.qiaoji8.com/fix24726.jar",
    "updateTime": 1722609891069,
    "url": "http://pandown.pro/tvbox/tvbox.json"
  },
  {
    "createTime": 1722609895055,
    "enable": true,
    "id": 0,
    "localSpiderPath": "/storage/emulated/0/Android/data/com.wbg.video/files/TvBox/CE251811D9E5A2EB1718F8EFBE662C81.jar",
    "remoteSpiderUrl": "https://mirror.ghproxy.com/raw.githubusercontent.com/gaotianliuyun/gao/master/jar/pg.jar",
    "updateTime": 1722609944527,
    "url": "https://mirror.ghproxy.com/raw.githubusercontent.com/gaotianliuyun/gao/master/0825.json"
  },
  {
    "createTime": 1722609948504,
    "enable": true,
    "id": 0,
    "localSpiderPath": "/storage/emulated/0/Android/data/com.wbg.video/files/TvBox/FFEF71F4613583433A7EF5BC596E002D.jar",
    "remoteSpiderUrl": "https://mirror.ghproxy.com/raw.githubusercontent.com/gaotianliuyun/gao/master/jar/XYQ.jar",
    "updateTime": 1722609967626,
    "url": "https://mirror.ghproxy.com/raw.githubusercontent.com/gaotianliuyun/gao/master/XYQ.json"
  }
]