[
  {
    "area": "法国",
    "createTime": 1716660528709,
    "id": 0,
    "jsonStr": "{\"actor\":\"\",\"area\":\"法国\",\"des\":\"无简介\",\"director\":\"\",\"doubanId\":\"\",\"endSkipTime\":0,\"head\":\"{}\",\"jiexiUrl\":\"\",\"lang\":\"英语\",\"name\":\"高压监狱\",\"pic\":\"https://img.guangsuimage.com/cover/724e901b27069d807cbb81cbf93ba374.jpg\",\"playManagerCore\":0,\"score\":\"0.0\",\"searchGroup\":\"tvbox\",\"searchSort\":50,\"sourceKey\":\"光速资源\",\"sourceLink\":\"http://api.guangsuapi.com/api.php/provide/vod/?ac\u003ddetail\u0026ids\u003d98317\",\"sourceName\":\"光速资源\",\"sourceType\":0,\"startSkipTime\":0,\"status\":\"伦理\",\"tags\":\"伦理\",\"type\":\"伦理片\",\"videoLineList\":[{\"name\":\"光速资源\",\"videoList\":[{\"name\":\"伦理\",\"playUrl\":\"https://v.gsuus.com/play/PdRBRKVd/index.m3u8\",\"sel\":true}]}],\"year\":\"2023\"}",
    "name": "高压监狱",
    "note": "",
    "pic": "https://img.guangsuimage.com/cover/724e901b27069d807cbb81cbf93ba374.jpg",
    "sourceKey": "光速资源",
    "status": "伦理",
    "type": "伦理片"
  },
  {
    "area": "美国",
    "createTime": 1716660881238,
    "id": 0,
    "jsonStr": "{\"actor\":\"洁西·珍  卡门·鲁花娜  洁琳·琳德穆德  媞格·普莱斯利 伊凡·史东\",\"area\":\"美国\",\"des\":\"一对新婚的夫妇曼纽尔、伊莎贝拉在蜜月旅行的航行中享受了一段短暂甜蜜的时光之后，却遭到一艘海盗船的袭击。海盗船长斯塔涅蒂把伊莎贝拉扔到海中，并绑架了曼纽尔以及轰沉商船后就扬长而去，因为曼纽尔是传说中某位印加王的后裔，海盗们想要从他身上探寻获得神秘强大力量的途径。\\n而伊莎贝拉在海上漂流数日之后，终于被一艘名为“黑神驹号”搭救上船，而爱德华船长是一个成天梦想要当海盗的花花公子，在副手儒勒的鼓励之下，他们答应要帮伊莎贝拉找到被绑架的丈夫，以及要消灭那群邪恶的海盗.....\",\"director\":\"约恩\",\"doubanId\":\"\",\"endSkipTime\":0,\"head\":\"{}\",\"jiexiUrl\":\"\",\"lang\":\"英语\",\"name\":\"加勒比女海盗\",\"pic\":\"https://img.guangsuimage.com/cover/6852aa253d45b3902baff6a8c08d0c1c.jpg\",\"playManagerCore\":0,\"score\":\"0.0\",\"searchGroup\":\"tvbox\",\"searchSort\":50,\"sourceKey\":\"光速资源\",\"sourceLink\":\"http://api.guangsuapi.com/api.php/provide/vod/?ac\u003ddetail\u0026ids\u003d108178\",\"sourceName\":\"光速资源\",\"sourceType\":0,\"startSkipTime\":0,\"status\":\"正片\",\"tags\":\"\",\"type\":\"伦理片\",\"videoLineList\":[{\"name\":\"光速资源\",\"videoList\":[{\"name\":\"正片\",\"playUrl\":\"https://v.gsuus.com/play/Pe9ogD8b/index.m3u8\",\"sel\":true}]}],\"year\":\"2005\"}",
    "name": "加勒比女海盗",
    "note": "",
    "pic": "https://img.guangsuimage.com/cover/6852aa253d45b3902baff6a8c08d0c1c.jpg",
    "sourceKey": "光速资源",
    "status": "正片",
    "type": "伦理片"
  },
  {
    "area": "美国",
    "createTime": 1716661028822,
    "id": 0,
    "jsonStr": "{\"actor\":\"汤米·冈恩,洁西·珍,史蒂芬·圣克罗伊\",\"area\":\"美国\",\"des\":\"海盗猎人上尉爱德华·雷诺兹和他的金发大副朱尔斯·斯蒂尔（Jules Steel）回到这里，他们被一位阴暗的总督招募，找到了一位阴险的中国女皇海盗，取名西京，和她的一伙阿拉伯杀手，他们正试图让世界上最可怕的海盗维克多·斯塔内蒂（Victor Stagnetti）从坟墓里复活统治世界。当朱尔斯被希廷俘虏并奴役时，雷诺兹必须依靠他的剑术盟友奥利维亚来对付围绕着致命的希廷的超自然力量。\",\"director\":\"约恩\",\"doubanId\":\"\",\"endSkipTime\":0,\"head\":\"{}\",\"jiexiUrl\":\"\",\"lang\":\"英语\",\"name\":\"加勒比女海盗2：斯塔内蒂的复仇\",\"pic\":\"https://img.jisuimage.com/cover/798ff0ef4fe5095dac91ec6af1246063.jpg\",\"playManagerCore\":0,\"score\":\"0.0\",\"searchGroup\":\"tvbox\",\"searchSort\":50,\"sourceKey\":\"极速资源\",\"sourceLink\":\"https://jszyapi.com/api.php/provide/vod/?ac\u003ddetail\u0026ids\u003d50409\",\"sourceName\":\"极速资源\",\"sourceType\":0,\"startSkipTime\":0,\"status\":\"正片\",\"tags\":\"\",\"type\":\"伦理片\",\"videoLineList\":[{\"name\":\"极速资源\",\"videoList\":[{\"name\":\"正片\",\"playUrl\":\"https://vv.jisuzyv.com/play/xe7mXp8b/index.m3u8\",\"sel\":true}]}],\"year\":\"2008\"}",
    "name": "加勒比女海盗2：斯塔内蒂的复仇",
    "note": "",
    "pic": "https://img.jisuimage.com/cover/798ff0ef4fe5095dac91ec6af1246063.jpg",
    "sourceKey": "极速资源",
    "status": "正片",
    "type": "伦理片"
  }
]