[
  {
    "createTime": 1716045745596,
    "id": 0,
    "updateTime": 1716045745596,
    "url": "0V5CsJEcVU6VK+0V11lh2NyCEf070202211291546398uh+00019700101000000001/0V11lh2NyCEf032202211291546241yl/0V11lh2NyCEf070202211291546398uh+http://shls.mcloud.139.com/hls/KAb06f06ca587d14c0656730c84f80a8e6/playlist.m3u8?ci\u003d0V11lh2NyCEf070202211291546398uh\u0026fileSize\u003d940871632\u0026usersiteid\u003dusersite-s"
  },
  {
    "createTime": 1716045874357,
    "id": 0,
    "updateTime": 1716045874357,
    "url": "https://ppvod01.6g9ba6.com/splitOut/20240426/65543/V2024042611490845/index.m3u8"
  },
  {
    "createTime": 1716045879728,
    "id": 0,
    "updateTime": 1716045879728,
    "url": "https://ppvod01.6g9ba6.com/splitOut/20240426/65543/V2024042611490845/index.m3u8|qiao"
  },
  {
    "createTime": 1716045926772,
    "id": 0,
    "updateTime": 1716045926772,
    "url": "https://vod.6g9ba6.com/20231211/7IVg22eH/index.m3u8"
  },
  {
    "createTime": 1716046200882,
    "id": 0,
    "updateTime": 1716046200882,
    "url": "0M5CfkZ9o5JTM+0M11nPGDA4kt032202301160918125v1+00019700101000000001/0M11nPGDA4kt032202301160912042qe/0M11nPGDA4kt032202301160918125v1+http://shls.mcloud.139.com/hls/KB627d35b928a045850d0dfb1168272a77/playlist.m3u8?ci\u003d0M11nPGDA4kt032202301160918125v1\u0026fileSize\u003d1931151006\u0026usersiteid\u003dusersite-s"
  },
  {
    "createTime": 1716046214227,
    "id": 0,
    "updateTime": 1716046214227,
    "url": "0M5CfkWVinftK+0M11nPGDA4kt03320230116111306uz8+00019700101000000001/0M11nPGDA4kt03120230116103333qdq/0M11nPGDA4kt03320230116111306uz8+http://shls.mcloud.139.com/hls/K85b650ef7fe232aba77b7e5b950db7efc/playlist.m3u8?ci\u003d0M11nPGDA4kt03320230116111306uz8\u0026fileSize\u003d3186977226\u0026usersiteid\u003dusersite-s"
  },
  {
    "createTime": 1716046229742,
    "id": 0,
    "updateTime": 1716046229742,
    "url": "WMx5A6iQ96X++64ba066bbf87b320adc14fafa1d729a71b8047aa+mkv+White.Chicks.2004@@@srt@@@64ba066b2689ed693c1e43cc97420559ba77dd4e"
  },
  {
    "createTime": 1716046234447,
    "id": 0,
    "updateTime": 1716046234447,
    "url": "3RYLeKyBtE7++654c383f8e0a6541a5f745efbed1141f58e4239d+mkv+White.Chicks.2004更多资源-Xh1080.com@@@srt@@@654c383f15106921568c4c7fa6cf03a8cda12c31"
  },
  {
    "createTime": 1716046244659,
    "id": 0,
    "updateTime": 1716046244659,
    "url": "758416dfadab+null+32a81dcf64d54074ade57cecf1d92ae1_5284bcc47b34b4752b820da6a20123a4+mp4"
  },
  {
    "createTime": 1716046400333,
    "id": 0,
    "updateTime": 1716046400333,
    "url": "https://s1.bfllvip.com/video/pingzhuangdiyu/HD/index.m3u8"
  },
  {
    "createTime": 1716046405277,
    "id": 0,
    "updateTime": 1716046405277,
    "url": "https://top.1080pzy.co/202310/30/MA7LMBNGwq3/video/index.m3u8"
  },
  {
    "createTime": 1716046964561,
    "id": 0,
    "updateTime": 1716046964561,
    "url": "https://v.cdnlz3.com/20240120/22860_e13b285c/index.m3u8"
  },
  {
    "createTime": 1716058554630,
    "id": 0,
    "updateTime": 1716058554630,
    "url": "DYwKLGhhvLF%20%20627e74ea39465a66a5f84c039a6c7cb51c47e8f6%20mp4"
  },
  {
    "createTime": 1716058554662,
    "id": 0,
    "updateTime": 1716058554662,
    "url": "DYwKLGhhvLF++627e74ea39465a66a5f84c039a6c7cb51c47e8f6+mp4"
  },
  {
    "createTime": 1716058561386,
    "id": 0,
    "updateTime": 1716058561386,
    "url": ""
  },
  {
    "createTime": 1716058564831,
    "id": 0,
    "updateTime": 1716058564831,
    "url": "abgXdqtft9E++63af403063f0faa988434ad1b0d3c28b9fd62706+mp4"
  },
  {
    "createTime": 1716661793786,
    "id": 0,
    "updateTime": 1716661793786,
    "url": "https://new.qoqkkhy.com/20210906/RQlzeerc/index.m3u8"
  },
  {
    "createTime": 1716661848962,
    "id": 0,
    "updateTime": 1716661848962,
    "url": "https://new.1080pzy.co/20210906/RQlzeerc/index.m3u8"
  },
  {
    "createTime": 1716661963101,
    "id": 0,
    "updateTime": 1716661963101,
    "url": "ppmag:///data/user/0/com.wbg.video/cache/thunder/34a0aa3a347ad2ac079a6eb91eb00577/C4A49491E5AA7C311662C40B75B02C889E084317.torrent?name\u003dbesthd-virgin.territory-1080p.mkv\u0026index\u003d1"
  },
  {
    "createTime": 1716661963158,
    "id": 0,
    "updateTime": 1716661963158,
    "url": "ppmag:///data/user/0/com.wbg.video/cache/thunder/f9a291db5cc3a908b2474d39f30fee63/5BF56828EEAADA4B96A26AABE148855F235E2E3D.torrent?name\u003dVirgin.Territory.2007.720p.BluRay.H264.AAC-RARBG.mp4\u0026index\u003d2"
  },
  {
    "createTime": 1716661968279,
    "id": 0,
    "updateTime": 1716661968279,
    "url": "ppmag:///data/user/0/com.wbg.video/cache/thunder/de198ec51c6d7f5046cd160b83ccf7d1/3B43EFE91AF0C4D14B3C8E12A93A9066DA9A563F.torrent?name\u003dVirgin.Territory.2007.1080p.BluRay.H264.AAC-RARBG.mp4\u0026index\u003d2"
  },
  {
    "createTime": 1716661972822,
    "id": 0,
    "updateTime": 1716661972822,
    "url": "ppmag:///data/user/0/com.wbg.video/cache/thunder/d273451e4d7dcc748fe4706c2964093e/E3180BD1C47DFFB11A4F88EE1302A7D2A09DAA98.torrent?name\u003dVirgin.Territory.2007.1080p.BluRay.x265-RARBG.mp4\u0026index\u003d3"
  },
  {
    "createTime": 1716662600174,
    "id": 0,
    "updateTime": 1716662600174,
    "url": "ppmag:///data/user/0/com.wbg.video/cache/thunder/4e36819d45871769c6104bf5d53a8f1d/4825B0212EB54E0DD49841D255E188BC1361F8BC.torrent?name\u003dcreep-tombsoftheblinddead1080.mkv\u0026index\u003d2"
  },
  {
    "createTime": 1716662600227,
    "id": 0,
    "updateTime": 1716662600227,
    "url": "ppmag:///data/user/0/com.wbg.video/cache/thunder/1a2280f929a260f10ff9fb86118ceef2/FB560F17034EE1AF164E638D06ABDE959B5477FF.torrent?name\u003dcreep-tombsoftheblinddead720.mkv\u0026index\u003d2"
  },
  {
    "createTime": 1716662615705,
    "id": 0,
    "updateTime": 1716662615705,
    "url": "https://y2.ylbf1.com/20230408/0s1RYRfq/index.m3u8"
  }
]