[
  {
    "createTime": 1716659156697,
    "enable": true,
    "id": 24,
    "playerType": 0,
    "sort": 50,
    "subLiveUrl": "https://live.fanmingming.com/tv/m3u/ipv6.m3u",
    "subLiveUrlName": "IPV6",
    "subTvboxUrl": "http://饭太硬.top/tv",
    "type": 0,
    "updateTime": 1716659161769
  },
  {
    "createTime": 1716659067070,
    "enable": true,
    "epg": "http://epg.112114.xyz/?ch\u003d{name}\u0026date\u003d{date}",
    "id": 27,
    "logo": "https://epg.112114.xyz/logo/{name}.png",
    "playerType": 0,
    "sort": 50,
    "subLiveUrl": "https://fs-im-kefu.7moor-fs1.com/ly/4d2c3f00-7d4c-11e5-af15-41bf63ae4ea0/1715581924111/live1.txt",
    "subLiveUrlName": "综合1",
    "subTvboxUrl": "http://xhww.fun:63/小米/DEMO.json",
    "type": 0,
    "ua": "okhttp/3.15",
    "updateTime": 1716659067070
  },
  {
    "createTime": 1716659067070,
    "enable": true,
    "epg": "http://epg.112114.xyz/?ch\u003d{name}\u0026date\u003d{date}",
    "id": 28,
    "logo": "https://epg.112114.xyz/logo/{name}.png",
    "playerType": 0,
    "sort": 50,
    "subLiveUrl": "https://fs-im-kefu.7moor-fs1.com/ly/4d2c3f00-7d4c-11e5-af15-41bf63ae4ea0/1715581924675/live2.txt",
    "subLiveUrlName": "综合2",
    "subTvboxUrl": "http://xhww.fun:63/小米/DEMO.json",
    "type": 0,
    "ua": "okhttp/3.15",
    "updateTime": 1716659067070
  },
  {
    "createTime": 1716659067070,
    "enable": true,
    "epg": "http://epg.112114.xyz/?ch\u003d{name}\u0026date\u003d{date}",
    "id": 29,
    "logo": "https://epg.112114.xyz/logo/{name}.png",
    "playerType": 0,
    "sort": 50,
    "subLiveUrl": "https://cc-im-kefu-cos.7moor-fs2.com/im/2768a390-5474-11ea-afc9-7b323e3e16c0/d4fe44c5-107c-4511-af02-aa08fb10dff7/2024-04-25/2024-04-25_17:22:21/1714036941087/98644330/wexiptv.txt",
    "subLiveUrlName": "综合3",
    "subTvboxUrl": "http://xhww.fun:63/小米/DEMO.json",
    "type": 0,
    "ua": "okhttp/3.15",
    "updateTime": 1716659067070
  },
  {
    "createTime": 1716659067070,
    "enable": true,
    "epg": "http://epg.112114.xyz/?ch\u003d{name}\u0026date\u003d{date}",
    "id": 30,
    "logo": "https://epg.112114.xyz/logo/{name}.png",
    "playerType": 0,
    "sort": 50,
    "subLiveUrl": "https://cc-im-kefu-cos.7moor-fs2.com/im/2768a390-5474-11ea-afc9-7b323e3e16c0/d4fe44c5-107c-4511-af02-aa08fb10dff7/2024-04-25/2024-04-25_17:25:01/1714037101343/5511539/wexlive.txt",
    "subLiveUrlName": "IPV4",
    "subTvboxUrl": "http://xhww.fun:63/小米/DEMO.json",
    "type": 0,
    "ua": "okhttp/3.15",
    "updateTime": 1716659067070
  },
  {
    "createTime": 1716659156697,
    "enable": true,
    "id": 36,
    "playerType": 0,
    "sort": 50,
    "subLiveUrl": "https://mirror.ghproxy.com/raw.githubusercontent.com/ssili126/tv/main/itvlist.m3u",
    "subLiveUrlName": "多线ITV",
    "subTvboxUrl": "http://饭太硬.top/tv",
    "type": 0,
    "updateTime": 1716659156697
  },
  {
    "createTime": 1716659156697,
    "enable": true,
    "id": 37,
    "playerType": 0,
    "sort": 50,
    "subLiveUrl": "https://xhdwc.tk/xiutan.m3u",
    "subLiveUrlName": "XIUTAN",
    "subTvboxUrl": "http://饭太硬.top/tv",
    "type": 0,
    "ua": "Mozilla/5.0 (Windows NT 10.0; Win64; x64) AppleWebKit/537.36 (KHTML, like Gecko) Chrome/120.0.0.0 Safari/537.36 Edg/120.0.0.0",
    "updateTime": 1716659156697
  },
  {
    "createTime": 1718292809219,
    "enable": true,
    "epg": "https://epg.112114.xyz/?ch\u003d{name}\u0026date\u003d{date}",
    "id": 39,
    "logo": "https://epg.112114.xyz/logo/{name}.png",
    "playerType": 0,
    "sort": 50,
    "subLiveUrl": "https://fanmingming.com/txt?url\u003dhttps://live.fanmingming.com/tv/m3u/ipv6.m3u",
    "subLiveUrlName": "FMM_IPV6",
    "subTvboxUrl": "https://mirror.ghproxy.com/raw.githubusercontent.com/gaotianliuyun/gao/master/XYQ.json",
    "type": 0,
    "updateTime": 1718292809219
  },
  {
    "createTime": 1718292973985,
    "enable": true,
    "epg": "https://epg.112114.xyz/?ch\u003d{name}\u0026date\u003d{date}",
    "id": 40,
    "logo": "https://epg.112114.xyz/logo/{name}.png",
    "playerType": 0,
    "sort": 50,
    "subLiveUrl": "https://cloud.blankwings.net/api/v3/file/get/3996/live.txt?sign\u003d6-lSCmP_3asDh_wSm6H5pkL3LyWl0nN5EwAqFWA5Xns%3D%3A0",
    "subLiveUrlName": "live",
    "subTvboxUrl": "https://gitee.com/tvbox_2_0/ziji/raw/master/ziji.json",
    "type": 0,
    "updateTime": 1718292973985
  },
  {
    "createTime": 1718293013174,
    "enable": true,
    "epg": "http://epg.112114.xyz/?ch\u003d{name}\u0026date\u003d{date}",
    "id": 41,
    "logo": "https://epg.112114.xyz/logo/{name}.png",
    "playerType": 0,
    "sort": 50,
    "subLiveUrl": "https://weixine.net/tv/ysclive.txt",
    "subLiveUrlName": "live",
    "subTvboxUrl": "https://weixine.net/ysc.json",
    "type": 0,
    "updateTime": 1718293013174
  },
  {
    "createTime": 1718293129977,
    "enable": true,
    "epg": "http://epg.112114.xyz/?ch\u003d{name}\u0026date\u003d{date}",
    "id": 42,
    "logo": "https://epg.112114.xyz/logo/{name}.png",
    "playerType": 0,
    "sort": 50,
    "subLiveUrl": "https://mirror.ghproxy.com/raw.githubusercontent.com/gaotianliuyun/gao/master/list.txt",
    "subLiveUrlName": "初秋语•综合",
    "subTvboxUrl": "https://mirror.ghproxy.com/raw.githubusercontent.com/gaotianliuyun/gao/master/0825.json",
    "type": 0,
    "updateTime": 1718293129977
  },
  {
    "createTime": 1718293129977,
    "enable": true,
    "epg": "http://epg.112114.xyz/?ch\u003d{name}\u0026date\u003d{date}",
    "id": 43,
    "logo": "https://epg.112114.xyz/logo/{name}.png",
    "playerType": 0,
    "sort": 50,
    "subLiveUrl": "https://github.moeyy.xyz/https://raw.githubusercontent.com/dxawi/0/main/tvlive.txt",
    "subLiveUrlName": "Ray•综合",
    "subTvboxUrl": "https://mirror.ghproxy.com/raw.githubusercontent.com/gaotianliuyun/gao/master/0825.json",
    "type": 0,
    "updateTime": 1718293129977
  },
  {
    "createTime": 1718293129977,
    "enable": true,
    "epg": "http://epg.112114.xyz/?ch\u003d{name}\u0026date\u003d{date}",
    "id": 44,
    "logo": "https://epg.112114.xyz/logo/{name}.png",
    "playerType": 0,
    "sort": 50,
    "subLiveUrl": "https://github.moeyy.xyz/https://raw.githubusercontent.com/YuanHsing/YouTube_to_m3u/main/youtube.m3u",
    "subLiveUrlName": "YuanHsing•油管",
    "subTvboxUrl": "https://mirror.ghproxy.com/raw.githubusercontent.com/gaotianliuyun/gao/master/0825.json",
    "type": 0,
    "updateTime": 1718293129977
  }
]