[
  {
    "createTime": 1716659067094,
    "enable": true,
    "hide": false,
    "id": 394,
    "name": "📡央视高清👉放牛娃",
    "sort": 50,
    "subUrl": "http://xhww.fun:63/小米/DEMO.json",
    "updateTime": 1716659067094
  },
  {
    "createTime": 1716659067191,
    "enable": true,
    "hide": false,
    "id": 395,
    "name": "📡卫视高清👉放牛娃",
    "sort": 50,
    "subUrl": "http://xhww.fun:63/小米/DEMO.json",
    "updateTime": 1716659067191
  },
  {
    "createTime": 1716659067411,
    "enable": true,
    "hide": false,
    "id": 396,
    "name": "📡数字频道👉放牛娃",
    "sort": 50,
    "subUrl": "http://xhww.fun:63/小米/DEMO.json",
    "updateTime": 1716659067411
  },
  {
    "createTime": 1716659067822,
    "enable": true,
    "hide": false,
    "id": 397,
    "name": "📡央视频道👉放牛娃",
    "sort": 50,
    "subUrl": "http://xhww.fun:63/小米/DEMO.json",
    "updateTime": 1716659067822
  },
  {
    "createTime": 1716659067876,
    "enable": true,
    "hide": false,
    "id": 398,
    "name": "📡广东频道👉放牛娃",
    "sort": 50,
    "subUrl": "http://xhww.fun:63/小米/DEMO.json",
    "updateTime": 1716659067876
  },
  {
    "createTime": 1716659068054,
    "enable": true,
    "hide": false,
    "id": 401,
    "name": "📡央视频道👉IPV6",
    "sort": 50,
    "subUrl": "http://xhww.fun:63/小米/DEMO.json",
    "updateTime": 1716659068054
  },
  {
    "createTime": 1716659068311,
    "enable": true,
    "hide": false,
    "id": 402,
    "name": "📡卫视频道👉IPV6",
    "sort": 50,
    "subUrl": "http://xhww.fun:63/小米/DEMO.json",
    "updateTime": 1716659068311
  },
  {
    "createTime": 1716659068454,
    "enable": true,
    "hide": false,
    "id": 403,
    "name": "📡印度歌舞👉🐷🐷",
    "sort": 50,
    "subUrl": "http://xhww.fun:63/小米/DEMO.json",
    "updateTime": 1716659068454
  },
  {
    "createTime": 1716659068505,
    "enable": true,
    "hide": false,
    "id": 404,
    "name": "📡宁夏频道👉全网",
    "sort": 50,
    "subUrl": "http://xhww.fun:63/小米/DEMO.json",
    "updateTime": 1716659068505
  },
  {
    "createTime": 1716659068529,
    "enable": true,
    "hide": false,
    "id": 405,
    "name": "📡卫视频道👉全网",
    "sort": 50,
    "subUrl": "http://xhww.fun:63/小米/DEMO.json",
    "updateTime": 1716659068529
  },
  {
    "createTime": 1716659069742,
    "enable": true,
    "hide": false,
    "id": 406,
    "name": "📡综合频道👉IPV6",
    "sort": 50,
    "subUrl": "http://xhww.fun:63/小米/DEMO.json",
    "updateTime": 1716659069742
  },
  {
    "createTime": 1716659070060,
    "enable": true,
    "hide": false,
    "id": 407,
    "name": "🏆体育频道👉全网",
    "sort": 50,
    "subUrl": "http://xhww.fun:63/小米/DEMO.json",
    "updateTime": 1716659070060
  },
  {
    "createTime": 1716659070163,
    "enable": true,
    "hide": false,
    "id": 408,
    "name": "🎬电影频道👉全网",
    "sort": 50,
    "subUrl": "http://xhww.fun:63/小米/DEMO.json",
    "updateTime": 1716659070163
  },
  {
    "createTime": 1716659070477,
    "enable": true,
    "hide": false,
    "id": 409,
    "name": "🎬YYY频道👉全网",
    "sort": 50,
    "subUrl": "http://xhww.fun:63/小米/DEMO.json",
    "updateTime": 1716659070477
  },
  {
    "createTime": 1716659070586,
    "enable": true,
    "hide": false,
    "id": 410,
    "name": "🎬国内影院👉全网",
    "sort": 50,
    "subUrl": "http://xhww.fun:63/小米/DEMO.json",
    "updateTime": 1716659070586
  },
  {
    "createTime": 1716659070612,
    "enable": true,
    "hide": false,
    "id": 411,
    "name": "💞少儿影院👉全网",
    "sort": 50,
    "subUrl": "http://xhww.fun:63/小米/DEMO.json",
    "updateTime": 1716659070612
  },
  {
    "createTime": 1716659070633,
    "enable": true,
    "hide": false,
    "id": 412,
    "name": "🍁收音广播👉全网",
    "sort": 50,
    "subUrl": "http://xhww.fun:63/小米/DEMO.json",
    "updateTime": 1716659070633
  },
  {
    "createTime": 1716659071237,
    "enable": true,
    "hide": false,
    "id": 413,
    "name": "🐼MTV视频👉全网",
    "sort": 50,
    "subUrl": "http://xhww.fun:63/小米/DEMO.json",
    "updateTime": 1716659071237
  },
  {
    "createTime": 1716659071324,
    "enable": true,
    "hide": false,
    "id": 414,
    "name": "🌃春晚现场👉全网",
    "sort": 50,
    "subUrl": "http://xhww.fun:63/小米/DEMO.json",
    "updateTime": 1716659071324
  },
  {
    "createTime": 1716659071945,
    "enable": true,
    "hide": false,
    "id": 419,
    "name": "影视",
    "sort": 50,
    "subUrl": "http://xhww.fun:63/小米/DEMO.json",
    "updateTime": 1716659071945
  },
  {
    "createTime": 1716659072436,
    "enable": true,
    "hide": false,
    "id": 428,
    "name": "广西综合",
    "sort": 50,
    "subUrl": "http://xhww.fun:63/小米/DEMO.json",
    "updateTime": 1716659072436
  },
  {
    "createTime": 1716659073642,
    "enable": true,
    "hide": false,
    "id": 431,
    "name": "央视卫视IPV6",
    "sort": 50,
    "subUrl": "http://xhww.fun:63/小米/DEMO.json",
    "updateTime": 1716659073642
  },
  {
    "createTime": 1716659074085,
    "enable": true,
    "hide": false,
    "id": 432,
    "name": "央视IPV6",
    "sort": 50,
    "subUrl": "http://xhww.fun:63/小米/DEMO.json",
    "updateTime": 1716659074085
  },
  {
    "createTime": 1716659074283,
    "enable": true,
    "hide": false,
    "id": 433,
    "name": "卫视IPV6",
    "sort": 50,
    "subUrl": "http://xhww.fun:63/小米/DEMO.json",
    "updateTime": 1716659074283
  },
  {
    "createTime": 1716659076123,
    "enable": true,
    "hide": false,
    "id": 434,
    "name": "王二小🌟央卫",
    "sort": 50,
    "subUrl": "http://xhww.fun:63/小米/DEMO.json",
    "updateTime": 1716659076123
  },
  {
    "createTime": 1716659076614,
    "enable": true,
    "hide": false,
    "id": 436,
    "name": "移动🌟央视",
    "sort": 50,
    "subUrl": "http://xhww.fun:63/小米/DEMO.json",
    "updateTime": 1716659076614
  },
  {
    "createTime": 1716659077036,
    "enable": true,
    "hide": false,
    "id": 438,
    "name": "联通🌟卫视",
    "sort": 50,
    "subUrl": "http://xhww.fun:63/小米/DEMO.json",
    "updateTime": 1716659077036
  },
  {
    "createTime": 1716659077423,
    "enable": true,
    "hide": false,
    "id": 439,
    "name": "移动🌟卫视",
    "sort": 50,
    "subUrl": "http://xhww.fun:63/小米/DEMO.json",
    "updateTime": 1716659077423
  },
  {
    "createTime": 1716659077665,
    "enable": true,
    "hide": false,
    "id": 440,
    "name": "电信🌟卫视",
    "sort": 50,
    "subUrl": "http://xhww.fun:63/小米/DEMO.json",
    "updateTime": 1716659077665
  },
  {
    "createTime": 1716659078389,
    "enable": true,
    "hide": false,
    "id": 442,
    "name": "王二小🌟地方",
    "sort": 50,
    "subUrl": "http://xhww.fun:63/小米/DEMO.json",
    "updateTime": 1716659078389
  },
  {
    "createTime": 1716659078865,
    "enable": true,
    "hide": false,
    "id": 443,
    "name": "王二小🌟V6央",
    "sort": 50,
    "subUrl": "http://xhww.fun:63/小米/DEMO.json",
    "updateTime": 1716659078865
  },
  {
    "createTime": 1716659078917,
    "enable": true,
    "hide": false,
    "id": 444,
    "name": "王二小🌟V6卫",
    "sort": 50,
    "subUrl": "http://xhww.fun:63/小米/DEMO.json",
    "updateTime": 1716659078917
  },
  {
    "createTime": 1716659079083,
    "enable": true,
    "hide": false,
    "id": 445,
    "name": "王二小🌟V6咪咕",
    "sort": 50,
    "subUrl": "http://xhww.fun:63/小米/DEMO.json",
    "updateTime": 1716659079083
  },
  {
    "createTime": 1716659079236,
    "enable": true,
    "hide": false,
    "id": 446,
    "name": "重温🌟经典",
    "sort": 50,
    "subUrl": "http://xhww.fun:63/小米/DEMO.json",
    "updateTime": 1716659079236
  },
  {
    "createTime": 1716659079519,
    "enable": true,
    "hide": false,
    "id": 447,
    "name": "王二小🌟电影",
    "sort": 50,
    "subUrl": "http://xhww.fun:63/小米/DEMO.json",
    "updateTime": 1716659079519
  },
  {
    "createTime": 1716659079738,
    "enable": true,
    "hide": false,
    "id": 448,
    "name": "电影🌟轮播",
    "sort": 50,
    "subUrl": "http://xhww.fun:63/小米/DEMO.json",
    "updateTime": 1716659079738
  },
  {
    "createTime": 1716659080970,
    "enable": true,
    "hide": false,
    "id": 449,
    "name": "动感🌟舞曲",
    "sort": 50,
    "subUrl": "http://xhww.fun:63/小米/DEMO.json",
    "updateTime": 1716659080970
  },
  {
    "createTime": 1716659081055,
    "enable": true,
    "hide": false,
    "id": 450,
    "name": "历届🌟春晚",
    "sort": 50,
    "subUrl": "http://xhww.fun:63/小米/DEMO.json",
    "updateTime": 1716659081055
  },
  {
    "createTime": 1716659157742,
    "enable": true,
    "hide": false,
    "id": 539,
    "name": "央视频道",
    "sort": 50,
    "subUrl": "http://饭太硬.top/tv",
    "updateTime": 1716659157742
  },
  {
    "createTime": 1716659158281,
    "enable": true,
    "hide": false,
    "id": 540,
    "name": "卫视频道",
    "sort": 50,
    "subUrl": "http://饭太硬.top/tv",
    "updateTime": 1716659158281
  },
  {
    "createTime": 1716659158980,
    "enable": true,
    "hide": false,
    "id": 541,
    "name": "其他频道",
    "sort": 50,
    "subUrl": "http://饭太硬.top/tv",
    "updateTime": 1716659158980
  },
  {
    "createTime": 1716659161451,
    "enable": true,
    "hide": false,
    "id": 543,
    "name": "数字频道",
    "sort": 50,
    "subUrl": "http://饭太硬.top/tv",
    "updateTime": 1716659161451
  },
  {
    "createTime": 1716659161628,
    "enable": true,
    "hide": false,
    "id": 544,
    "name": "上海频道",
    "sort": 50,
    "subUrl": "http://饭太硬.top/tv",
    "updateTime": 1716659161628
  },
  {
    "createTime": 1716659161678,
    "enable": true,
    "hide": false,
    "id": 545,
    "name": "浙江频道",
    "sort": 50,
    "subUrl": "http://饭太硬.top/tv",
    "updateTime": 1716659161678
  },
  {
    "createTime": 1716659161713,
    "enable": true,
    "hide": false,
    "id": 546,
    "name": "内蒙频道",
    "sort": 50,
    "subUrl": "http://饭太硬.top/tv",
    "updateTime": 1716659161713
  },
  {
    "createTime": 1718292976451,
    "enable": true,
    "hide": false,
    "id": 560,
    "name": "中电",
    "sort": 50,
    "subUrl": "https://gitee.com/tvbox_2_0/ziji/raw/master/ziji.json",
    "updateTime": 1718292976451
  },
  {
    "createTime": 1718292976699,
    "enable": true,
    "hide": false,
    "id": 561,
    "name": "中联",
    "sort": 50,
    "subUrl": "https://gitee.com/tvbox_2_0/ziji/raw/master/ziji.json",
    "updateTime": 1718292976699
  },
  {
    "createTime": 1718292976868,
    "enable": true,
    "hide": false,
    "id": 562,
    "name": "中移",
    "sort": 50,
    "subUrl": "https://gitee.com/tvbox_2_0/ziji/raw/master/ziji.json",
    "updateTime": 1718292976868
  },
  {
    "createTime": 1718292976999,
    "enable": true,
    "hide": false,
    "id": 563,
    "name": "1V6",
    "sort": 50,
    "subUrl": "https://gitee.com/tvbox_2_0/ziji/raw/master/ziji.json",
    "updateTime": 1718292976999
  },
  {
    "createTime": 1718292977133,
    "enable": true,
    "hide": false,
    "id": 564,
    "name": "2V6",
    "sort": 50,
    "subUrl": "https://gitee.com/tvbox_2_0/ziji/raw/master/ziji.json",
    "updateTime": 1718292977133
  },
  {
    "createTime": 1718292977243,
    "enable": true,
    "hide": false,
    "id": 565,
    "name": "3V6",
    "sort": 50,
    "subUrl": "https://gitee.com/tvbox_2_0/ziji/raw/master/ziji.json",
    "updateTime": 1718292977243
  },
  {
    "createTime": 1718292977340,
    "enable": true,
    "hide": false,
    "id": 566,
    "name": "🌃历届春晚",
    "sort": 50,
    "subUrl": "https://gitee.com/tvbox_2_0/ziji/raw/master/ziji.json",
    "updateTime": 1718292977340
  },
  {
    "createTime": 1718292977424,
    "enable": true,
    "hide": false,
    "id": 567,
    "name": "轮播",
    "sort": 50,
    "subUrl": "https://gitee.com/tvbox_2_0/ziji/raw/master/ziji.json",
    "updateTime": 1718292977424
  },
  {
    "createTime": 1718292977603,
    "enable": true,
    "hide": false,
    "id": 568,
    "name": "🐠斗鱼精选",
    "sort": 50,
    "subUrl": "https://gitee.com/tvbox_2_0/ziji/raw/master/ziji.json",
    "updateTime": 1718292977603
  },
  {
    "createTime": 1718292979270,
    "enable": true,
    "hide": false,
    "id": 569,
    "name": "🐯虎牙视频",
    "sort": 50,
    "subUrl": "https://gitee.com/tvbox_2_0/ziji/raw/master/ziji.json",
    "updateTime": 1718292979270
  },
  {
    "createTime": 1718292980855,
    "enable": true,
    "hide": false,
    "id": 570,
    "name": "裸眼3D",
    "sort": 50,
    "subUrl": "https://gitee.com/tvbox_2_0/ziji/raw/master/ziji.json",
    "updateTime": 1718292980855
  },
  {
    "createTime": 1718292980977,
    "enable": true,
    "hide": false,
    "id": 571,
    "name": "直播中国",
    "sort": 50,
    "subUrl": "https://gitee.com/tvbox_2_0/ziji/raw/master/ziji.json",
    "updateTime": 1718292980977
  },
  {
    "createTime": 1718292981589,
    "enable": true,
    "hide": false,
    "id": 572,
    "name": "歌星金曲",
    "sort": 50,
    "subUrl": "https://gitee.com/tvbox_2_0/ziji/raw/master/ziji.json",
    "updateTime": 1718292981589
  },
  {
    "createTime": 1718292982372,
    "enable": true,
    "hide": false,
    "id": 573,
    "name": "DJ音乐",
    "sort": 50,
    "subUrl": "https://gitee.com/tvbox_2_0/ziji/raw/master/ziji.json",
    "updateTime": 1718292982372
  },
  {
    "createTime": 1718292983546,
    "enable": true,
    "hide": false,
    "id": 574,
    "name": "🎶怀旧点唱",
    "sort": 50,
    "subUrl": "https://gitee.com/tvbox_2_0/ziji/raw/master/ziji.json",
    "updateTime": 1718292983546
  },
  {
    "createTime": 1718292984219,
    "enable": true,
    "hide": false,
    "id": 575,
    "name": "9+9测试",
    "pwd": "6688",
    "sort": 50,
    "subUrl": "https://gitee.com/tvbox_2_0/ziji/raw/master/ziji.json",
    "updateTime": 1718292984219
  },
  {
    "createTime": 1718293014458,
    "enable": true,
    "hide": false,
    "id": 577,
    "name": "🚛卫视频道",
    "sort": 50,
    "subUrl": "https://weixine.net/ysc.json",
    "updateTime": 1718293014458
  },
  {
    "createTime": 1718293014686,
    "enable": true,
    "hide": false,
    "id": 578,
    "name": "🚛港  澳  台",
    "sort": 50,
    "subUrl": "https://weixine.net/ysc.json",
    "updateTime": 1718293014686
  },
  {
    "createTime": 1718293014978,
    "enable": true,
    "hide": false,
    "id": 579,
    "name": "🚛国际频道",
    "sort": 50,
    "subUrl": "https://weixine.net/ysc.json",
    "updateTime": 1718293014978
  },
  {
    "createTime": 1718293015326,
    "enable": true,
    "hide": false,
    "id": 580,
    "name": "🚛体育赛事",
    "sort": 50,
    "subUrl": "https://weixine.net/ysc.json",
    "updateTime": 1718293015326
  },
  {
    "createTime": 1718293015448,
    "enable": true,
    "hide": false,
    "id": 581,
    "name": "🚛少儿频道",
    "sort": 50,
    "subUrl": "https://weixine.net/ysc.json",
    "updateTime": 1718293015448
  },
  {
    "createTime": 1718293015651,
    "enable": true,
    "hide": false,
    "id": 582,
    "name": "🚛最新电影",
    "sort": 50,
    "subUrl": "https://weixine.net/ysc.json",
    "updateTime": 1718293015651
  },
  {
    "createTime": 1718293015714,
    "enable": true,
    "hide": false,
    "id": 583,
    "name": "🚛春晚小品",
    "sort": 50,
    "subUrl": "https://weixine.net/ysc.json",
    "updateTime": 1718293015714
  },
  {
    "createTime": 1718293015941,
    "enable": true,
    "hide": false,
    "id": 584,
    "name": "🚛D J 歌 曲",
    "sort": 50,
    "subUrl": "https://weixine.net/ysc.json",
    "updateTime": 1718293015941
  },
  {
    "createTime": 1718293017153,
    "enable": true,
    "hide": false,
    "id": 585,
    "name": "🚛狂       飙 ",
    "sort": 50,
    "subUrl": "https://weixine.net/ysc.json",
    "updateTime": 1718293017153
  },
  {
    "createTime": 1718293017260,
    "enable": true,
    "hide": false,
    "id": 586,
    "name": "🚛雪中悍刀行",
    "sort": 50,
    "subUrl": "https://weixine.net/ysc.json",
    "updateTime": 1718293017260
  },
  {
    "createTime": 1718293017373,
    "enable": true,
    "hide": false,
    "id": 587,
    "name": "🚛产科医生",
    "sort": 50,
    "subUrl": "https://weixine.net/ysc.json",
    "updateTime": 1718293017373
  },
  {
    "createTime": 1718293017494,
    "enable": true,
    "hide": false,
    "id": 588,
    "name": "🚛神雕英雄传",
    "sort": 50,
    "subUrl": "https://weixine.net/ysc.json",
    "updateTime": 1718293017494
  },
  {
    "createTime": 1718293017639,
    "enable": true,
    "hide": false,
    "id": 589,
    "name": "🚛铁齿铜牙纪晓岚",
    "sort": 50,
    "subUrl": "https://weixine.net/ysc.json",
    "updateTime": 1718293017639
  },
  {
    "createTime": 1718293017758,
    "enable": true,
    "hide": false,
    "id": 590,
    "name": "🚛尘封十三载",
    "sort": 50,
    "subUrl": "https://weixine.net/ysc.json",
    "updateTime": 1718293017758
  },
  {
    "createTime": 1718293017828,
    "enable": true,
    "hide": false,
    "id": 591,
    "name": "🚛赤焰锦衣卫",
    "sort": 50,
    "subUrl": "https://weixine.net/ysc.json",
    "updateTime": 1718293017828
  },
  {
    "createTime": 1718293017883,
    "enable": true,
    "hide": false,
    "id": 592,
    "name": "🚛浙江综合",
    "sort": 50,
    "subUrl": "https://weixine.net/ysc.json",
    "updateTime": 1718293017883
  },
  {
    "createTime": 1718293018010,
    "enable": true,
    "hide": false,
    "id": 593,
    "name": "🚛江苏综合",
    "sort": 50,
    "subUrl": "https://weixine.net/ysc.json",
    "updateTime": 1718293018010
  },
  {
    "createTime": 1718293018122,
    "enable": true,
    "hide": false,
    "id": 594,
    "name": "🚛山东综合",
    "sort": 50,
    "subUrl": "https://weixine.net/ysc.json",
    "updateTime": 1718293018122
  },
  {
    "createTime": 1718293018203,
    "enable": true,
    "hide": false,
    "id": 595,
    "name": "🚛湖南综合",
    "sort": 50,
    "subUrl": "https://weixine.net/ysc.json",
    "updateTime": 1718293018203
  },
  {
    "createTime": 1718293018211,
    "enable": true,
    "hide": false,
    "id": 596,
    "name": "🚛四川综合",
    "sort": 50,
    "subUrl": "https://weixine.net/ysc.json",
    "updateTime": 1718293018211
  },
  {
    "createTime": 1718293018322,
    "enable": true,
    "hide": false,
    "id": 597,
    "name": "🚛安徽综合",
    "sort": 50,
    "subUrl": "https://weixine.net/ysc.json",
    "updateTime": 1718293018322
  },
  {
    "createTime": 1718293018352,
    "enable": true,
    "hide": false,
    "id": 598,
    "name": "🚛河南综合",
    "sort": 50,
    "subUrl": "https://weixine.net/ysc.json",
    "updateTime": 1718293018352
  },
  {
    "createTime": 1718293018377,
    "enable": true,
    "hide": false,
    "id": 599,
    "name": "🚛福建综合",
    "sort": 50,
    "subUrl": "https://weixine.net/ysc.json",
    "updateTime": 1718293018377
  },
  {
    "createTime": 1718293018413,
    "enable": true,
    "hide": false,
    "id": 600,
    "name": "🚛河北综合",
    "sort": 50,
    "subUrl": "https://weixine.net/ysc.json",
    "updateTime": 1718293018413
  },
  {
    "createTime": 1718293018432,
    "enable": true,
    "hide": false,
    "id": 601,
    "name": "🚛湖北综合",
    "sort": 50,
    "subUrl": "https://weixine.net/ysc.json",
    "updateTime": 1718293018432
  },
  {
    "createTime": 1718293018441,
    "enable": true,
    "hide": false,
    "id": 602,
    "name": "🚛广西综合",
    "sort": 50,
    "subUrl": "https://weixine.net/ysc.json",
    "updateTime": 1718293018441
  },
  {
    "createTime": 1718293018465,
    "enable": true,
    "hide": false,
    "id": 603,
    "name": "🚛数字剧场",
    "sort": 50,
    "subUrl": "https://weixine.net/ysc.json",
    "updateTime": 1718293018465
  },
  {
    "createTime": 1718293018827,
    "enable": true,
    "hide": false,
    "id": 604,
    "name": "🚛纪录片频道",
    "sort": 50,
    "subUrl": "https://weixine.net/ysc.json",
    "updateTime": 1718293018827
  },
  {
    "createTime": 1718293020400,
    "enable": true,
    "hide": false,
    "id": 605,
    "name": "🚛直播中国",
    "sort": 50,
    "subUrl": "https://weixine.net/ysc.json",
    "updateTime": 1718293020400
  },
  {
    "createTime": 1718293021355,
    "enable": true,
    "hide": false,
    "id": 606,
    "name": "🚛歌星金曲",
    "sort": 50,
    "subUrl": "https://weixine.net/ysc.json",
    "updateTime": 1718293021355
  },
  {
    "createTime": 1718293021755,
    "enable": true,
    "hide": false,
    "id": 607,
    "name": "🚛D J 音乐",
    "sort": 50,
    "subUrl": "https://weixine.net/ysc.json",
    "updateTime": 1718293021755
  },
  {
    "createTime": 1718293022446,
    "enable": true,
    "hide": false,
    "id": 622,
    "name": "🚛轮播埋堆",
    "sort": 50,
    "subUrl": "https://weixine.net/ysc.json",
    "updateTime": 1718293022446
  },
  {
    "createTime": 1718293022653,
    "enable": true,
    "hide": false,
    "id": 623,
    "name": "🚛轮播斗鱼",
    "sort": 50,
    "subUrl": "https://weixine.net/ysc.json",
    "updateTime": 1718293022653
  },
  {
    "createTime": 1718293023343,
    "enable": true,
    "hide": false,
    "id": 624,
    "name": "🚛轮播虎牙",
    "sort": 50,
    "subUrl": "https://weixine.net/ysc.json",
    "updateTime": 1718293023343
  },
  {
    "createTime": 1718293023789,
    "enable": true,
    "hide": false,
    "id": 625,
    "name": "🚛YY·轮播",
    "sort": 50,
    "subUrl": "https://weixine.net/ysc.json",
    "updateTime": 1718293023789
  },
  {
    "createTime": 1718293026333,
    "enable": true,
    "hide": false,
    "id": 626,
    "name": "🚛哔哩轮播",
    "sort": 50,
    "subUrl": "https://weixine.net/ysc.json",
    "updateTime": 1718293026333
  },
  {
    "createTime": 1718293130708,
    "enable": true,
    "hide": false,
    "id": 627,
    "name": "CCTV",
    "sort": 50,
    "subUrl": "https://mirror.ghproxy.com/raw.githubusercontent.com/gaotianliuyun/gao/master/0825.json",
    "updateTime": 1718293130708
  },
  {
    "createTime": 1718293131455,
    "enable": true,
    "hide": false,
    "id": 629,
    "name": "历年春晚",
    "sort": 50,
    "subUrl": "https://mirror.ghproxy.com/raw.githubusercontent.com/gaotianliuyun/gao/master/0825.json",
    "updateTime": 1718293131455
  },
  {
    "createTime": 1718293131544,
    "enable": true,
    "hide": false,
    "id": 630,
    "name": "斗鱼",
    "sort": 50,
    "subUrl": "https://mirror.ghproxy.com/raw.githubusercontent.com/gaotianliuyun/gao/master/0825.json",
    "updateTime": 1718293131544
  },
  {
    "createTime": 1718293132609,
    "enable": true,
    "hide": false,
    "id": 631,
    "name": "虎牙",
    "sort": 50,
    "subUrl": "https://mirror.ghproxy.com/raw.githubusercontent.com/gaotianliuyun/gao/master/0825.json",
    "updateTime": 1718293132609
  },
  {
    "createTime": 1718293132974,
    "enable": true,
    "hide": false,
    "id": 632,
    "name": "YY",
    "sort": 50,
    "subUrl": "https://mirror.ghproxy.com/raw.githubusercontent.com/gaotianliuyun/gao/master/0825.json",
    "updateTime": 1718293132974
  },
  {
    "createTime": 1718293135277,
    "enable": true,
    "hide": false,
    "id": 633,
    "name": "肥羊",
    "sort": 50,
    "subUrl": "https://mirror.ghproxy.com/raw.githubusercontent.com/gaotianliuyun/gao/master/0825.json",
    "updateTime": 1718293135277
  },
  {
    "createTime": 1718293135410,
    "enable": true,
    "hide": false,
    "id": 634,
    "name": "BESTV",
    "sort": 50,
    "subUrl": "https://mirror.ghproxy.com/raw.githubusercontent.com/gaotianliuyun/gao/master/0825.json",
    "updateTime": 1718293135410
  },
  {
    "createTime": 1718293135711,
    "enable": true,
    "hide": false,
    "id": 635,
    "name": "精品",
    "sort": 50,
    "subUrl": "https://mirror.ghproxy.com/raw.githubusercontent.com/gaotianliuyun/gao/master/0825.json",
    "updateTime": 1718293135711
  },
  {
    "createTime": 1718293135824,
    "enable": true,
    "hide": false,
    "id": 636,
    "name": "NewTV",
    "sort": 50,
    "subUrl": "https://mirror.ghproxy.com/raw.githubusercontent.com/gaotianliuyun/gao/master/0825.json",
    "updateTime": 1718293135824
  },
  {
    "createTime": 1718293136150,
    "enable": true,
    "hide": false,
    "id": 637,
    "name": "地方",
    "sort": 50,
    "subUrl": "https://mirror.ghproxy.com/raw.githubusercontent.com/gaotianliuyun/gao/master/0825.json",
    "updateTime": 1718293136150
  },
  {
    "createTime": 1718293136239,
    "enable": true,
    "hide": false,
    "id": 638,
    "name": "世界",
    "sort": 50,
    "subUrl": "https://mirror.ghproxy.com/raw.githubusercontent.com/gaotianliuyun/gao/master/0825.json",
    "updateTime": 1718293136239
  },
  {
    "createTime": 1718293137840,
    "enable": true,
    "hide": false,
    "id": 640,
    "name": "小地方",
    "sort": 50,
    "subUrl": "https://mirror.ghproxy.com/raw.githubusercontent.com/gaotianliuyun/gao/master/0825.json",
    "updateTime": 1718293137840
  },
  {
    "createTime": 1718293137912,
    "enable": true,
    "hide": false,
    "id": 641,
    "name": "咪咕移动",
    "sort": 50,
    "subUrl": "https://mirror.ghproxy.com/raw.githubusercontent.com/gaotianliuyun/gao/master/0825.json",
    "updateTime": 1718293137912
  },
  {
    "createTime": 1718293138404,
    "enable": true,
    "hide": false,
    "id": 642,
    "name": "IPV6",
    "sort": 50,
    "subUrl": "https://mirror.ghproxy.com/raw.githubusercontent.com/gaotianliuyun/gao/master/0825.json",
    "updateTime": 1718293138404
  },
  {
    "createTime": 1718293148241,
    "enable": true,
    "hide": false,
    "id": 643,
    "name": "Kids",
    "sort": 50,
    "subUrl": "https://mirror.ghproxy.com/raw.githubusercontent.com/gaotianliuyun/gao/master/0825.json",
    "updateTime": 1718293148241
  },
  {
    "createTime": 1718293148333,
    "enable": true,
    "hide": false,
    "id": 644,
    "name": "Music",
    "sort": 50,
    "subUrl": "https://mirror.ghproxy.com/raw.githubusercontent.com/gaotianliuyun/gao/master/0825.json",
    "updateTime": 1718293148333
  },
  {
    "createTime": 1718293148382,
    "enable": true,
    "hide": false,
    "id": 645,
    "name": "Live",
    "sort": 50,
    "subUrl": "https://mirror.ghproxy.com/raw.githubusercontent.com/gaotianliuyun/gao/master/0825.json",
    "updateTime": 1718293148382
  },
  {
    "createTime": 1718293148482,
    "enable": true,
    "hide": false,
    "id": 646,
    "name": "Tv Dramas",
    "sort": 50,
    "subUrl": "https://mirror.ghproxy.com/raw.githubusercontent.com/gaotianliuyun/gao/master/0825.json",
    "updateTime": 1718293148482
  },
  {
    "createTime": 1718293148497,
    "enable": true,
    "hide": false,
    "id": 647,
    "name": "Tv Variety",
    "sort": 50,
    "subUrl": "https://mirror.ghproxy.com/raw.githubusercontent.com/gaotianliuyun/gao/master/0825.json",
    "updateTime": 1718293148497
  },
  {
    "createTime": 1718293148512,
    "enable": true,
    "hide": false,
    "id": 648,
    "name": "Taiwan News",
    "sort": 50,
    "subUrl": "https://mirror.ghproxy.com/raw.githubusercontent.com/gaotianliuyun/gao/master/0825.json",
    "updateTime": 1718293148512
  }
]