{
  "wbg.video.ad.end.date": "2024-05-26",
  "wbg.video.hot.word.anime": "[\"你想活出怎样的人生\",\"间谍过家家 代号：白\",\"迷宫饭\",\"排球少年！！垃圾场决战\",\"葬送的芙莉莲\",\"怪兽8号\",\"哈尔的移动城堡\",\"鬼灭之刃 柱训练篇\",\"一起来睡觉\",\"少女乐队的呐喊\",\"间谍过家家 第二季\",\"憧憬成为魔法少女\",\"窗边的小豆豆\",\"名侦探柯南：黑铁的鱼影\",\"北极百货店的接待员\",\"我独自升级\",\"机动战士高达SEED FREEDOM\",\"防风少年\",\"夜晚的水母不会游泳\",\"蓦然回首\"]",
  "wbg.video.hot.word.tv": "[\"度华年\",\"玫瑰的故事\",\"【我推的孩子】 第二季\",\"不时用俄语小声说真心话的邻桌艾莉同学\",\"梦中的她\",\"墨雨云间\",\"你比星光美丽\",\"喜人奇妙夜\",\"鬼灭之刃 柱训练篇\",\"向阳之处必有声\",\"庆余年 第二季\",\"我的阿勒泰\",\"颜心记\",\"黑袍纠察队 第四季\",\"人生复本 第一季\",\"消失的大象\",\"执行法官\",\"龙之家族 第二季\",\"天行健\",\"时光代理人\"]",
  "wbg.video.first.open": false,
  "wbg.video.user.agent": "Mozilla/5.0 (Windows NT 6.1) AppleWebKit/537.36 (KHTML, like Gecko) Chrome/28.0.1500.29 Safari/537.36 OPR/15.0.1147.24 (Edition Next)",
  "wbg.video.theme.mode": 1,
  "wbg.video.menu.bottom.live": true,
  "wbg.video.found.key": "迅雷吧",
  "wbg.video.auto.subscribe": false,
  "wbg.video.search.mode": false,
  "wbg.video.hot.word.movie": "[\"朝云暮雨\",\"疯狂的麦克斯：狂暴女神\",\"恶魔之浴\",\"恶魔的破坏 后篇\",\"刨根问底\",\"扫黑·决不放弃\",\"梦境\",\"犯罪都市4\",\"九龙城寨之围城\",\"红毯先生\",\"排球少年！！垃圾场决战\",\"神秘窥视\",\"我们一起摇太阳\",\"你想活出怎样的人生\",\"职业杀手\",\"窗边的小豆豆\",\"神秘友友\",\"末路狂花钱\",\"美国内战\",\"彷徨之刃\"]",
  "wbg.video.announcement": "2024-07-06",
  "wsg.video.app.version": "0.1.28",
  "wbg.video.hot.word.variety": "[\"信用中国\",\"开始推理吧第二季\",\"生活真美好\",\"养生堂\",\"爱情保卫战\",\"经典传奇\",\"传奇故事\",\"第三调解室\",\"x诊所\",\"欢乐集结号\",\"人气美食\",\"新老娘舅\",\"名医话养生\",\"跨时代战书第二季\",\"笑动剧场\",\"社会传真\",\"天天七点综\",\"华豫之门\"]",
  "wbg.search.history.keyword": "[\"背叛\",\"忘八武士道\",\"墓地亡灵\",\"星期三\",\"堕落\",\"救火队员\",\"年轻女子寄宿学校\",\"军舰上的女兵\",\"后妈难当\",\"处女地\",\"魔鬼黑狱\",\"吸血鬼也疯狂\",\"白蛇\",\"壮志凌云\",\"灭火宝贝\"]"
}