[
  {
    "createTime": 1715099352419,
    "enable": true,
    "id": 0,
    "localSpiderPath": "/storage/emulated/0/Android/data/com.wbg.video/files/TvBox/5E77B6E4B5FEE9F90D77B63893F99B23.jar",
    "remoteSpiderUrl": "https://weixine.net/YSC.jar",
    "updateTime": 1718293002690,
    "url": "https://weixine.net/ysc.json"
  },
  {
    "createTime": 1715621379380,
    "enable": true,
    "id": 0,
    "localSpiderPath": "/storage/emulated/0/Android/data/com.wbg.video/files/TvBox/1B50ABBC3E6A7AC3741E59A81A08D20E.jar",
    "remoteSpiderUrl": "http://cdn.qiaoji8.com/fix240524.jar",
    "updateTime": 1718292990036,
    "url": "http://pandown.pro/tvbox/tvbox.json"
  },
  {
    "createTime": 1716037771153,
    "enable": true,
    "id": 0,
    "localSpiderPath": "/storage/emulated/0/Android/data/com.wbg.video/files/TvBox/046305DEBAE447482EF0F4C1E477BE6D.jar",
    "remoteSpiderUrl": "https://gitee.com/tvbox_2_0/ziji/raw/master/spider.jar",
    "updateTime": 1718292959909,
    "url": "https://gitee.com/tvbox_2_0/ziji/raw/master/ziji.json"
  },
  {
    "createTime": 1716039362503,
    "enable": true,
    "id": 0,
    "localSpiderPath": "/storage/emulated/0/Android/data/com.wbg.video/files/TvBox/554D7A45D0E5CA586B8D70B0F1A820D3.jar",
    "remoteSpiderUrl": "https://fs-im-kefu.7moor-fs1.com/ly/4d2c3f00-7d4c-11e5-af15-41bf63ae4ea0/1716545043733/fan.txt",
    "updateTime": 1716659156622,
    "url": "http://饭太硬.top/tv"
  },
  {
    "createTime": 1716039375106,
    "enable": true,
    "id": 0,
    "localSpiderPath": "/storage/emulated/0/Android/data/com.wbg.video/files/TvBox/439416BE801D81D3D4A674DF8E229318.jar",
    "remoteSpiderUrl": "https://mirror.ghproxy.com/raw.githubusercontent.com/gaotianliuyun/gao/master/jar/custom_spider.jar",
    "updateTime": 1718292840440,
    "url": "https://mirror.ghproxy.com/raw.githubusercontent.com/gaotianliuyun/gao/master/0827.json"
  },
  {
    "createTime": 1716039446219,
    "enable": true,
    "id": 0,
    "localSpiderPath": "/storage/emulated/0/Android/data/com.wbg.video/files/TvBox/FFEF71F4613583433A7EF5BC596E002D.jar",
    "remoteSpiderUrl": "https://mirror.ghproxy.com/raw.githubusercontent.com/gaotianliuyun/gao/master/jar/XYQ.jar",
    "updateTime": 1718292809147,
    "url": "https://mirror.ghproxy.com/raw.githubusercontent.com/gaotianliuyun/gao/master/XYQ.json"
  },
  {
    "createTime": 1718293114711,
    "enable": true,
    "id": 0,
    "localSpiderPath": "/storage/emulated/0/Android/data/com.wbg.video/files/TvBox/CE251811D9E5A2EB1718F8EFBE662C81.jar",
    "remoteSpiderUrl": "https://mirror.ghproxy.com/raw.githubusercontent.com/gaotianliuyun/gao/master/jar/pg.jar",
    "updateTime": 1718293118261,
    "url": "https://mirror.ghproxy.com/raw.githubusercontent.com/gaotianliuyun/gao/master/0825.json"
  },
  {
    "createTime": 1718293166820,
    "enable": true,
    "id": 0,
    "localSpiderPath": "/storage/emulated/0/Android/data/com.wbg.video/files/TvBox/7624418EF8207CE04D75ED10DED4BCB7.jar",
    "remoteSpiderUrl": "https://fs-im-kefu.7moor-fs1.com/29397395/4d2c3f00-7d4c-11e5-af15-41bf63ae4ea0/1709930083738/fan.txt",
    "updateTime": 1718293174118,
    "url": "https://mirror.ghproxy.com/https://raw.githubusercontent.com/pdscxz/TV/main/video/tv4k.json"
  }
]