{
  "wbg.video.hot.word.tv": "[\"玫瑰的故事\",\"度华年\",\"梦中的她\",\"熊家餐馆 第三季\",\"我们的秘密\",\"墨雨云间\",\"喜人奇妙夜\",\"鬼灭之刃 柱训练篇\",\"颜心记\",\"庆余年 第二季\",\"我的阿勒泰\",\"人生复本 第一季\",\"龙之家族 第二季\",\"向阳之处必有声\",\"金庸武侠世界\",\"职业替身\",\"天行健\",\"孤战迷城\",\"看不见影子的少年\",\"黑袍纠察队 第四季\"]",
  "wbg.video.hot.word.anime": "[\"你想活出怎样的人生\",\"间谍过家家 代号：白\",\"迷宫饭\",\"排球少年！！垃圾场决战\",\"葬送的芙莉莲\",\"怪兽8号\",\"哈尔的移动城堡\",\"鬼灭之刃 柱训练篇\",\"一起来睡觉\",\"少女乐队的呐喊\",\"间谍过家家 第二季\",\"憧憬成为魔法少女\",\"窗边的小豆豆\",\"名侦探柯南：黑铁的鱼影\",\"北极百货店的接待员\",\"我独自升级\",\"机动战士高达SEED FREEDOM\",\"防风少年\",\"夜晚的水母不会游泳\",\"蓦然回首\"]",
  "wbg.video.first.open": false,
  "wbg.video.menu.bottom.square": false,
  "wbg.video.browse.traceless": false,
  "wbg.video.user.agent": "Mozilla/5.0 (Windows NT 6.1; WOW64) AppleWebKit/537.36 (KHTML, like Gecko) Chrome/70.0.3538.25 Safari/537.36 Core/1.70.3722.400 QQBrowser/10.5.3738.400",
  "wbg.video.menu.bottom.live": false,
  "wbg.video.found.key": "低端影视",
  "wbg.video.theme.mode": 1,
  "wbg.video.auto.subscribe": false,
  "wbg.video.search.mode": false,
  "wbg.video.hot.word.movie": "[\"寂静之地：入侵日\",\"头脑特工队2\",\"海关战线\",\"来福大酒店\",\"扫黑·决不放弃\",\"云边有个小卖部\",\"疯狂的麦克斯：狂暴女神\",\"走走停停\",\"机器人之梦\",\"泳者之心\",\"狗阵\",\"谈判专家\"]",
  "wbg.video.theme.color.primary": "#6B9660",
  "wbg.video.browse.watch.mode": false,
  "wbg.video.announcement": "2024-07-02",
  "wsg.video.app.version": "0.1.28",
  "wbg.video.hot.word.variety": "[\"毛雪汪\",\"信用中国\",\"势均力敌的我们\",\"人气美食\",\"养生堂\",\"金牌调解\",\"第三调解室\",\"向前一步\",\"欢乐集结号\",\"潮童天下\",\"放歌中国\",\"笑动剧场\",\"社会传真\",\"天天七点综\",\"梨园春\",\"非你莫属网络版\",\"中国自由搏击俱乐部超级联赛\",\"梨园春天天看\"]",
  "wbg.search.history.keyword": "[\"天才医圣\",\"鹊刀门传奇\",\"凸变英雄\",\"隐秘而伟大\",\"黑袍纠察队第四季\",\"庆余年第二季\"]"
}