[
  {
    "createTime": 1717680150562,
    "current": 0,
    "id": 0,
    "jsonStr": "{\"doubanId\":\"36073536\",\"endSkipTime\":0,\"head\":\"{}\",\"name\":\"墨雨云间\",\"pic\":\"https://img9.doubanio.com/view/photo/s_ratio_poster/public/p2908954736.jpg\",\"playManagerCore\":0,\"score\":\"6.9\",\"searchSort\":0,\"sourceKey\":\"placehold\",\"sourceType\":0,\"startSkipTime\":0,\"status\":\"更新至1集\"}",
    "linePosition": 0,
    "name": "墨雨云间",
    "partIndex": 0,
    "partName": "",
    "pic": "https://img9.doubanio.com/view/photo/s_ratio_poster/public/p2908954736.jpg",
    "status": "更新至1集"
  }
]