{
  "wbg.video.hot.word.tv": "[\"墨雨云间\",\"庆余年 第二季\",\"菲尔来蹭饭 第七季\",\"布偶寻踪\",\"爱填满空白第二季\",\"我的阿勒泰\",\"狐妖小红娘·月红篇\",\"背着善宰跑\",\"驯鹿宝贝\",\"庆余年 第一季\",\"黑社会的我成为了高中生\",\"新生\",\"毕业\",\"9号秘事 第九季\",\"追风者\",\"职业替身\",\"金猪玉叶\",\"人生复本 第一季\",\"鬼灭之刃 柱训练篇\",\"哈尔滨一九四四\",\"墨雨云间\",\"庆余年 第二季\",\"菲尔来蹭饭 第七季\",\"布偶寻踪\",\"爱填满空白第二季\",\"我的阿勒泰\",\"狐妖小红娘·月红篇\",\"背着善宰跑\",\"驯鹿宝贝\",\"庆余年 第一季\",\"黑社会的我成为了高中生\",\"新生\",\"毕业\",\"9号秘事 第九季\",\"追风者\",\"职业替身\",\"金猪玉叶\",\"人生复本 第一季\",\"鬼灭之刃 柱训练篇\",\"哈尔滨一九四四\"]",
  "wbg.video.hot.word.anime": "[\"你想活出怎样的人生\",\"间谍过家家 代号：白\",\"葬送的芙莉莲\",\"一起来睡觉\",\"哈尔的移动城堡\",\"迷宫饭\",\"憧憬成为魔法少女\",\"鬼灭之刃 柱训练篇\",\"怪兽8号\",\"间谍过家家 第二季\",\"药屋少女的呢喃\",\"灌篮高手\",\"我独自升级\",\"名侦探柯南：黑铁的鱼影\",\"少女乐队的呐喊\",\"明明是个碍事配角、却被王子给宠爱了\",\"物理魔法使马修 神觉者候补选拔试验篇\",\"忍者神威\",\"排球少年！！垃圾场决战\",\"间谍过家家 第一季\",\"你想活出怎样的人生\",\"间谍过家家 代号：白\",\"葬送的芙莉莲\",\"一起来睡觉\",\"哈尔的移动城堡\",\"迷宫饭\",\"憧憬成为魔法少女\",\"鬼灭之刃 柱训练篇\",\"怪兽8号\",\"间谍过家家 第二季\",\"药屋少女的呢喃\",\"灌篮高手\",\"我独自升级\",\"名侦探柯南：黑铁的鱼影\",\"少女乐队的呐喊\",\"明明是个碍事配角、却被王子给宠爱了\",\"物理魔法使马修 神觉者候补选拔试验篇\",\"忍者神威\",\"排球少年！！垃圾场决战\",\"间谍过家家 第一季\"]",
  "wbg.video.first.open": false,
  "wbg.video.hot.word.movie": "[\"美国内战\",\"我们一起摇太阳\",\"第二幕\",\"青春猪头少年不会梦到红书包女孩\",\"52赫兹的鲸鱼\",\"盟军敢死队\",\"母亲的直觉\",\"特技狂人\",\"哆啦A梦：大雄的地球交响乐\",\"草木人间\",\"异星战境\",\"错过你的那些年\",\"凶兆前传\",\"挑战者\",\"猩球崛起：新世界\",\"对你的想象\",\"老狐狸\",\"周处除三害\",\"破墓\",\"灭世男孩\",\"美国内战\",\"我们一起摇太阳\",\"第二幕\",\"青春猪头少年不会梦到红书包女孩\",\"52赫兹的鲸鱼\",\"盟军敢死队\",\"母亲的直觉\",\"特技狂人\",\"哆啦A梦：大雄的地球交响乐\",\"草木人间\",\"异星战境\",\"错过你的那些年\",\"凶兆前传\",\"挑战者\",\"猩球崛起：新世界\",\"对你的想象\",\"老狐狸\",\"周处除三害\",\"破墓\",\"灭世男孩\"]",
  "wbg.video.announcement": "2024-06-06",
  "wbg.video.user.agent": "Mozilla/5.0 (Windows NT 10.0; Win64; x64) AppleWebKit/537.36 (KHTML, like Gecko) Chrome/62.0.3191.0 Safari/537.36",
  "wsg.video.app.version": "0.1.28",
  "wbg.video.auto.subscribe": false,
  "wbg.video.hot.word.variety": "[\"旅行任意门\",\"国风超有戏\",\"信用中国\",\"品质中国\",\"势均力敌的我们\",\"法治在线\",\"小小智慧树\",\"远方的家\",\"经典传奇\",\"中国新闻\",\"九州大戏台\",\"天下财经\",\"一条视频\",\"文化十分\",\"戏曲影视剧场\",\"谁知盘中餐\",\"夕阳红\",\"论兵\",\"旅行任意门\",\"国风超有戏\",\"信用中国\",\"品质中国\",\"势均力敌的我们\",\"法治在线\",\"小小智慧树\",\"远方的家\",\"经典传奇\",\"中国新闻\",\"九州大戏台\",\"天下财经\",\"一条视频\",\"文化十分\",\"戏曲影视剧场\",\"谁知盘中餐\",\"夕阳红\",\"论兵\"]"
}