[
  {
    "createTime": 1716565396673,
    "id": 0,
    "updateTime": 1716565396673,
    "url": "https://cache50.zsyzcy.cn:49156/baidu/cache/0665d9e51812184895ddebcce6cd6c30.m3u8"
  },
  {
    "createTime": 1716565675837,
    "id": 0,
    "updateTime": 1716565675837,
    "url": "https://v.ddys.pro/v/movie/Suzume.2022.mp4"
  },
  {
    "createTime": 1716565682372,
    "id": 0,
    "updateTime": 1716565682372,
    "url": "https://s138.ananas.chaoxing.com/sv-w8/video/1e/46/00/6553b35d4110edf1137136a580289c24/sd.mp4|no"
  },
  {
    "createTime": 1716565700777,
    "id": 0,
    "updateTime": 1716565700777,
    "url": "https://api.xdys.vip/lx/video.php?r\u003d5e9e661e2099ab70ee2e95a5c1d91ed9.m3u8"
  },
  {
    "createTime": 1716565706928,
    "id": 0,
    "updateTime": 1716565706928,
    "url": "http%3A%2F%2F117.24.14.14%3A32061%2F%3Furl%3Dhttps%3A%2F%2Fsuper.ffzy-online6.com%2F20240422%2F29841_2f6c7cea%2Findex.m3u8"
  },
  {
    "createTime": 1716565710038,
    "id": 0,
    "updateTime": 1716565710038,
    "url": "http%3A%2F%2F117.24.14.14%3A32061%2F%3Furl%3Dhttps%3A%2F%2Fv.cdnlz9.com%2F20240422%2F23380_45d02884%2Findex.m3u8"
  },
  {
    "createTime": 1716618448667,
    "id": 0,
    "updateTime": 1716618448667,
    "url": "http://43.248.191.152:8082/jx/ff/5ad9146c7ba0cf12f649295ae51e1c32.m3u8"
  },
  {
    "createTime": 1716728437645,
    "id": 0,
    "updateTime": 1716728437645,
    "url": "http://127.0.0.1:9978/proxy?do\u003dhxq\u0026url\u003dhttp%3A%2F%2Fpiccc.cdn.51touxiang.com%2Fm3u8%2FSHgB8JlaOr64WL2ziEQ7_aCnQrVGo3YX1a6po05f.m3u8%3Fpid%3D5C8iIetavO7WEJibUVTWH7r5CHvYuf7ioxO%252By86cBj4%253D%26utk%3Du_7a3pYExZCGqHm14y3tIF%26uk%3D2ie02elq1Nz1vSiQpeq6TT6q1ZN54mOaCz1tmLTJ%252BHM%253D%26spl%3D213%26t%3D1716728434%26sign%3D09273be7522b4419230e956804b8840a%26ip%3D139.227.154.73"
  },
  {
    "createTime": 1716728556654,
    "id": 0,
    "updateTime": 1716728556654,
    "url": "https://vkceyugu.cdn.bspapp.com/VKCEYUGU-2a0ed279-82d5-42d2-bb20-037245c9b908/606ae058-6c0a-41b8-8711-7e87b660b1f6.m3u8"
  },
  {
    "createTime": 1716739729946,
    "id": 0,
    "updateTime": 1716739729946,
    "url": "https://ppvod01.6g9ba6.com/splitOut/20240526/208511/V2024052621470731/index.m3u8"
  },
  {
    "createTime": 1716866700360,
    "id": 0,
    "updateTime": 1716866700360,
    "url": "https://v9.kuaioss.com/wjv9/202309/12/yfakMPZ4vc1/video/index.m3u8"
  },
  {
    "createTime": 1717143184114,
    "id": 0,
    "updateTime": 1717143184114,
    "url": "http://127.0.0.1:9978/proxy?do\u003dhxq\u0026url\u003dhttp%3A%2F%2Fpiccc.cdn.51touxiang.com%2Fm3u8%2FZsycl3NlUR6Bqj7j5LPuTZpddiX1L9uRz_OYM9Om.m3u8%3Fpid%3DIVa1QHaXLuLgQ%252BO8eg%252F%252Be5QlGwNW5R7XOdaxjhumJs8%253D%26utk%3Du_7a3pYExZCGqHm14y3tIF%26uk%3D2ie02elq1Nz1vSiQpeq6TT6q1ZN54mOaCz1tmLTJ%252BHM%253D%26spl%3D213%26t%3D1717143181%26sign%3Db4911185e97a4bdd5079119c031dbc9e%26ip%3D116.236.148.6"
  },
  {
    "createTime": 1717143198763,
    "id": 0,
    "updateTime": 1717143198763,
    "url": "http://127.0.0.1:9978/proxy?do\u003dhxq\u0026url\u003dhttp%3A%2F%2Fpiccc.cdn.51touxiang.com%2Fm3u8%2FiKO2qk_HNtYU_w_vtzuUVbaCTdpGs5Tk7fqYOsDH.m3u8%3Fpid%3DF9O8%252FqCI%252F9GlinRHfwIVA4yoi5wCoyZqKpd%252BBVTF2w4%253D%26utk%3Du_7a3pYExZCGqHm14y3tIF%26uk%3D2ie02elq1Nz1vSiQpeq6TT6q1ZN54mOaCz1tmLTJ%252BHM%253D%26spl%3D213%26t%3D1717143196%26sign%3D1913656e401da0c9f2eb506748a6272b%26ip%3D116.236.148.6"
  },
  {
    "createTime": 1717143223981,
    "id": 0,
    "updateTime": 1717143223981,
    "url": "http://127.0.0.1:9978/proxy?do\u003dhxq\u0026url\u003dhttp%3A%2F%2Fpiccc.cdn.51touxiang.com%2Fm3u8%2F1Thj6uvZ4h4PSup_WWfkR7AGeNW8j7vZEWLi3YDD.m3u8%3Fpid%3Dv0v1Ti%252FCZXaiOMv2pBOuVFIyFSNGlbF%252By1sddrn70Es%253D%26utk%3Du_7a3pYExZCGqHm14y3tIF%26uk%3D2ie02elq1Nz1vSiQpeq6TT6q1ZN54mOaCz1tmLTJ%252BHM%253D%26spl%3D213%26t%3D1717143221%26sign%3Dc610b82354a282991614f5e625f286f7%26ip%3D116.236.148.6"
  }
]