{
  "wbg.video.hot.word.tv": "[\"庆余年 第二季\",\"狐妖小红娘·月红篇\",\"菲尔来蹭饭 第七季\",\"涉谷来接你了\",\"爱填满空白第二季\",\"背着善宰跑\",\"我的阿勒泰\",\"庆余年 第一季\",\"新生\",\"狐妖小红娘\",\"9号秘事 第九季\",\"黑社会的我成为了高中生\",\"天行健\",\"第8个秀\",\"歌手2024\",\"毕业\",\"春色寄情人\",\"鬼灭之刃 柱训练篇\",\"不够善良的我们\",\"仙逆 年番\"]",
  "wbg.video.hot.word.anime": "[\"你想活出怎样的人生\",\"间谍过家家 代号：白\",\"葬送的芙莉莲\",\"哈尔的移动城堡\",\"一起来睡觉\",\"憧憬成为魔法少女\",\"迷宫饭\",\"间谍过家家 第二季\",\"灌篮高手\",\"药屋少女的呢喃\",\"怪兽8号\",\"鬼灭之刃 柱训练篇\",\"我独自升级\",\"忍者神威\",\"名侦探柯南：黑铁的鱼影\",\"明明是个碍事配角、却被王子给宠爱了\",\"物理魔法使马修 神觉者候补选拔试验篇\",\"排球少年！！垃圾场决战\",\"少女乐队的呐喊\",\"间谍过家家 第一季\"]",
  "wbg.video.first.open": false,
  "wbg.video.menu.bottom.square": false,
  "wbg.video.browse.traceless": false,
  "wbg.video.user.agent": "Mozilla/5.0 (Windows NT 6.1; WOW64) AppleWebKit/537.36 (KHTML, like Gecko) Chrome/70.0.3538.25 Safari/537.36 Core/1.70.3722.400 QQBrowser/10.5.3738.400",
  "wbg.video.menu.bottom.live": false,
  "wbg.video.found.key": "星芽短剧",
  "wbg.video.theme.mode": 1,
  "wbg.video.auto.subscribe": false,
  "wbg.video.search.mode": false,
  "wbg.video.hot.word.movie": "[\"我们一起摇太阳\",\"美国内战\",\"空中乘务员\",\"回到黑暗\",\"五号大楼\",\"盟军敢死队\",\"母亲的直觉\",\"挑战者\",\"异星战境\",\"四月女友\",\"对你的想象\",\"周处除三害\",\"破墓\",\"老狐狸\",\"没有一顿火锅解决不了的事\",\"凶兆前传\",\"哥斯拉-1.0\",\"魔鬼深夜秀\",\"银河写手\",\"小晓\"]",
  "wbg.video.theme.color.primary": "#6B9660",
  "wbg.video.browse.watch.mode": false,
  "wbg.video.announcement": "2024-05-31",
  "wsg.video.app.version": "0.1.27",
  "wbg.video.hot.word.variety": "[\"信用中国\",\"品质中国\",\"现在请开播\",\"传奇故事\",\"小小智慧树\",\"读书\",\"经典传奇\",\"天下财经\",\"九州大戏台\",\"夕阳红\",\"论兵\",\"男生女生向前冲第十季\",\"正午国防军事\",\"国防军事早报\",\"百家说故事\",\"爆梗脱口秀\",\"开始推理吧第二季\",\"小伶玩具2024\"]",
  "wbg.search.history.keyword": "[\"庆余年第二季\"]"
}