[
  {
    "area": "中国",
    "createTime": 1716109374617,
    "id": 0,
    "jsonStr": "{\"actor\":\"\",\"area\":\"中国\",\"des\":\"家族败落，至亲受难，罗征从云端跌落成为一名卑微家奴，在各族抗争不断、神秘力量统治的世界，不甘堕落的罗征偶得神秘功法，炼自身为器，一道抗争的序幕，就此轰然拉开。\",\"director\":\"\",\"endSkipTime\":0,\"head\":\"\",\"id\":\"562545\",\"jiexiUrl\":\"\",\"name\":\"百炼成神2\",\"pic\":\"http://img.shifen.me/upload/video/2023/12/08/55218e2b9bc4679b7344a597f4bd33d1.JPG@Referer\u003dwww.jianpianapp.com@User-Agent\u003djianpian-version353\",\"playManagerCore\":0,\"searchGroup\":\"tvbox\",\"searchSort\":70,\"sourceKey\":\"贱贱\",\"sourceName\":\"🐭贱贱┃p2p\",\"sourceType\":3,\"startSkipTime\":0,\"status\":\"6.0\",\"videoLineList\":[{\"name\":\"边下边播超清版\",\"videoList\":[{\"name\":\"第二季第1集\",\"playUrl\":\"tvbox-xg:ftp://a.gbl.114s.com:20320/9147/百炼成神53.mp4\",\"sel\":true},{\"name\":\"第二季第2集\",\"playUrl\":\"tvbox-xg:ftp://a.gbl.114s.com:20320/3340/百炼成神54.mp4\",\"sel\":false},{\"name\":\"第二季第3集\",\"playUrl\":\"tvbox-xg:ftp://a.gbl.114s.com:20320/4285/百炼成神55.mp4\",\"sel\":false},{\"name\":\"第二季第4集\",\"playUrl\":\"tvbox-xg:ftp://a.gbl.114s.com:20320/2690/百炼成神56.mp4\",\"sel\":false},{\"name\":\"第二季第5集\",\"playUrl\":\"tvbox-xg:ftp://a.gbl.114s.com:20320/8734/百炼成神57.mp4\",\"sel\":false},{\"name\":\"第二季第6集\",\"playUrl\":\"tvbox-xg:ftp://a.gbl.114s.com:20320/6308/百炼成神58.mp4\",\"sel\":false},{\"name\":\"第二季第7集\",\"playUrl\":\"tvbox-xg:ftp://a.gbl.114s.com:20320/8664/百炼成神59.mp4\",\"sel\":false},{\"name\":\"第二季第8集\",\"playUrl\":\"tvbox-xg:ftp://a.gbl.114s.com:20320/7959/百炼成神60.mp4\",\"sel\":false},{\"name\":\"第二季第9集\",\"playUrl\":\"tvbox-xg:ftp://a.gbl.114s.com:20320/3195/百炼成神61.mp4\",\"sel\":false},{\"name\":\"第二季第10集\",\"playUrl\":\"tvbox-xg:ftp://a.gbl.114s.com:20320/4415/百炼成神62.mp4\",\"sel\":false},{\"name\":\"第二季第11集\",\"playUrl\":\"tvbox-xg:ftp://a.gbl.114s.com:20320/5441/百炼成神63.mp4\",\"sel\":false},{\"name\":\"第二季第12集\",\"playUrl\":\"tvbox-xg:ftp://a.gbl.114s.com:20320/6975/百炼成神64.mp4\",\"sel\":false},{\"name\":\"第二季第13集\",\"playUrl\":\"tvbox-xg:ftp://a.gbl.114s.com:20320/9611/百炼成神65.mp4\",\"sel\":false},{\"name\":\"第二季第14集\",\"playUrl\":\"tvbox-xg:ftp://a.gbl.114s.com:20320/8013/百炼成神66.mp4\",\"sel\":false},{\"name\":\"第二季第15集\",\"playUrl\":\"tvbox-xg:ftp://a.gbl.114s.com:20320/1616/百炼成神67.mp4\",\"sel\":false},{\"name\":\"第二季第16集\",\"playUrl\":\"tvbox-xg:ftp://a.gbl.114s.com:20320/7122/百炼成神68.mp4\",\"sel\":false},{\"name\":\"第二季第17集\",\"playUrl\":\"tvbox-xg:ftp://a.gbl.114s.com:20320/2840/百炼成神69.mp4\",\"sel\":false},{\"name\":\"第二季第18集\",\"playUrl\":\"tvbox-xg:ftp://a.gbl.114s.com:20320/4008/百炼成神70.mp4\",\"sel\":false},{\"name\":\"第二季第19集\",\"playUrl\":\"tvbox-xg:ftp://a.gbl.114s.com:20320/0308/百炼成神71.mp4\",\"sel\":false},{\"name\":\"第二季第20集\",\"playUrl\":\"tvbox-xg:ftp://a.gbl.114s.com:20320/2233/百炼成神72.mp4\",\"sel\":false},{\"name\":\"第二季第21集\",\"playUrl\":\"tvbox-xg:ftp://a.gbl.114s.com:20320/0789/百炼成神73.mp4\",\"sel\":false},{\"name\":\"第二季第22集\",\"playUrl\":\"tvbox-xg:ftp://a.gbl.114s.com:20320/9457/百炼成神74.mp4\",\"sel\":false},{\"name\":\"第二季第23集\",\"playUrl\":\"tvbox-xg:ftp://a.gbl.114s.com:20320/9895/百炼成神75.mp4\",\"sel\":false},{\"name\":\"第二季第24集\",\"playUrl\":\"tvbox-xg:ftp://a.gbl.114s.com:20320/5081/百炼成神76.mp4\",\"sel\":false},{\"name\":\"第二季第25集\",\"playUrl\":\"tvbox-xg:ftp://a.gbl.114s.com:20320/3441/百炼成神77.mp4\",\"sel\":false}]}],\"year\":\"2023\"}",
    "name": "百炼成神2",
    "note": "",
    "pic": "http://img.shifen.me/upload/video/2023/12/08/55218e2b9bc4679b7344a597f4bd33d1.JPG@Referer\u003dwww.jianpianapp.com@User-Agent\u003djianpian-version353",
    "sourceKey": "贱贱",
    "status": "6.0"
  }
]