[
  {
    "createTime": 1716109395874,
    "id": 0,
    "updateTime": 1716109395874,
    "url": "http://127.0.0.1:8089/%B0%D9%C1%B6%B3%C9%C9%F153.mp4"
  },
  {
    "createTime": 1716109397010,
    "id": 0,
    "updateTime": 1716109397010,
    "url": ""
  },
  {
    "createTime": 1717599100794,
    "id": 0,
    "updateTime": 1717599100794,
    "url": "https://v.cdnlz21.com/20240516/332_8de22974/index.m3u8"
  },
  {
    "createTime": 1717599267963,
    "id": 0,
    "updateTime": 1717599267963,
    "url": "https://v.cdnlz12.com/20240530/14722_fb06c6cb/index.m3u8"
  }
]