[
  {
    "createTime": 1714466396093,
    "current": 0,
    "id": 0,
    "jsonStr": "{\"actor\":\"[卢镇业, 郑中基, 黄梓乐]\",\"director\":\"[卓亦谦]\",\"doubanId\":\"34940879\",\"endSkipTime\":0,\"head\":\"{}\",\"name\":\"年少日记\",\"pic\":\"https://img9.doubanio.com/view/photo/m_ratio_poster/public/p2906644236.jpg\",\"playManagerCore\":0,\"score\":\"8.4\",\"searchSort\":0,\"sourceKey\":\"placehold\",\"sourceType\":0,\"startSkipTime\":0,\"tags\":\"中国香港 / 剧情 / 卓亦谦 / 卢镇业 郑中基\",\"year\":\"2023\"}",
    "linePosition": 0,
    "name": "年少日记",
    "partIndex": 0,
    "partName": "",
    "pic": "https://img9.doubanio.com/view/photo/m_ratio_poster/public/p2906644236.jpg"
  }
]