[
  {
    "api": "http://api.888484.xyz/神秘哥哥/super.php?v\u003d",
    "apiDetailParseTemplate": 0,
    "apiDetailParseType": 1,
    "builtIn": true,
    "createTime": 1714466344851,
    "enable": false,
    "id": 0,
    "isActive": false,
    "key": "神秘的哥哥们",
    "name": "神秘的哥哥们",
    "sniff": false,
    "sort": 0,
    "tvboxUrl": "https://gitee.com/tvbox_2_0/ziji/raw/master/ziji.json",
    "updateTime": 1716592089306
  },
  {
    "api": "https://api.tyun77.cn/api.php/provide/parseDicturl?url\u003d",
    "apiDetailParseTemplate": 0,
    "apiDetailParseType": 1,
    "builtIn": true,
    "createTime": 1714466344851,
    "enable": false,
    "id": 0,
    "isActive": false,
    "key": "公众号",
    "name": "公众号",
    "sniff": false,
    "sort": 0,
    "tvboxUrl": "https://gitee.com/tvbox_2_0/ziji/raw/master/ziji.json",
    "updateTime": 1716592088488
  },
  {
    "api": "http://xiutan.shiyifacai.com/json/qingfeng.php?url\u003d",
    "apiDetailParseTemplate": 0,
    "apiDetailParseType": 1,
    "builtIn": true,
    "createTime": 1714466344851,
    "enable": false,
    "id": 0,
    "isActive": false,
    "key": "东辰影视",
    "name": "东辰影视",
    "sniff": false,
    "sort": 0,
    "tvboxUrl": "https://gitee.com/tvbox_2_0/ziji/raw/master/ziji.json",
    "updateTime": 1716592088247
  },
  {
    "api": "http://pan.qiaoji8.com/tvbox/neibu.php?url\u003d",
    "apiDetailParseTemplate": 0,
    "apiDetailParseType": 1,
    "builtIn": true,
    "createTime": 1714466344852,
    "enable": true,
    "id": 0,
    "isActive": true,
    "key": "巧技",
    "name": "巧技",
    "sniff": false,
    "sort": 0,
    "tvboxUrl": "https://gitee.com/tvbox_2_0/ziji/raw/master/ziji.json",
    "updateTime": 1716592088494
  },
  {
    "api": "http://pan.qiaoji8.com/tvbox/gouzi.php?url\u003d",
    "apiDetailParseTemplate": 0,
    "apiDetailParseType": 1,
    "builtIn": true,
    "createTime": 1714466344852,
    "enable": false,
    "id": 0,
    "isActive": false,
    "key": "巧技二",
    "name": "巧技二",
    "sniff": false,
    "sort": 0,
    "tvboxUrl": "https://gitee.com/tvbox_2_0/ziji/raw/master/ziji.json",
    "updateTime": 1716592088496
  },
  {
    "api": "https://www.playm3u8.cn/jiexi.php?url\u003d",
    "apiDetailParseTemplate": 0,
    "apiDetailParseType": 1,
    "builtIn": true,
    "createTime": 1714466344853,
    "enable": false,
    "id": 0,
    "isActive": false,
    "key": "手动解析",
    "name": "手动解析",
    "sniff": false,
    "sort": 0,
    "tvboxUrl": "https://gitee.com/tvbox_2_0/ziji/raw/master/ziji.json",
    "updateTime": 1716592088821
  },
  {
    "api": "https://jx.jsonplayer.com/player/?url\u003d",
    "apiDetailParseTemplate": 0,
    "apiDetailParseType": 1,
    "builtIn": true,
    "createTime": 1714466344852,
    "enable": false,
    "id": 0,
    "isActive": false,
    "key": "夜雨聆风",
    "name": "夜雨聆风",
    "sniff": false,
    "sort": 0,
    "tvboxUrl": "https://gitee.com/tvbox_2_0/ziji/raw/master/ziji.json",
    "updateTime": 1716592088817
  },
  {
    "api": "http://42.157.129.144:2323/CH/caihong_1993138546.php?url\u003d",
    "apiDetailParseTemplate": 0,
    "apiDetailParseType": 1,
    "builtIn": true,
    "createTime": 1714466344853,
    "enable": false,
    "id": 0,
    "isActive": false,
    "key": "路飞解析",
    "name": "路飞解析",
    "sniff": false,
    "sort": 0,
    "tvboxUrl": "https://gitee.com/tvbox_2_0/ziji/raw/master/ziji.json",
    "updateTime": 1716592088245
  },
  {
    "api": "https://vip.mosangkeji.com/api/?key\u003dafcQ0C7vUiNOy4tnvG\u0026url\u003d",
    "apiDetailParseTemplate": 0,
    "apiDetailParseType": 1,
    "builtIn": true,
    "createTime": 1714466344853,
    "enable": false,
    "id": 0,
    "isActive": false,
    "key": "布鲁克解析",
    "name": "布鲁克解析",
    "sniff": false,
    "sort": 0,
    "tvboxUrl": "https://gitee.com/tvbox_2_0/ziji/raw/master/ziji.json",
    "updateTime": 1716592088250
  },
  {
    "api": "http://119.91.123.253:2345/Api/yun.php?url\u003d",
    "apiDetailParseTemplate": 0,
    "apiDetailParseType": 1,
    "builtIn": true,
    "createTime": 1714466344854,
    "enable": false,
    "id": 0,
    "isActive": false,
    "key": "乌索普解析",
    "name": "乌索普解析",
    "sniff": false,
    "sort": 0,
    "tvboxUrl": "https://gitee.com/tvbox_2_0/ziji/raw/master/ziji.json",
    "updateTime": 1716592088139
  },
  {
    "api": "http://api.888484.xyz/神秘哥哥/super.php?v\u003d",
    "apiDetailParseTemplate": 0,
    "apiDetailParseType": 1,
    "builtIn": true,
    "createTime": 1714466344854,
    "enable": false,
    "id": 0,
    "isActive": false,
    "key": "鹰眼",
    "name": "鹰眼",
    "sniff": false,
    "sort": 0,
    "tvboxUrl": "https://gitee.com/tvbox_2_0/ziji/raw/master/ziji.json",
    "updateTime": 1716592089311
  },
  {
    "api": "https://json.jienuowl.top/api/?key\u003datqEQhcRiNNEwzjltg\u0026url\u003d",
    "apiDetailParseTemplate": 0,
    "apiDetailParseType": 1,
    "builtIn": true,
    "createTime": 1714466344854,
    "enable": false,
    "id": 0,
    "isActive": false,
    "key": "官方资源专用",
    "name": "官方资源专用",
    "sniff": false,
    "sort": 0,
    "tvboxUrl": "https://gitee.com/tvbox_2_0/ziji/raw/master/ziji.json",
    "updateTime": 1716592089638
  },
  {
    "api": "https://daina.hk/api/?key\u003dc7db78b604d8cfd8932086f72d25529a\u0026url\u003d",
    "apiDetailParseTemplate": 0,
    "apiDetailParseType": 1,
    "builtIn": true,
    "createTime": 1714466344854,
    "enable": false,
    "id": 0,
    "isActive": false,
    "key": "独家云播专用",
    "name": "独家云播专用",
    "sniff": false,
    "sort": 0,
    "tvboxUrl": "https://gitee.com/tvbox_2_0/ziji/raw/master/ziji.json",
    "updateTime": 1716592088238
  },
  {
    "api": "http://119.91.123.253:2345/Api/yun.php?url\u003d",
    "apiDetailParseTemplate": 0,
    "apiDetailParseType": 1,
    "builtIn": true,
    "createTime": 1714466344855,
    "enable": false,
    "id": 0,
    "isActive": false,
    "key": "🌎DB",
    "name": "🌎DB",
    "sniff": false,
    "sort": 0,
    "tvboxUrl": "https://gitee.com/tvbox_2_0/ziji/raw/master/ziji.json",
    "updateTime": 1716592088141
  },
  {
    "api": "https://yinshi.eatuo.com/index.php/mvod/jx2?url\u003d",
    "apiDetailParseTemplate": 0,
    "apiDetailParseType": 1,
    "builtIn": true,
    "createTime": 1714466344855,
    "enable": false,
    "id": 0,
    "isActive": false,
    "key": "乐酷蓝光",
    "name": "乐酷蓝光",
    "sniff": false,
    "sort": 0,
    "tvboxUrl": "https://gitee.com/tvbox_2_0/ziji/raw/master/ziji.json",
    "updateTime": 1716592088317
  },
  {
    "api": "https://jx.playerjy.com/?bli\u003d1\u0026url\u003d",
    "apiDetailParseTemplate": 0,
    "apiDetailParseType": 1,
    "builtIn": true,
    "createTime": 1714466344855,
    "enable": false,
    "id": 0,
    "isActive": false,
    "key": "探探2",
    "name": "探探2",
    "sniff": false,
    "sort": 0,
    "tvboxUrl": "https://gitee.com/tvbox_2_0/ziji/raw/master/ziji.json",
    "updateTime": 1716592089222
  },
  {
    "api": "https://yparse.ik9.cc/index.php?url\u003d\u0026url\u003d",
    "apiDetailParseTemplate": 0,
    "apiDetailParseType": 1,
    "builtIn": true,
    "createTime": 1714466344856,
    "enable": false,
    "id": 0,
    "isActive": false,
    "key": "探探3",
    "name": "探探3",
    "sniff": false,
    "sort": 0,
    "tvboxUrl": "https://gitee.com/tvbox_2_0/ziji/raw/master/ziji.json",
    "updateTime": 1716592088498
  },
  {
    "api": "http://api.huohua.vip/api/?key\u003d6qwYWYpe4mSaPhFvSw\u0026url\u003d",
    "apiDetailParseTemplate": 0,
    "apiDetailParseType": 1,
    "builtIn": true,
    "createTime": 1714466371702,
    "enable": true,
    "id": 0,
    "isActive": true,
    "key": "官解1",
    "name": "官解1",
    "sniff": false,
    "sort": 0,
    "tvboxUrl": "https://weixine.net/ysc.json",
    "updateTime": 1716592089067
  },
  {
    "api": "http://27.124.4.42:4567/jhjson/ceshi.php?url\u003d",
    "apiDetailParseTemplate": 0,
    "apiDetailParseType": 1,
    "builtIn": true,
    "createTime": 1714466371703,
    "enable": false,
    "id": 0,
    "isActive": false,
    "key": "官解2",
    "name": "官解2",
    "sniff": false,
    "sort": 0,
    "tvboxUrl": "https://weixine.net/ysc.json",
    "updateTime": 1716592091807
  },
  {
    "api": "http://110.42.2.247:880/analysis/json/?uid\u003d2449\u0026my\u003dacfgikquvzFGJRW459\u0026url\u003d",
    "apiDetailParseTemplate": 0,
    "apiDetailParseType": 1,
    "builtIn": true,
    "createTime": 1714466371704,
    "enable": false,
    "id": 0,
    "isActive": false,
    "key": "官解3",
    "name": "官解3",
    "sniff": false,
    "sort": 0,
    "tvboxUrl": "https://weixine.net/ysc.json",
    "updateTime": 1716592088115
  },
  {
    "api": "http://api.huohua.vip/api/?key\u003d6qwYWYpe4mSaPhFvSw\u0026url\u003d",
    "apiDetailParseTemplate": 0,
    "apiDetailParseType": 1,
    "builtIn": true,
    "createTime": 1714466371704,
    "enable": false,
    "id": 0,
    "isActive": false,
    "key": "官解4",
    "name": "官解4",
    "sniff": false,
    "sort": 0,
    "tvboxUrl": "https://weixine.net/ysc.json",
    "updateTime": 1716592089073
  },
  {
    "api": "http://lflong.lyyytv.cn/json.php?url\u003d",
    "apiDetailParseTemplate": 0,
    "apiDetailParseType": 1,
    "builtIn": true,
    "createTime": 1714466371705,
    "enable": false,
    "id": 0,
    "isActive": false,
    "key": "影探",
    "name": "影探",
    "sniff": false,
    "sort": 0,
    "tvboxUrl": "https://weixine.net/ysc.json",
    "updateTime": 1716592088243
  },
  {
    "api": "http://118.99.2.230:6688/api/?key\u003dvAhZ67qzRdW2czQEo2\u0026url\u003d",
    "apiDetailParseTemplate": 0,
    "apiDetailParseType": 1,
    "builtIn": true,
    "createTime": 1714466371705,
    "enable": false,
    "id": 0,
    "isActive": false,
    "key": "蚂蚁",
    "name": "蚂蚁",
    "sniff": false,
    "sort": 0,
    "tvboxUrl": "https://weixine.net/ysc.json",
    "updateTime": 1716592091818
  },
  {
    "api": "http://42.157.128.109:2323/CH/zy/Yumi.php?url\u003d",
    "apiDetailParseTemplate": 0,
    "apiDetailParseType": 1,
    "builtIn": true,
    "createTime": 1714466371706,
    "enable": false,
    "id": 0,
    "isActive": false,
    "key": "玉米",
    "name": "玉米",
    "sniff": false,
    "sort": 0,
    "tvboxUrl": "https://weixine.net/ysc.json",
    "updateTime": 1716592091824
  },
  {
    "api": "https://daina.hk/api/?key\u003ddb18410c19c9ef6713cb5aa1408d2da4\u0026url\u003d",
    "apiDetailParseTemplate": 0,
    "apiDetailParseType": 1,
    "builtIn": true,
    "createTime": 1714466371706,
    "enable": false,
    "id": 0,
    "isActive": false,
    "key": "飞云",
    "name": "飞云",
    "sniff": false,
    "sort": 0,
    "tvboxUrl": "https://weixine.net/ysc.json",
    "updateTime": 1716592088249
  },
  {
    "api": "https://hd.396pay.cn/api/?key\u003dWYfoc47cVuA6xeED4H\u0026url\u003d",
    "apiDetailParseTemplate": 0,
    "apiDetailParseType": 1,
    "builtIn": true,
    "createTime": 1714466371707,
    "enable": false,
    "id": 0,
    "isActive": false,
    "key": "车哥",
    "name": "车哥",
    "sniff": false,
    "sort": 0,
    "tvboxUrl": "https://weixine.net/ysc.json",
    "updateTime": 1716592088737
  },
  {
    "api": "https://xjx.tvcms.top/api/?key\u003da035e75110289821feec5033ffde2bec\u0026url\u003d",
    "apiDetailParseTemplate": 0,
    "apiDetailParseType": 1,
    "builtIn": true,
    "createTime": 1714466371707,
    "enable": false,
    "id": 0,
    "isActive": false,
    "key": "车弟",
    "name": "车弟",
    "sniff": false,
    "sort": 0,
    "tvboxUrl": "https://weixine.net/ysc.json",
    "updateTime": 1716592088733
  }
]