{
  "wbg.video.hot.word.tv": "[\"墨雨云间\",\"庆余年 第二季\",\"我的阿勒泰\",\"狐妖小红娘·月红篇\",\"背着善宰跑\",\"看不见影子的少年\",\"黑社会的我成为了高中生\",\"驯鹿宝贝\",\"庆余年 第一季\",\"新生\",\"天行健\",\"9号秘事 第九季\",\"毕业\",\"爱填满空白第二季\",\"人生复本 第一季\",\"职业替身\",\"追风者\",\"鬼灭之刃 柱训练篇\",\"星球大战：侍者\",\"时光正好\"]",
  "wbg.video.hot.word.anime": "[\"你想活出怎样的人生\",\"间谍过家家 代号：白\",\"葬送的芙莉莲\",\"一起来睡觉\",\"哈尔的移动城堡\",\"迷宫饭\",\"憧憬成为魔法少女\",\"鬼灭之刃 柱训练篇\",\"怪兽8号\",\"间谍过家家 第二季\",\"药屋少女的呢喃\",\"灌篮高手\",\"我独自升级\",\"名侦探柯南：黑铁的鱼影\",\"少女乐队的呐喊\",\"明明是个碍事配角、却被王子给宠爱了\",\"物理魔法使马修 神觉者候补选拔试验篇\",\"忍者神威\",\"排球少年！！垃圾场决战\",\"间谍过家家 第一季\"]",
  "wbg.video.first.open": false,
  "wbg.video.browse.traceless": true,
  "wbg.video.user.agent": "Mozilla/5.0 (Windows NT 10.0; WOW64) AppleWebKit/537.36 (KHTML, like Gecko) Chrome/65.0.3325.162 Safari/537.36",
  "wbg.video.found.key": "荐片",
  "wbg.video.auto.subscribe": false,
  "wbg.video.search.mode": false,
  "wbg.video.hot.word.movie": "[\"朱同在三年级丢失了超能力\",\"疯狂的麦克斯：狂暴女神\",\"扫黑·决不放弃\",\"我才不要和你做朋友呢\",\"美国内战\",\"谈判专家\",\"加菲猫家族\",\"走走停停\",\"机器人之梦\",\"九龙城寨之围城\",\"哆啦A梦：大雄的地球交响乐\",\"末路狂花钱\"]",
  "wbg.video.browse.watch.mode": true,
  "wbg.video.announcement": "2024-06-08",
  "wsg.video.app.version": "0.1.28",
  "wbg.video.hot.word.variety": "[\"旅行任意门\",\"温暖的客栈乐活季\",\"国风超有戏\",\"猫咖营业中\",\"乘风2024训练室全纪录\",\"信用中国\",\"品质中国\",\"势均力敌的我们\",\"乘风2024\",\"法治在线\",\"小小智慧树\",\"远方的家\",\"经典传奇\",\"中国新闻\",\"九州大戏台\",\"天下财经\",\"一条视频\",\"文化十分\"]"
}