[
  {
    "createTime": 1714466316554,
    "enable": true,
    "id": 0,
    "localSpiderPath": "/storage/emulated/0/Android/data/com.wbg.video/files/TvBox/9840203BDC3A1DB0E6DCA40DB45CCA86.jar",
    "remoteSpiderUrl": "https://gitee.com/tvbox_2_0/ziji/raw/master/fty.jar",
    "updateTime": 1714466323074,
    "url": "https://gitee.com/tvbox_2_0/ziji/raw/master/ziji.json"
  },
  {
    "createTime": 1714466362049,
    "enable": true,
    "id": 0,
    "localSpiderPath": "/storage/emulated/0/Android/data/com.wbg.video/files/TvBox/5E77B6E4B5FEE9F90D77B63893F99B23.jar",
    "remoteSpiderUrl": "https://weixine.net/YSC.jar",
    "updateTime": 1714466363938,
    "url": "https://weixine.net/ysc.json"
  }
]