[
  {
    "area": "日本",
    "createTime": 1717406881420,
    "current": 4580178,
    "id": 0,
    "jsonStr": "{\"actor\":\"坂本龙一\",\"area\":\"日本\",\"des\":\"作为坂本龙一献给世界最后的礼物，影片记录了坂本龙一生前最后一场钢琴独奏音乐会，其中包括《圣诞快乐，劳伦斯先生》《末代皇帝》《水》等在内的二十首经典曲目。\",\"director\":\"空音央\",\"endSkipTime\":0,\"head\":\"{}\",\"jiexiUrl\":\"\",\"lang\":\"日语\",\"name\":\"坂本龙一：杰作\",\"pic\":\"https://img.jisuimage.com/cover/59acde6971d98aae75f793722db098a2.jpg\",\"playManagerCore\":0,\"score\":\"9.5\",\"searchGroup\":\"tvbox\",\"searchSort\":50,\"sourceKey\":\"极速资源\",\"sourceLink\":\"https://jszyapi.com/api.php/provide/vod/?ac\u003ddetail\u0026ids\u003d56067\",\"sourceName\":\"极速资源\",\"sourceType\":0,\"startSkipTime\":0,\"status\":\"正片\",\"tags\":\"纪录片,音乐\",\"type\":\"记录片\",\"videoLineList\":[{\"name\":\"极速资源\",\"videoList\":[{\"name\":\"正片\",\"playUrl\":\"https://vv.jisuzyv.com/play/ZdPyAwWe/index.m3u8\",\"sel\":true}]}],\"year\":\"2023\"}",
    "linePosition": 0,
    "name": "坂本龙一：杰作",
    "partIndex": 0,
    "partName": "正片",
    "pic": "https://img.jisuimage.com/cover/59acde6971d98aae75f793722db098a2.jpg",
    "status": "正片",
    "type": "记录片"
  },
  {
    "createTime": 1717406913137,
    "current": 2537545,
    "id": 0,
    "jsonStr": "{\"des\":\"加菲猫（克里斯·帕拉特ChrisPratt配音），这只全球闻名、厌恶星期一、对千层面情有独钟的宅猫，正准备开启一段疯狂的户外奇遇！在与他失散多年的亲生猫爸——不羁的流浪猫维克（塞缪尔·杰克逊SamuelL.Jackson配音）意外重聚后，加菲猫和他的狗狗伙伴欧迪被迫告别了安逸舒适的生活，卷入了一场搞笑又充满刺激的大冒险，而一直娇生惯养的加菲猫，将在这次冒险之旅中蜕变成为上天入地的“猫猫特工”，带着家族直面挑战、化解危机。\",\"endSkipTime\":0,\"head\":\"{}\",\"id\":\"/voddetail/198644.html\",\"jiexiUrl\":\"\",\"name\":\"加菲猫家族\",\"pic\":\"https://f746f90.sdljwomen.com/storage/images/2024-06-01/a4/088ea9b6266e6f7bdffc04b4cf5b5c36.webp\",\"playManagerCore\":1,\"searchGroup\":\"tvbox\",\"searchSort\":70,\"sourceKey\":\"米米影视\",\"sourceName\":\"米米影视\",\"sourceType\":3,\"startSkipTime\":0,\"status\":\"2024 美国,英国,中国香港 喜剧 动画 奇幻 冒险 动画片\",\"videoLineList\":[{\"name\":\"超清线路1\",\"videoList\":[{\"name\":\"TC\",\"playUrl\":\"https://leshiyuncdn.36s.top/20240601/yMQ4n4Tb/index.m3u8\",\"sel\":true}]}]}",
    "linePosition": 0,
    "name": "加菲猫家族",
    "partIndex": 0,
    "partName": "TC",
    "pic": "https://f746f90.sdljwomen.com/storage/images/2024-06-01/a4/088ea9b6266e6f7bdffc04b4cf5b5c36.webp",
    "status": "2024 美国,英国,中国香港 喜剧 动画 奇幻 冒险 动画片"
  },
  {
    "createTime": 1717406918838,
    "current": 0,
    "id": 0,
    "jsonStr": "{\"des\":\"讲述哆啦A梦、大雄等人遇到了很棒的小伙伴，一起展开新的大冒险的故事。如果音乐从地球上消失会怎样？\",\"endSkipTime\":0,\"head\":\"{}\",\"id\":\"https://search.youku.com/api/search?appScene\u003dshow_episode\u0026showIds\u003dfade34ba54b24a688c3c\u0026appCaller\u003dh5\",\"jiexiUrl\":\"\",\"name\":\"哆啦A梦：大雄的地球交响乐\",\"pic\":\"http://r1.ykimg.com/0526000065DDB0442027901CB1625A05\",\"playManagerCore\":0,\"searchGroup\":\"tvbox\",\"searchSort\":70,\"sourceKey\":\"优酷视频\",\"sourceName\":\"优酷视频\",\"sourceType\":3,\"startSkipTime\":0,\"videoLineList\":[{\"name\":\"优酷\",\"videoList\":[{\"name\":\"《哆啦A梦：大雄的地球交响乐》河畔交响乐片段 奏响儿童节的快乐\",\"playUrl\":\"https%3A%2F%2Fv.youku.com%2Fv_show%2Fid_XNjM5NDkxNTk2NA%3D%3D.html\",\"sel\":true},{\"name\":\"《哆啦A梦：大雄的地球交响乐》曝“童心万岁”特别映像 今日上映冒险之旅正式开启\",\"playUrl\":\"https%3A%2F%2Fv.youku.com%2Fv_show%2Fid_XNjQwMDk2NTc3Ng%3D%3D.html\",\"sel\":false},{\"name\":\"《哆啦A梦：大雄的地球交响乐》曝“友你们真好”版预告 友情不散冒险开启\",\"playUrl\":\"https%3A%2F%2Fv.youku.com%2Fv_show%2Fid_XNjQwMDM2NzYyOA%3D%3D.html\",\"sel\":false},{\"name\":\"《哆啦A梦：大雄的地球交响乐》曝“音乐大冒险”版预告 全员化身音乐高手拯救地球\",\"playUrl\":\"https%3A%2F%2Fv.youku.com%2Fv_show%2Fid_XNjM5ODYxMzYwOA%3D%3D.html\",\"sel\":false},{\"name\":\"《哆啦A梦：大雄的地球交响乐》曝“乐团亮相”版预告 儿童节一起欢乐响不停\",\"playUrl\":\"https%3A%2F%2Fv.youku.com%2Fv_show%2Fid_XNjM5NjM4MDI5Mg%3D%3D.html\",\"sel\":false},{\"name\":\"《哆啦A梦：大雄的地球交响乐》曝新预告 5.31一起乐响“乐”快乐！\",\"playUrl\":\"https%3A%2F%2Fv.youku.com%2Fv_show%2Fid_XNjM4ODU3ODE3Ng%3D%3D.html\",\"sel\":false},{\"name\":\"《哆啦A梦：大雄的地球交响乐》定档5月31日 大银幕见证音乐冒险\",\"playUrl\":\"https%3A%2F%2Fv.youku.com%2Fv_show%2Fid_XNjM4Nzg1MDQyOA%3D%3D.html\",\"sel\":false},{\"name\":\"《哆啦A梦：大雄的地球交响乐》有望登陆内地大银幕 音乐冒险全新开启\",\"playUrl\":\"https%3A%2F%2Fv.youku.com%2Fv_show%2Fid_XNjM3ODQ3MDUyOA%3D%3D.html\",\"sel\":false},{\"name\":\"哆啦A梦惊喜空降北影节，音乐风暴席卷红毯， 5月31日乐响“乐”快乐！\",\"playUrl\":\"https%3A%2F%2Fv.youku.com%2Fv_show%2Fid_XNjM4OTYzMzU2NA%3D%3D.html\",\"sel\":false},{\"name\":\"《哆啦A梦：大雄的地球交响乐》预售开启，主题曲欢乐发布清爽一“夏”\",\"playUrl\":\"https%3A%2F%2Fv.youku.com%2Fv_show%2Fid_XNjM5MjY1NDg1Mg%3D%3D.html\",\"sel\":false}]}]}",
    "linePosition": 0,
    "name": "哆啦A梦：大雄的地球交响乐",
    "partIndex": 0,
    "partName": "《哆啦A梦：大雄的地球交响乐》河畔交响乐片段 奏响儿童节的快乐",
    "pic": "http://r1.ykimg.com/0526000065DDB0442027901CB1625A05"
  },
  {
    "createTime": 1717406952424,
    "current": 1630879,
    "id": 0,
    "jsonStr": "{\"des\":\"\u003cp\u003e　　就在一个晴朗平静的日子里，哆啦A梦（水田山葵 配音）脖子上的铃铛意外被绰号DX的怪盗盗走。大雄（大原惠 配音）通过福尔摩斯套装中联想放大镜的帮助，发现未来世界的秘密道具博物馆有重大嫌疑。拿着哆啦美（千秋 配音）带来的参观券，他们和静香（嘉数由美 配音）、胖虎（木村昴 配音）、小夫（关智一 配音）等好友来到22世纪。辉煌庄严的博物馆内，收藏着被称作“秘密道具之父”的哈尔德曼博士以来发明各代道具。在博士的孙子库尔特（三瓶由布子 配音）的引领下，小伙伴们见识了各种熟悉与陌生的神奇道具，体会到前所未有的快乐。而在此期间，怪盗DX的行动仍在继续，谁也不知道他真正的目的……\u003cbr/\u003e　　本片为朝日电视台开播55周年纪念作品。\u003c/p\u003e\",\"endSkipTime\":0,\"head\":\"{\\\"user-agent\\\":\\\"Mozilla/5.0 (Macintosh; Intel Mac OS X 10_15_7) AppleWebKit/537.36 (KHTML, like Gecko) Chrome/119.0.0.0 Safari/537.33\\\"}\",\"id\":\"231510\",\"jiexiUrl\":\"\",\"name\":\"哆啦A梦：大雄的秘密道具博物馆\",\"pic\":\"https://img.ffzypic.com/upload/vod/20230124-1/44d73c2fc0757ae2f00930baf9326d24.jpg\",\"playManagerCore\":1,\"searchGroup\":\"tvbox\",\"searchSort\":70,\"sourceKey\":\"南瓜影视\",\"sourceName\":\"南瓜影视\",\"sourceType\":3,\"startSkipTime\":0,\"videoLineList\":[{\"name\":\"NG速播-A\",\"videoList\":[{\"name\":\"第1集\",\"playUrl\":\"https://cdn.json.icu/aikuwudiwenjianjia/0801/1713005848aikuzhuanshurejutihuan.m3u8?ts\u003d1717406907\u0026token\u003d8901b75a3f298585631d99ddf4a72946\u0026aiku.m3u8\",\"sel\":false}]},{\"name\":\"官网IQY云\",\"videoList\":[{\"name\":\"第1集\",\"playUrl\":\"http://119.91.123.253:2345/Api/yun.php?url\u003dhttps://www.iqiyi.com/v_19rr0t8un4.html\",\"sel\":false},{\"name\":\"第1集\",\"playUrl\":\"http://119.91.123.253:2345/Api/yun.php?url\u003dhttps://www.iqiyi.com/v_19rr0t8un4.html\",\"sel\":false}]},{\"name\":\"FF源-勿信视频内广告\",\"videoList\":[{\"name\":\"HD中字\",\"playUrl\":\"http://43.248.129.14:20240/m3u8_98daee81b5727a24b66f13d048bad78b.m3u8\",\"sel\":false}]},{\"name\":\"LZ源-勿信视频内广告\",\"videoList\":[{\"name\":\"日语\",\"playUrl\":\"http://43.248.129.14:20240/m3u8_4398f04bc262bd061ac74cc10f728636.m3u8\",\"sel\":true},{\"name\":\"国语\",\"playUrl\":\"http://43.248.129.14:20240/?url\u003dhttps://vip.lz-cdn17.com/20230610/15219_419a90da/index.m3u8\",\"sel\":false}]}],\"year\":\"2013\"}",
    "linePosition": 3,
    "name": "哆啦A梦：大雄的秘密道具博物馆",
    "partIndex": 0,
    "partName": "日语",
    "pic": "https://img.ffzypic.com/upload/vod/20230124-1/44d73c2fc0757ae2f00930baf9326d24.jpg"
  }
]