{
  "wbg.video.hot.word.anime": "[\"你想活出怎样的人生\",\"间谍过家家 代号：白\",\"葬送的芙莉莲\",\"哈尔的移动城堡\",\"一起来睡觉\",\"憧憬成为魔法少女\",\"迷宫饭\",\"间谍过家家 第二季\",\"灌篮高手\",\"药屋少女的呢喃\",\"怪兽8号\",\"鬼灭之刃 柱训练篇\",\"我独自升级\",\"忍者神威\",\"名侦探柯南：黑铁的鱼影\",\"明明是个碍事配角、却被王子给宠爱了\",\"物理魔法使马修 神觉者候补选拔试验篇\",\"排球少年！！垃圾场决战\",\"少女乐队的呐喊\",\"间谍过家家 第一季\"]",
  "wbg.video.hot.word.tv": "[]",
  "wbg.video.first.open": false,
  "wbg.video.menu.bottom.square": true,
  "wbg.video.browse.traceless": false,
  "wbg.video.user.agent": "Mozilla/5.0 (Windows NT 6.3; Win64; x64) AppleWebKit/537.36 (KHTML, like Gecko) Chrome/72.0.3626.121 Safari/537.36",
  "wbg.video.theme.mode": 1,
  "wbg.video.menu.bottom.live": true,
  "wbg.video.found.key": "天天弹幕",
  "wbg.video.auto.subscribe": false,
  "wbg.video.search.mode": false,
  "wbg.video.hot.word.movie": "[\"坂本龙一：杰作\",\"朱同在三年级丢失了超能力\",\"加菲猫家族\",\"哆啦A梦：大雄的地球交响乐\",\"今夜，就算这份爱恋从世界上消失\",\"盟军敢死队\",\"九龙城寨之围城\",\"泳者之心\",\"乜代宗师\",\"特技狂人\",\"三叉戟\",\"母亲的直觉\"]",
  "wbg.video.theme.color.primary": "#EA7B99",
  "wbg.video.browse.watch.mode": false,
  "wbg.video.announcement": "2024-06-03",
  "wsg.video.app.version": "0.1.27",
  "wbg.video.hot.word.variety": "[\"德云社烧饼曹鹤阳相声专场吉林站2024\",\"攻坚三北\",\"2024甲辰年拜谒炎帝神农大典\",\"童心加油站\",\"信用中国\",\"品质中国\",\"现在请开播\",\"传奇故事\",\"小小智慧树\",\"读书\",\"经典传奇\",\"天下财经\",\"九州大戏台\",\"夕阳红\",\"论兵\",\"男生女生向前冲第十季\",\"正午国防军事\",\"国防军事早报\"]",
  "wbg.search.history.keyword": "[\"幻影凶间1408\",\"缘分天注定\",\"天注定\",\"庆余年第二季\"]"
}