[
  {
    "api": "http://jx.meowtv.cn/?url\u003d",
    "apiDetailParseTemplate": 0,
    "apiDetailParseType": 1,
    "builtIn": true,
    "createTime": 1717602852035,
    "enable": false,
    "id": 0,
    "isActive": false,
    "key": "💘JUZIYOU💘",
    "name": "💘JUZIYOU💘",
    "sniff": false,
    "sort": 0,
    "tvboxUrl": "http://juziyou.vip/tv",
    "updateTime": 1717733964161
  },
  {
    "api": "http://121.62.61.51:6888/api/?key\u003deIQ9JzXVIzkY3ZSoEZ\u0026url\u003d",
    "apiDetailParseTemplate": 0,
    "apiDetailParseType": 1,
    "builtIn": true,
    "createTime": 1717602852036,
    "enable": false,
    "id": 0,
    "isActive": false,
    "key": "💘JUZIYOU3💘",
    "name": "💘JUZIYOU3💘",
    "sniff": false,
    "sort": 0,
    "tvboxUrl": "http://juziyou.vip/tv",
    "updateTime": 1717733964268
  },
  {
    "api": "http://119.91.123.253:2345/Api/yun.php?url\u003d",
    "apiDetailParseTemplate": 0,
    "apiDetailParseType": 1,
    "builtIn": true,
    "createTime": 1717602852036,
    "enable": false,
    "id": 0,
    "isActive": false,
    "key": "💘JUZIYOU4💘",
    "name": "💘JUZIYOU4💘",
    "sniff": false,
    "sort": 0,
    "tvboxUrl": "http://juziyou.vip/tv",
    "updateTime": 1717733964467
  },
  {
    "api": "http://110.42.2.247:880/analysis/json/?uid\u003d2334\u0026my\u003dfhloqstzDIKLMORTZ9\u0026url\u003d",
    "apiDetailParseTemplate": 0,
    "apiDetailParseType": 1,
    "builtIn": true,
    "createTime": 1717602852036,
    "enable": false,
    "id": 0,
    "isActive": false,
    "key": "💘JUZIYOU2💘",
    "name": "💘JUZIYOU2💘",
    "sniff": false,
    "sort": 0,
    "tvboxUrl": "http://juziyou.vip/tv",
    "updateTime": 1717733964575
  }
]