[
  {
    "api": "csp_Douban",
    "apiDetail": "csp_Douban",
    "apiDetailJiexiUrl": "",
    "apiDetailParsePlayUrlTemplate": 0,
    "apiDetailParseTemplate": 0,
    "apiDetailParseType": 3,
    "apiSearch": "csp_Douban",
    "apiSearchParseTemplate": 0,
    "apiSearchParseType": 3,
    "apiType": 1,
    "createTime": 1717602834614,
    "enable": true,
    "group": "tvbox",
    "id": 0,
    "isActive": true,
    "isFound": true,
    "key": "豆瓣",
    "name": "💘公众号:【橘子柚影视】💘",
    "searchable": 0,
    "sort": 70,
    "tvBoxParseType": 3,
    "tvboxClickSelector": "",
    "tvboxExt": "https://gitee.com/hackyjso/TVbox/raw/main/json/douban.json",
    "tvboxLocalSpiderPath": "/storage/emulated/0/Android/data/com.wbg.video/files/TvBox/FEF2C52E910CDAF3A37CA4E84D245407.jar",
    "tvboxRemoteSpiderUrl": "https://gitee.com/hackyjso/TVbox/raw/main/jar/custom_spider.txt",
    "tvboxUrl": "http://juziyou.vip/tv",
    "updateTime": 1717733936662
  },
  {
    "api": "csp_Zijijiekou",
    "apiDetail": "csp_Zijijiekou",
    "apiDetailJiexiUrl": "",
    "apiDetailParsePlayUrlTemplate": 0,
    "apiDetailParseTemplate": 0,
    "apiDetailParseType": 3,
    "apiSearch": "csp_Zijijiekou",
    "apiSearchParseTemplate": 0,
    "apiSearchParseType": 3,
    "apiType": 1,
    "createTime": 1717602834616,
    "enable": true,
    "group": "tvbox",
    "id": 0,
    "isActive": true,
    "isFound": true,
    "key": "ziji2",
    "name": "💘橘子柚┃4K|弹幕💘",
    "searchable": 1,
    "sort": 70,
    "tvBoxParseType": 3,
    "tvboxClickSelector": "",
    "tvboxExt": "{\"token\":\"\",\"url\":\"https://www.juziyou.vip\"}",
    "tvboxLocalSpiderPath": "/storage/emulated/0/Android/data/com.wbg.video/files/TvBox/FEF2C52E910CDAF3A37CA4E84D245407.jar",
    "tvboxRemoteSpiderUrl": "https://gitee.com/hackyjso/TVbox/raw/main/jar/custom_spider.txt",
    "tvboxUrl": "http://juziyou.vip/tv",
    "updateTime": 1717733601501
  },
  {
    "api": "csp_Wexconfig",
    "apiDetail": "csp_Wexconfig",
    "apiDetailJiexiUrl": "",
    "apiDetailParsePlayUrlTemplate": 0,
    "apiDetailParseTemplate": 0,
    "apiDetailParseType": 3,
    "apiSearch": "csp_Wexconfig",
    "apiSearchParseTemplate": 0,
    "apiSearchParseType": 3,
    "apiType": 1,
    "createTime": 1717602834616,
    "enable": true,
    "group": "tvbox",
    "id": 0,
    "isActive": true,
    "isFound": true,
    "key": "Wexconfig",
    "name": "💘配置┃中心💘",
    "searchable": 0,
    "sort": 70,
    "tvBoxParseType": 3,
    "tvboxClickSelector": "",
    "tvboxExt": "",
    "tvboxLocalSpiderPath": "/storage/emulated/0/Android/data/com.wbg.video/files/TvBox/FEF2C52E910CDAF3A37CA4E84D245407.jar",
    "tvboxRemoteSpiderUrl": "https://gitee.com/hackyjso/TVbox/raw/main/jar/custom_spider.txt",
    "tvboxSiteLocalJar": "/storage/emulated/0/Android/data/com.wbg.video/files/TvBox/98C4C7A6B6F75809DE34A7A220F42ABE.jar",
    "tvboxSiteRemoteJar": "https://gitee.com/hackyjso/TVbox/raw/main/jar/wex.jar",
    "tvboxUrl": "http://juziyou.vip/tv",
    "updateTime": 1717733935587
  },
  {
    "api": "csp_MyAli",
    "apiDetail": "csp_MyAli",
    "apiDetailJiexiUrl": "",
    "apiDetailParsePlayUrlTemplate": 0,
    "apiDetailParseTemplate": 0,
    "apiDetailParseType": 3,
    "apiSearch": "csp_MyAli",
    "apiSearchParseTemplate": 0,
    "apiSearchParseType": 3,
    "apiType": 1,
    "createTime": 1717602835557,
    "enable": true,
    "group": "tvbox",
    "id": 0,
    "isActive": true,
    "isFound": true,
    "key": "我的阿里",
    "name": "💘我的┃阿里💘",
    "searchable": 0,
    "sort": 70,
    "tvBoxParseType": 3,
    "tvboxClickSelector": "",
    "tvboxExt": "{\"token\":\"file://TV/ali_token.txt\"}",
    "tvboxLocalSpiderPath": "/storage/emulated/0/Android/data/com.wbg.video/files/TvBox/FEF2C52E910CDAF3A37CA4E84D245407.jar",
    "tvboxRemoteSpiderUrl": "https://gitee.com/hackyjso/TVbox/raw/main/jar/custom_spider.txt",
    "tvboxSiteLocalJar": "/storage/emulated/0/Android/data/com.wbg.video/files/TvBox/2EA93B51A0AFC619E9D58CE6FEF12B43.jar",
    "tvboxSiteRemoteJar": "https://gitee.com/hackyjso/TVbox/raw/main/jar/danmu.jar",
    "tvboxUrl": "http://juziyou.vip/tv",
    "updateTime": 1717733935889
  },
  {
    "api": "csp_Wexkukantv",
    "apiDetail": "csp_Wexkukantv",
    "apiDetailJiexiUrl": "",
    "apiDetailParsePlayUrlTemplate": 0,
    "apiDetailParseTemplate": 0,
    "apiDetailParseType": 3,
    "apiSearch": "csp_Wexkukantv",
    "apiSearchParseTemplate": 0,
    "apiSearchParseType": 3,
    "apiType": 1,
    "createTime": 1717602837379,
    "enable": true,
    "group": "tvbox",
    "id": 0,
    "isActive": true,
    "isFound": true,
    "key": "Wexkukantv",
    "name": "💘酷看┃App💘",
    "searchable": 1,
    "sort": 70,
    "tvBoxParseType": 3,
    "tvboxClickSelector": "",
    "tvboxExt": "",
    "tvboxLocalSpiderPath": "/storage/emulated/0/Android/data/com.wbg.video/files/TvBox/FEF2C52E910CDAF3A37CA4E84D245407.jar",
    "tvboxRemoteSpiderUrl": "https://gitee.com/hackyjso/TVbox/raw/main/jar/custom_spider.txt",
    "tvboxSiteLocalJar": "/storage/emulated/0/Android/data/com.wbg.video/files/TvBox/98C4C7A6B6F75809DE34A7A220F42ABE.jar",
    "tvboxSiteRemoteJar": "https://gitee.com/hackyjso/TVbox/raw/main/jar/wex.jar",
    "tvboxUrl": "http://juziyou.vip/tv",
    "updateTime": 1717733936059
  },
  {
    "api": "csp_Bttwo",
    "apiDetail": "csp_Bttwo",
    "apiDetailJiexiUrl": "",
    "apiDetailParsePlayUrlTemplate": 0,
    "apiDetailParseTemplate": 0,
    "apiDetailParseType": 3,
    "apiSearch": "csp_Bttwo",
    "apiSearchParseTemplate": 0,
    "apiSearchParseType": 3,
    "apiType": 1,
    "createTime": 1717602837680,
    "enable": true,
    "group": "tvbox",
    "id": 0,
    "isActive": true,
    "isFound": true,
    "key": "两个BT",
    "name": "💘两个BT|弹幕💘",
    "searchable": 1,
    "sort": 70,
    "tvBoxParseType": 3,
    "tvboxClickSelector": "",
    "tvboxExt": "https://www.bttwoo.com/",
    "tvboxLocalSpiderPath": "/storage/emulated/0/Android/data/com.wbg.video/files/TvBox/FEF2C52E910CDAF3A37CA4E84D245407.jar",
    "tvboxRemoteSpiderUrl": "https://gitee.com/hackyjso/TVbox/raw/main/jar/custom_spider.txt",
    "tvboxUrl": "http://juziyou.vip/tv",
    "updateTime": 1717733936137
  },
  {
    "api": "csp_Naikan",
    "apiDetail": "csp_Naikan",
    "apiDetailJiexiUrl": "",
    "apiDetailParsePlayUrlTemplate": 0,
    "apiDetailParseTemplate": 0,
    "apiDetailParseType": 3,
    "apiSearch": "csp_Naikan",
    "apiSearchParseTemplate": 0,
    "apiSearchParseType": 3,
    "apiType": 1,
    "createTime": 1717602837680,
    "enable": true,
    "group": "tvbox",
    "id": 0,
    "isActive": true,
    "isFound": true,
    "key": "laikan",
    "name": "💘莱莱┃弹幕💘",
    "searchable": 1,
    "sort": 70,
    "tvBoxParseType": 3,
    "tvboxClickSelector": "",
    "tvboxExt": "https://lkvod.us/",
    "tvboxLocalSpiderPath": "/storage/emulated/0/Android/data/com.wbg.video/files/TvBox/FEF2C52E910CDAF3A37CA4E84D245407.jar",
    "tvboxRemoteSpiderUrl": "https://gitee.com/hackyjso/TVbox/raw/main/jar/custom_spider.txt",
    "tvboxUrl": "http://juziyou.vip/tv",
    "updateTime": 1717733615753
  },
  {
    "api": "csp_Jianpian",
    "apiDetail": "csp_Jianpian",
    "apiDetailJiexiUrl": "",
    "apiDetailParsePlayUrlTemplate": 0,
    "apiDetailParseTemplate": 0,
    "apiDetailParseType": 3,
    "apiSearch": "csp_Jianpian",
    "apiSearchParseTemplate": 0,
    "apiSearchParseType": 3,
    "apiType": 1,
    "createTime": 1717602837680,
    "enable": true,
    "group": "tvbox",
    "id": 0,
    "isActive": true,
    "isFound": true,
    "key": "賤賤",
    "name": "💘贱贱┃直连💘",
    "searchable": 1,
    "sort": 70,
    "tvBoxParseType": 3,
    "tvboxClickSelector": "",
    "tvboxExt": "https://gitee.com/hackyjso/TVbox/raw/main/json/jianpian.json",
    "tvboxLocalSpiderPath": "/storage/emulated/0/Android/data/com.wbg.video/files/TvBox/FEF2C52E910CDAF3A37CA4E84D245407.jar",
    "tvboxRemoteSpiderUrl": "https://gitee.com/hackyjso/TVbox/raw/main/jar/custom_spider.txt",
    "tvboxUrl": "http://juziyou.vip/tv",
    "updateTime": 1717733936229
  },
  {
    "api": "csp_TTian",
    "apiDetail": "csp_TTian",
    "apiDetailJiexiUrl": "",
    "apiDetailParsePlayUrlTemplate": 0,
    "apiDetailParseTemplate": 0,
    "apiDetailParseType": 3,
    "apiSearch": "csp_TTian",
    "apiSearchParseTemplate": 0,
    "apiSearchParseType": 3,
    "apiType": 1,
    "createTime": 1717602837681,
    "enable": true,
    "group": "tvbox",
    "id": 0,
    "isActive": true,
    "isFound": true,
    "key": "天天",
    "name": "💘天天┃弹幕💘",
    "searchable": 1,
    "sort": 70,
    "tvBoxParseType": 3,
    "tvboxClickSelector": "",
    "tvboxExt": "http://op.ysdqjs.cn$$$null$$$1",
    "tvboxLocalSpiderPath": "/storage/emulated/0/Android/data/com.wbg.video/files/TvBox/FEF2C52E910CDAF3A37CA4E84D245407.jar",
    "tvboxRemoteSpiderUrl": "https://gitee.com/hackyjso/TVbox/raw/main/jar/custom_spider.txt",
    "tvboxSiteLocalJar": "/storage/emulated/0/Android/data/com.wbg.video/files/TvBox/8D22BD594FDCAC358031371045128AEA.jar",
    "tvboxSiteRemoteJar": "https://gitee.com/hackyjso/TVbox/raw/main/jar/wypg.jar",
    "tvboxUrl": "http://juziyou.vip/tv",
    "updateTime": 1717733935726
  },
  {
    "api": "https://gitee.com/hackyjso/TVbox/raw/main/drpy_js/libs/drpy.min.js",
    "apiDetail": "https://gitee.com/hackyjso/TVbox/raw/main/drpy_js/libs/drpy.min.js",
    "apiDetailJiexiUrl": "",
    "apiDetailParsePlayUrlTemplate": 0,
    "apiDetailParseTemplate": 0,
    "apiDetailParseType": 3,
    "apiSearch": "https://gitee.com/hackyjso/TVbox/raw/main/drpy_js/libs/drpy.min.js",
    "apiSearchParseTemplate": 0,
    "apiSearchParseType": 3,
    "apiType": 1,
    "createTime": 1717602838396,
    "enable": true,
    "group": "tvbox",
    "id": 0,
    "isActive": true,
    "isFound": true,
    "key": "drjs_子子影视",
    "name": "💘子子┃直连💘",
    "searchable": 1,
    "sort": 70,
    "tvBoxParseType": 3,
    "tvboxClickSelector": "",
    "tvboxExt": "https://gitee.com/hackyjso/TVbox/raw/main/drpy_js/js/子子影视.js",
    "tvboxLocalSpiderPath": "/storage/emulated/0/Android/data/com.wbg.video/files/TvBox/FEF2C52E910CDAF3A37CA4E84D245407.jar",
    "tvboxRemoteSpiderUrl": "https://gitee.com/hackyjso/TVbox/raw/main/jar/custom_spider.txt",
    "tvboxUrl": "http://juziyou.vip/tv",
    "updateTime": 1717733936129
  },
  {
    "api": "csp_Subaibai",
    "apiDetail": "csp_Subaibai",
    "apiDetailJiexiUrl": "",
    "apiDetailParsePlayUrlTemplate": 0,
    "apiDetailParseTemplate": 0,
    "apiDetailParseType": 3,
    "apiSearch": "csp_Subaibai",
    "apiSearchParseTemplate": 0,
    "apiSearchParseType": 3,
    "apiType": 1,
    "createTime": 1717602838396,
    "enable": true,
    "group": "tvbox",
    "id": 0,
    "isActive": true,
    "isFound": true,
    "key": "subai",
    "name": "💘素素┃弹幕💘",
    "searchable": 1,
    "sort": 70,
    "tvBoxParseType": 3,
    "tvboxClickSelector": "",
    "tvboxExt": "https://www.subaibaiys.com/",
    "tvboxLocalSpiderPath": "/storage/emulated/0/Android/data/com.wbg.video/files/TvBox/FEF2C52E910CDAF3A37CA4E84D245407.jar",
    "tvboxRemoteSpiderUrl": "https://gitee.com/hackyjso/TVbox/raw/main/jar/custom_spider.txt",
    "tvboxUrl": "http://juziyou.vip/tv",
    "updateTime": 1717733936106
  },
  {
    "api": "csp_Wextudou",
    "apiDetail": "csp_Wextudou",
    "apiDetailJiexiUrl": "",
    "apiDetailParsePlayUrlTemplate": 0,
    "apiDetailParseTemplate": 0,
    "apiDetailParseType": 3,
    "apiSearch": "csp_Wextudou",
    "apiSearchParseTemplate": 0,
    "apiSearchParseType": 3,
    "apiType": 1,
    "createTime": 1717602839010,
    "enable": true,
    "group": "tvbox",
    "id": 0,
    "isActive": true,
    "isFound": true,
    "key": "土豆",
    "name": "💘土豆┃阿里4K💘",
    "searchable": 1,
    "sort": 70,
    "tvBoxParseType": 3,
    "tvboxClickSelector": "",
    "tvboxExt": "",
    "tvboxLocalSpiderPath": "/storage/emulated/0/Android/data/com.wbg.video/files/TvBox/FEF2C52E910CDAF3A37CA4E84D245407.jar",
    "tvboxRemoteSpiderUrl": "https://gitee.com/hackyjso/TVbox/raw/main/jar/custom_spider.txt",
    "tvboxSiteLocalJar": "/storage/emulated/0/Android/data/com.wbg.video/files/TvBox/98C4C7A6B6F75809DE34A7A220F42ABE.jar",
    "tvboxSiteRemoteJar": "https://gitee.com/hackyjso/TVbox/raw/main/jar/wex.jar",
    "tvboxUrl": "http://juziyou.vip/tv",
    "updateTime": 1717733938244
  },
  {
    "api": "csp_Wobg",
    "apiDetail": "csp_Wobg",
    "apiDetailJiexiUrl": "",
    "apiDetailParsePlayUrlTemplate": 0,
    "apiDetailParseTemplate": 0,
    "apiDetailParseType": 3,
    "apiSearch": "csp_Wobg",
    "apiSearchParseTemplate": 0,
    "apiSearchParseType": 3,
    "apiType": 1,
    "createTime": 1717602839328,
    "enable": true,
    "group": "tvbox",
    "id": 0,
    "isActive": true,
    "isFound": true,
    "key": "土豆弹幕",
    "name": "💘土豆┃4K弹幕💘",
    "searchable": 1,
    "sort": 70,
    "tvBoxParseType": 3,
    "tvboxClickSelector": "",
    "tvboxExt": "{\"token\":\"http://127.0.0.1:9978/file/TVBox/token.txt\",\"cookie\":\"http://127.0.0.1:9978/file/TVBox/quark.txt\",\"site\":\"https://tudou.lvdoui.top\",\"danmu\":true}",
    "tvboxLocalSpiderPath": "/storage/emulated/0/Android/data/com.wbg.video/files/TvBox/FEF2C52E910CDAF3A37CA4E84D245407.jar",
    "tvboxRemoteSpiderUrl": "https://gitee.com/hackyjso/TVbox/raw/main/jar/custom_spider.txt",
    "tvboxSiteLocalJar": "/storage/emulated/0/Android/data/com.wbg.video/files/TvBox/2EA93B51A0AFC619E9D58CE6FEF12B43.jar",
    "tvboxSiteRemoteJar": "https://gitee.com/hackyjso/TVbox/raw/main/jar/danmu.jar",
    "tvboxUrl": "http://juziyou.vip/tv",
    "updateTime": 1717733937120
  },
  {
    "api": "csp_Wobg",
    "apiDetail": "csp_Wobg",
    "apiDetailJiexiUrl": "",
    "apiDetailParsePlayUrlTemplate": 0,
    "apiDetailParseTemplate": 0,
    "apiDetailParseType": 3,
    "apiSearch": "csp_Wobg",
    "apiSearchParseTemplate": 0,
    "apiSearchParseType": 3,
    "apiType": 1,
    "createTime": 1717602839634,
    "enable": true,
    "group": "tvbox",
    "id": 0,
    "isActive": true,
    "isFound": true,
    "key": "玩偶表哥",
    "name": "💘表哥┃4K弹幕💘",
    "searchable": 1,
    "sort": 70,
    "tvBoxParseType": 3,
    "tvboxClickSelector": "",
    "tvboxExt": "{\"token\":\"http://127.0.0.1:9978/file/TVBox/token.txt\",\"cookie\":\"http://127.0.0.1:9978/file/TVBox/quark.txt\",\"site\":\"https://wobge.run.goorm.io/\",\"danmu\":true}",
    "tvboxLocalSpiderPath": "/storage/emulated/0/Android/data/com.wbg.video/files/TvBox/FEF2C52E910CDAF3A37CA4E84D245407.jar",
    "tvboxRemoteSpiderUrl": "https://gitee.com/hackyjso/TVbox/raw/main/jar/custom_spider.txt",
    "tvboxSiteLocalJar": "/storage/emulated/0/Android/data/com.wbg.video/files/TvBox/2EA93B51A0AFC619E9D58CE6FEF12B43.jar",
    "tvboxSiteRemoteJar": "https://gitee.com/hackyjso/TVbox/raw/main/jar/danmu.jar",
    "tvboxUrl": "http://juziyou.vip/tv",
    "updateTime": 1717733937035
  },
  {
    "api": "csp_Wobg",
    "apiDetail": "csp_Wobg",
    "apiDetailJiexiUrl": "",
    "apiDetailParsePlayUrlTemplate": 0,
    "apiDetailParseTemplate": 0,
    "apiDetailParseType": 3,
    "apiSearch": "csp_Wobg",
    "apiSearchParseTemplate": 0,
    "apiSearchParseType": 3,
    "apiType": 1,
    "createTime": 1717602839975,
    "enable": true,
    "group": "tvbox",
    "id": 0,
    "isActive": true,
    "isFound": true,
    "key": "多多弹幕",
    "name": "💘多多┃4K弹幕💘",
    "searchable": 1,
    "sort": 70,
    "tvBoxParseType": 3,
    "tvboxClickSelector": "",
    "tvboxExt": "{\"token\":\"http://127.0.0.1:9978/file/TVBox/token.txt\",\"cookie\":\"http://127.0.0.1:9978/file/TVBox/quark.txt\",\"site\":\"https://tv.yydsys.top/\",\"danmu\":true}",
    "tvboxLocalSpiderPath": "/storage/emulated/0/Android/data/com.wbg.video/files/TvBox/FEF2C52E910CDAF3A37CA4E84D245407.jar",
    "tvboxRemoteSpiderUrl": "https://gitee.com/hackyjso/TVbox/raw/main/jar/custom_spider.txt",
    "tvboxSiteLocalJar": "/storage/emulated/0/Android/data/com.wbg.video/files/TvBox/2EA93B51A0AFC619E9D58CE6FEF12B43.jar",
    "tvboxSiteRemoteJar": "https://gitee.com/hackyjso/TVbox/raw/main/jar/danmu.jar",
    "tvboxUrl": "http://juziyou.vip/tv",
    "updateTime": 1717733937497
  },
  {
    "api": "csp_Tzfile",
    "apiDetail": "csp_Tzfile",
    "apiDetailJiexiUrl": "",
    "apiDetailParsePlayUrlTemplate": 0,
    "apiDetailParseTemplate": 0,
    "apiDetailParseType": 3,
    "apiSearch": "csp_Tzfile",
    "apiSearchParseTemplate": 0,
    "apiSearchParseType": 3,
    "apiType": 1,
    "createTime": 1717602840296,
    "enable": true,
    "group": "tvbox",
    "id": 0,
    "isActive": true,
    "isFound": false,
    "key": "团长弹幕",
    "name": "💘团长┃4K弹幕💘",
    "searchable": 1,
    "sort": 70,
    "tvBoxParseType": 3,
    "tvboxClickSelector": "",
    "tvboxExt": "{\"token\":\"http://127.0.0.1:9978/file/TVBox/token.txt\",\"cookie\":\"http://127.0.0.1:9978/file/TVBox/quark.txt\",\"danmu\":true}",
    "tvboxLocalSpiderPath": "/storage/emulated/0/Android/data/com.wbg.video/files/TvBox/FEF2C52E910CDAF3A37CA4E84D245407.jar",
    "tvboxRemoteSpiderUrl": "https://gitee.com/hackyjso/TVbox/raw/main/jar/custom_spider.txt",
    "tvboxSiteLocalJar": "/storage/emulated/0/Android/data/com.wbg.video/files/TvBox/2EA93B51A0AFC619E9D58CE6FEF12B43.jar",
    "tvboxSiteRemoteJar": "https://gitee.com/hackyjso/TVbox/raw/main/jar/danmu.jar",
    "tvboxUrl": "http://juziyou.vip/tv",
    "updateTime": 1717687821236
  },
  {
    "api": "csp_AliShare",
    "apiDetail": "csp_AliShare",
    "apiDetailJiexiUrl": "",
    "apiDetailParsePlayUrlTemplate": 0,
    "apiDetailParseTemplate": 0,
    "apiDetailParseType": 3,
    "apiSearch": "csp_AliShare",
    "apiSearchParseTemplate": 0,
    "apiSearchParseType": 3,
    "apiType": 1,
    "createTime": 1717602840612,
    "enable": true,
    "group": "tvbox",
    "id": 0,
    "isActive": true,
    "isFound": true,
    "key": "阿里合集",
    "name": "💘阿里┃合集💘",
    "searchable": 1,
    "sort": 70,
    "tvBoxParseType": 3,
    "tvboxClickSelector": "",
    "tvboxExt": "{\"token\":\"file://TV/ali_token.txt\",\"share\":\"file://TV/阿里集合.json\"}",
    "tvboxLocalSpiderPath": "/storage/emulated/0/Android/data/com.wbg.video/files/TvBox/FEF2C52E910CDAF3A37CA4E84D245407.jar",
    "tvboxRemoteSpiderUrl": "https://gitee.com/hackyjso/TVbox/raw/main/jar/custom_spider.txt",
    "tvboxSiteLocalJar": "/storage/emulated/0/Android/data/com.wbg.video/files/TvBox/2EA93B51A0AFC619E9D58CE6FEF12B43.jar",
    "tvboxSiteRemoteJar": "https://gitee.com/hackyjso/TVbox/raw/main/jar/danmu.jar",
    "tvboxUrl": "http://juziyou.vip/tv",
    "updateTime": 1717733759823
  },
  {
    "api": "csp_Freeok",
    "apiDetail": "csp_Freeok",
    "apiDetailJiexiUrl": "",
    "apiDetailParsePlayUrlTemplate": 0,
    "apiDetailParseTemplate": 0,
    "apiDetailParseType": 3,
    "apiSearch": "csp_Freeok",
    "apiSearchParseTemplate": 0,
    "apiSearchParseType": 3,
    "apiType": 1,
    "createTime": 1717602840962,
    "enable": true,
    "group": "tvbox",
    "id": 0,
    "isActive": true,
    "isFound": true,
    "key": "FreeOK",
    "name": "💘FreeOK┃弹幕💘",
    "searchable": 1,
    "sort": 70,
    "tvBoxParseType": 3,
    "tvboxClickSelector": "",
    "tvboxExt": "https://www.freeok.pro/",
    "tvboxLocalSpiderPath": "/storage/emulated/0/Android/data/com.wbg.video/files/TvBox/FEF2C52E910CDAF3A37CA4E84D245407.jar",
    "tvboxRemoteSpiderUrl": "https://gitee.com/hackyjso/TVbox/raw/main/jar/custom_spider.txt",
    "tvboxUrl": "http://juziyou.vip/tv",
    "updateTime": 1717733774844
  },
  {
    "api": "csp_NanGua",
    "apiDetail": "csp_NanGua",
    "apiDetailJiexiUrl": "",
    "apiDetailParsePlayUrlTemplate": 0,
    "apiDetailParseTemplate": 0,
    "apiDetailParseType": 3,
    "apiSearch": "csp_NanGua",
    "apiSearchParseTemplate": 0,
    "apiSearchParseType": 3,
    "apiType": 1,
    "createTime": 1717602840963,
    "enable": true,
    "group": "tvbox",
    "id": 0,
    "isActive": true,
    "isFound": true,
    "key": "南瓜",
    "name": "💘梦梦┃弹幕💘",
    "searchable": 1,
    "sort": 70,
    "tvBoxParseType": 3,
    "tvboxClickSelector": "",
    "tvboxExt": "http://ys.changmengyun.com",
    "tvboxLocalSpiderPath": "/storage/emulated/0/Android/data/com.wbg.video/files/TvBox/FEF2C52E910CDAF3A37CA4E84D245407.jar",
    "tvboxRemoteSpiderUrl": "https://gitee.com/hackyjso/TVbox/raw/main/jar/custom_spider.txt",
    "tvboxUrl": "http://juziyou.vip/tv",
    "updateTime": 1717733935799
  },
  {
    "api": "csp_Wexxpgtv",
    "apiDetail": "csp_Wexxpgtv",
    "apiDetailJiexiUrl": "",
    "apiDetailParsePlayUrlTemplate": 0,
    "apiDetailParseTemplate": 0,
    "apiDetailParseType": 3,
    "apiSearch": "csp_Wexxpgtv",
    "apiSearchParseTemplate": 0,
    "apiSearchParseType": 3,
    "apiType": 1,
    "createTime": 1717602840963,
    "enable": true,
    "group": "tvbox",
    "id": 0,
    "isActive": true,
    "isFound": true,
    "key": "Wexxpgtv",
    "name": "💘苹果┃App💘",
    "searchable": 1,
    "sort": 70,
    "tvBoxParseType": 3,
    "tvboxClickSelector": "",
    "tvboxExt": "",
    "tvboxLocalSpiderPath": "/storage/emulated/0/Android/data/com.wbg.video/files/TvBox/FEF2C52E910CDAF3A37CA4E84D245407.jar",
    "tvboxRemoteSpiderUrl": "https://gitee.com/hackyjso/TVbox/raw/main/jar/custom_spider.txt",
    "tvboxSiteLocalJar": "/storage/emulated/0/Android/data/com.wbg.video/files/TvBox/98C4C7A6B6F75809DE34A7A220F42ABE.jar",
    "tvboxSiteRemoteJar": "https://gitee.com/hackyjso/TVbox/raw/main/jar/wex.jar",
    "tvboxUrl": "http://juziyou.vip/tv",
    "updateTime": 1717733936184
  },
  {
    "api": "csp_Wexhuayang",
    "apiDetail": "csp_Wexhuayang",
    "apiDetailJiexiUrl": "",
    "apiDetailParsePlayUrlTemplate": 0,
    "apiDetailParseTemplate": 0,
    "apiDetailParseType": 3,
    "apiSearch": "csp_Wexhuayang",
    "apiSearchParseTemplate": 0,
    "apiSearchParseType": 3,
    "apiType": 1,
    "createTime": 1717602841277,
    "enable": true,
    "group": "tvbox",
    "id": 0,
    "isActive": true,
    "isFound": true,
    "key": "Wexhuayang",
    "name": "💘花花┃App💘",
    "searchable": 1,
    "sort": 70,
    "tvBoxParseType": 3,
    "tvboxClickSelector": "",
    "tvboxExt": "",
    "tvboxLocalSpiderPath": "/storage/emulated/0/Android/data/com.wbg.video/files/TvBox/FEF2C52E910CDAF3A37CA4E84D245407.jar",
    "tvboxRemoteSpiderUrl": "https://gitee.com/hackyjso/TVbox/raw/main/jar/custom_spider.txt",
    "tvboxSiteLocalJar": "/storage/emulated/0/Android/data/com.wbg.video/files/TvBox/98C4C7A6B6F75809DE34A7A220F42ABE.jar",
    "tvboxSiteRemoteJar": "https://gitee.com/hackyjso/TVbox/raw/main/jar/wex.jar",
    "tvboxUrl": "http://juziyou.vip/tv",
    "updateTime": 1717733936148
  },
  {
    "api": "csp_Wexjiajia",
    "apiDetail": "csp_Wexjiajia",
    "apiDetailJiexiUrl": "",
    "apiDetailParsePlayUrlTemplate": 0,
    "apiDetailParseTemplate": 0,
    "apiDetailParseType": 3,
    "apiSearch": "csp_Wexjiajia",
    "apiSearchParseTemplate": 0,
    "apiSearchParseType": 3,
    "apiType": 1,
    "createTime": 1717602841595,
    "enable": true,
    "group": "tvbox",
    "id": 0,
    "isActive": true,
    "isFound": true,
    "key": "Wexjiajia",
    "name": "💘佳佳┃App💘",
    "searchable": 1,
    "sort": 70,
    "tvBoxParseType": 3,
    "tvboxClickSelector": "",
    "tvboxExt": "",
    "tvboxLocalSpiderPath": "/storage/emulated/0/Android/data/com.wbg.video/files/TvBox/FEF2C52E910CDAF3A37CA4E84D245407.jar",
    "tvboxRemoteSpiderUrl": "https://gitee.com/hackyjso/TVbox/raw/main/jar/custom_spider.txt",
    "tvboxSiteLocalJar": "/storage/emulated/0/Android/data/com.wbg.video/files/TvBox/98C4C7A6B6F75809DE34A7A220F42ABE.jar",
    "tvboxSiteRemoteJar": "https://gitee.com/hackyjso/TVbox/raw/main/jar/wex.jar",
    "tvboxUrl": "http://juziyou.vip/tv",
    "updateTime": 1717733935848
  },
  {
    "api": "csp_NanGua",
    "apiDetail": "csp_NanGua",
    "apiDetailJiexiUrl": "",
    "apiDetailParsePlayUrlTemplate": 0,
    "apiDetailParseTemplate": 0,
    "apiDetailParseType": 3,
    "apiSearch": "csp_NanGua",
    "apiSearchParseTemplate": 0,
    "apiSearchParseType": 3,
    "apiType": 1,
    "createTime": 1717602841897,
    "enable": true,
    "group": "tvbox",
    "id": 0,
    "isActive": true,
    "isFound": true,
    "key": "NanGua",
    "name": "💘南瓜|直连💘",
    "searchable": 1,
    "sort": 70,
    "tvBoxParseType": 3,
    "tvboxClickSelector": "",
    "tvboxExt": "null$$$1",
    "tvboxLocalSpiderPath": "/storage/emulated/0/Android/data/com.wbg.video/files/TvBox/FEF2C52E910CDAF3A37CA4E84D245407.jar",
    "tvboxRemoteSpiderUrl": "https://gitee.com/hackyjso/TVbox/raw/main/jar/custom_spider.txt",
    "tvboxSiteLocalJar": "/storage/emulated/0/Android/data/com.wbg.video/files/TvBox/C9DEDCF23F329EDB9C29EC311D51B5B7.jar",
    "tvboxSiteRemoteJar": "https://gitee.com/hackyjso/TVbox/raw/main/jar/pg.jar",
    "tvboxUrl": "http://juziyou.vip/tv",
    "updateTime": 1717733935759
  },
  {
    "api": "csp_Local",
    "apiDetail": "csp_Local",
    "apiDetailJiexiUrl": "",
    "apiDetailParsePlayUrlTemplate": 0,
    "apiDetailParseTemplate": 0,
    "apiDetailParseType": 3,
    "apiSearch": "csp_Local",
    "apiSearchParseTemplate": 0,
    "apiSearchParseType": 3,
    "apiType": 1,
    "createTime": 1717602843930,
    "enable": true,
    "group": "tvbox",
    "id": 0,
    "isActive": true,
    "isFound": true,
    "key": "本地",
    "name": "💘本地💘",
    "searchable": 0,
    "sort": 70,
    "tvBoxParseType": 3,
    "tvboxClickSelector": "",
    "tvboxExt": "",
    "tvboxLocalSpiderPath": "/storage/emulated/0/Android/data/com.wbg.video/files/TvBox/FEF2C52E910CDAF3A37CA4E84D245407.jar",
    "tvboxRemoteSpiderUrl": "https://gitee.com/hackyjso/TVbox/raw/main/jar/custom_spider.txt",
    "tvboxUrl": "http://juziyou.vip/tv",
    "updateTime": 1717733935592
  },
  {
    "api": "csp_CandyMuj_taoju",
    "apiDetail": "csp_CandyMuj_taoju",
    "apiDetailJiexiUrl": "",
    "apiDetailParsePlayUrlTemplate": 0,
    "apiDetailParseTemplate": 0,
    "apiDetailParseType": 3,
    "apiSearch": "csp_CandyMuj_taoju",
    "apiSearchParseTemplate": 0,
    "apiSearchParseType": 3,
    "apiType": 1,
    "createTime": 1717602843931,
    "enable": true,
    "group": "tvbox",
    "id": 0,
    "isActive": true,
    "isFound": true,
    "key": "csp_CandyMuj_taoju",
    "name": "💘淘剧┃直连",
    "searchable": 1,
    "sort": 70,
    "tvBoxParseType": 3,
    "tvboxClickSelector": "",
    "tvboxExt": "",
    "tvboxLocalSpiderPath": "/storage/emulated/0/Android/data/com.wbg.video/files/TvBox/FEF2C52E910CDAF3A37CA4E84D245407.jar",
    "tvboxRemoteSpiderUrl": "https://gitee.com/hackyjso/TVbox/raw/main/jar/custom_spider.txt",
    "tvboxSiteLocalJar": "/storage/emulated/0/Android/data/com.wbg.video/files/TvBox/3C0F5837299049BE977AA109B83B6706.jar",
    "tvboxSiteRemoteJar": "https://gitee.com/hackyjso/TVbox/raw/main/jar/lem1225.jar",
    "tvboxUrl": "http://juziyou.vip/tv",
    "updateTime": 1717733936132
  },
  {
    "api": "https://gitee.com/hackyjso/TVbox/raw/main/drpy_js/libs/drpy.min.js",
    "apiDetail": "https://gitee.com/hackyjso/TVbox/raw/main/drpy_js/libs/drpy.min.js",
    "apiDetailJiexiUrl": "",
    "apiDetailParsePlayUrlTemplate": 0,
    "apiDetailParseTemplate": 0,
    "apiDetailParseType": 3,
    "apiSearch": "https://gitee.com/hackyjso/TVbox/raw/main/drpy_js/libs/drpy.min.js",
    "apiSearchParseTemplate": 0,
    "apiSearchParseType": 3,
    "apiType": 1,
    "createTime": 1717602844657,
    "enable": true,
    "group": "tvbox",
    "id": 0,
    "isActive": true,
    "isFound": true,
    "key": "drjs_人人影视",
    "name": "💘人人┃直连💘",
    "searchable": 1,
    "sort": 70,
    "tvBoxParseType": 3,
    "tvboxClickSelector": "",
    "tvboxExt": "https://gitee.com/hackyjso/TVbox/raw/main/drpy_js/js/人人影视.js",
    "tvboxLocalSpiderPath": "/storage/emulated/0/Android/data/com.wbg.video/files/TvBox/FEF2C52E910CDAF3A37CA4E84D245407.jar",
    "tvboxRemoteSpiderUrl": "https://gitee.com/hackyjso/TVbox/raw/main/jar/custom_spider.txt",
    "tvboxUrl": "http://juziyou.vip/tv",
    "updateTime": 1717733937162
  },
  {
    "api": "https://gitee.com/hackyjso/TVbox/raw/main/drpy_js/libs/drpy2.min.js",
    "apiDetail": "https://gitee.com/hackyjso/TVbox/raw/main/drpy_js/libs/drpy2.min.js",
    "apiDetailJiexiUrl": "",
    "apiDetailParsePlayUrlTemplate": 0,
    "apiDetailParseTemplate": 0,
    "apiDetailParseType": 3,
    "apiSearch": "https://gitee.com/hackyjso/TVbox/raw/main/drpy_js/libs/drpy2.min.js",
    "apiSearchParseTemplate": 0,
    "apiSearchParseType": 3,
    "apiType": 1,
    "createTime": 1717602844658,
    "enable": true,
    "group": "tvbox",
    "id": 0,
    "isActive": true,
    "isFound": true,
    "key": "骚火电影",
    "name": "💘骚骚┃直连💘",
    "searchable": 1,
    "sort": 70,
    "tvBoxParseType": 3,
    "tvboxClickSelector": "",
    "tvboxExt": "https://gitee.com/hackyjso/TVbox/raw/main/drpy_js/js/saohuo.js",
    "tvboxLocalSpiderPath": "/storage/emulated/0/Android/data/com.wbg.video/files/TvBox/FEF2C52E910CDAF3A37CA4E84D245407.jar",
    "tvboxRemoteSpiderUrl": "https://gitee.com/hackyjso/TVbox/raw/main/jar/custom_spider.txt",
    "tvboxUrl": "http://juziyou.vip/tv",
    "updateTime": 1717733821810
  },
  {
    "api": "csp_Auete",
    "apiDetail": "csp_Auete",
    "apiDetailJiexiUrl": "",
    "apiDetailParsePlayUrlTemplate": 0,
    "apiDetailParseTemplate": 0,
    "apiDetailParseType": 3,
    "apiSearch": "csp_Auete",
    "apiSearchParseTemplate": 0,
    "apiSearchParseType": 3,
    "apiType": 1,
    "createTime": 1717602844659,
    "enable": true,
    "group": "tvbox",
    "id": 0,
    "isActive": true,
    "isFound": false,
    "key": "Auete",
    "name": "💘特特┃嗅探💘",
    "searchable": 1,
    "sort": 70,
    "tvBoxParseType": 3,
    "tvboxClickSelector": "",
    "tvboxExt": "https://auete.pro/",
    "tvboxLocalSpiderPath": "/storage/emulated/0/Android/data/com.wbg.video/files/TvBox/FEF2C52E910CDAF3A37CA4E84D245407.jar",
    "tvboxRemoteSpiderUrl": "https://gitee.com/hackyjso/TVbox/raw/main/jar/custom_spider.txt",
    "tvboxUrl": "http://juziyou.vip/tv",
    "updateTime": 1717733949329
  },
  {
    "api": "https://gitee.com/hackyjso/TVbox/raw/main/drpy_js/libs/drpy.min.js",
    "apiDetail": "https://gitee.com/hackyjso/TVbox/raw/main/drpy_js/libs/drpy.min.js",
    "apiDetailJiexiUrl": "",
    "apiDetailParsePlayUrlTemplate": 0,
    "apiDetailParseTemplate": 0,
    "apiDetailParseType": 3,
    "apiSearch": "https://gitee.com/hackyjso/TVbox/raw/main/drpy_js/libs/drpy.min.js",
    "apiSearchParseTemplate": 0,
    "apiSearchParseType": 3,
    "apiType": 1,
    "createTime": 1717602844660,
    "enable": true,
    "group": "tvbox",
    "id": 0,
    "isActive": true,
    "isFound": false,
    "key": "drjs_8号影院",
    "name": "💘8号┃嗅探💘",
    "searchable": 1,
    "sort": 70,
    "tvBoxParseType": 3,
    "tvboxClickSelector": "",
    "tvboxExt": "https://gitee.com/hackyjso/TVbox/raw/main/drpy_js/js/8号影院.js",
    "tvboxLocalSpiderPath": "/storage/emulated/0/Android/data/com.wbg.video/files/TvBox/FEF2C52E910CDAF3A37CA4E84D245407.jar",
    "tvboxRemoteSpiderUrl": "https://gitee.com/hackyjso/TVbox/raw/main/jar/custom_spider.txt",
    "tvboxUrl": "http://juziyou.vip/tv",
    "updateTime": 1717733875003
  },
  {
    "api": "https://gitee.com/hackyjso/TVbox/raw/main/drpy_js/libs/drpy.min.js",
    "apiDetail": "https://gitee.com/hackyjso/TVbox/raw/main/drpy_js/libs/drpy.min.js",
    "apiDetailJiexiUrl": "",
    "apiDetailParsePlayUrlTemplate": 0,
    "apiDetailParseTemplate": 0,
    "apiDetailParseType": 3,
    "apiSearch": "https://gitee.com/hackyjso/TVbox/raw/main/drpy_js/libs/drpy.min.js",
    "apiSearchParseTemplate": 0,
    "apiSearchParseType": 3,
    "apiType": 1,
    "createTime": 1717602844660,
    "enable": true,
    "group": "tvbox",
    "id": 0,
    "isActive": true,
    "isFound": false,
    "key": "drjs_热播库",
    "name": "💘热播库┃嗅探💘",
    "searchable": 1,
    "sort": 70,
    "tvBoxParseType": 3,
    "tvboxClickSelector": "",
    "tvboxExt": "https://gitee.com/hackyjso/TVbox/raw/main/drpy_js/js/热播库.js",
    "tvboxLocalSpiderPath": "/storage/emulated/0/Android/data/com.wbg.video/files/TvBox/FEF2C52E910CDAF3A37CA4E84D245407.jar",
    "tvboxRemoteSpiderUrl": "https://gitee.com/hackyjso/TVbox/raw/main/jar/custom_spider.txt",
    "tvboxUrl": "http://juziyou.vip/tv",
    "updateTime": 1717733937698
  },
  {
    "api": "csp_Jugege",
    "apiDetail": "csp_Jugege",
    "apiDetailJiexiUrl": "",
    "apiDetailParsePlayUrlTemplate": 0,
    "apiDetailParseTemplate": 0,
    "apiDetailParseType": 3,
    "apiSearch": "csp_Jugege",
    "apiSearchParseTemplate": 0,
    "apiSearchParseType": 3,
    "apiType": 1,
    "createTime": 1717602844660,
    "enable": true,
    "group": "tvbox",
    "id": 0,
    "isActive": true,
    "isFound": true,
    "key": "Jugege",
    "name": "💘聚聚┃嗅探💘",
    "searchable": 1,
    "sort": 70,
    "tvBoxParseType": 3,
    "tvboxClickSelector": "",
    "tvboxExt": "https://www.jugege.cc/",
    "tvboxLocalSpiderPath": "/storage/emulated/0/Android/data/com.wbg.video/files/TvBox/FEF2C52E910CDAF3A37CA4E84D245407.jar",
    "tvboxRemoteSpiderUrl": "https://gitee.com/hackyjso/TVbox/raw/main/jar/custom_spider.txt",
    "tvboxUrl": "http://juziyou.vip/tv",
    "updateTime": 1717733936188
  },
  {
    "api": "https://gitee.com/hackyjso/TVbox/raw/main/drpy_js/libs/drpy2.min.js",
    "apiDetail": "https://gitee.com/hackyjso/TVbox/raw/main/drpy_js/libs/drpy2.min.js",
    "apiDetailJiexiUrl": "",
    "apiDetailParsePlayUrlTemplate": 0,
    "apiDetailParseTemplate": 0,
    "apiDetailParseType": 3,
    "apiSearch": "https://gitee.com/hackyjso/TVbox/raw/main/drpy_js/libs/drpy2.min.js",
    "apiSearchParseTemplate": 0,
    "apiSearchParseType": 3,
    "apiType": 1,
    "createTime": 1717602845128,
    "enable": true,
    "group": "tvbox",
    "id": 0,
    "isActive": true,
    "isFound": true,
    "key": "js_ddys",
    "name": "💘低端┃外剧💘",
    "searchable": 1,
    "sort": 70,
    "tvBoxParseType": 3,
    "tvboxClickSelector": "",
    "tvboxExt": "https://gitee.com/hackyjso/TVbox/raw/main/drpy_js/js/ddys.js",
    "tvboxLocalSpiderPath": "/storage/emulated/0/Android/data/com.wbg.video/files/TvBox/FEF2C52E910CDAF3A37CA4E84D245407.jar",
    "tvboxRemoteSpiderUrl": "https://gitee.com/hackyjso/TVbox/raw/main/jar/custom_spider.txt",
    "tvboxUrl": "http://juziyou.vip/tv",
    "updateTime": 1717733938868
  },
  {
    "api": "csp_SeedHub",
    "apiDetail": "csp_SeedHub",
    "apiDetailJiexiUrl": "",
    "apiDetailParsePlayUrlTemplate": 0,
    "apiDetailParseTemplate": 0,
    "apiDetailParseType": 3,
    "apiSearch": "csp_SeedHub",
    "apiSearchParseTemplate": 0,
    "apiSearchParseType": 3,
    "apiType": 1,
    "createTime": 1717602845129,
    "enable": true,
    "group": "tvbox",
    "id": 0,
    "isActive": true,
    "isFound": true,
    "key": "SeedHub",
    "name": "🧲SeedHub┃磁力🧲",
    "searchable": 1,
    "sort": 70,
    "tvBoxParseType": 3,
    "tvboxClickSelector": "",
    "tvboxExt": "",
    "tvboxLocalSpiderPath": "/storage/emulated/0/Android/data/com.wbg.video/files/TvBox/FEF2C52E910CDAF3A37CA4E84D245407.jar",
    "tvboxRemoteSpiderUrl": "https://gitee.com/hackyjso/TVbox/raw/main/jar/custom_spider.txt",
    "tvboxSiteLocalJar": "/storage/emulated/0/Android/data/com.wbg.video/files/TvBox/0FB7E4C7B52954FC42AC6869958FAF98.jar",
    "tvboxSiteRemoteJar": "https://gitee.com/hackyjso/TVbox/raw/main/jar/wyog1.jar",
    "tvboxUrl": "http://juziyou.vip/tv",
    "updateTime": 1717733936534
  },
  {
    "api": "csp_Xunlei8",
    "apiDetail": "csp_Xunlei8",
    "apiDetailJiexiUrl": "",
    "apiDetailParsePlayUrlTemplate": 0,
    "apiDetailParseTemplate": 0,
    "apiDetailParseType": 3,
    "apiSearch": "csp_Xunlei8",
    "apiSearchParseTemplate": 0,
    "apiSearchParseType": 3,
    "apiType": 1,
    "createTime": 1717602845500,
    "enable": true,
    "group": "tvbox",
    "id": 0,
    "isActive": true,
    "isFound": true,
    "key": "迅雷吧",
    "name": "🧲迅雷┃磁力🧲",
    "searchable": 1,
    "sort": 70,
    "tvBoxParseType": 3,
    "tvboxClickSelector": "",
    "tvboxExt": "",
    "tvboxLocalSpiderPath": "/storage/emulated/0/Android/data/com.wbg.video/files/TvBox/FEF2C52E910CDAF3A37CA4E84D245407.jar",
    "tvboxRemoteSpiderUrl": "https://gitee.com/hackyjso/TVbox/raw/main/jar/custom_spider.txt",
    "tvboxSiteLocalJar": "/storage/emulated/0/Android/data/com.wbg.video/files/TvBox/0FB7E4C7B52954FC42AC6869958FAF98.jar",
    "tvboxSiteRemoteJar": "https://gitee.com/hackyjso/TVbox/raw/main/jar/wyog1.jar",
    "tvboxUrl": "http://juziyou.vip/tv",
    "updateTime": 1717733936758
  },
  {
    "api": "csp_Mp4Mov",
    "apiDetail": "csp_Mp4Mov",
    "apiDetailJiexiUrl": "",
    "apiDetailParsePlayUrlTemplate": 0,
    "apiDetailParseTemplate": 0,
    "apiDetailParseType": 3,
    "apiSearch": "csp_Mp4Mov",
    "apiSearchParseTemplate": 0,
    "apiSearchParseType": 3,
    "apiType": 1,
    "createTime": 1717602845833,
    "enable": true,
    "group": "tvbox",
    "id": 0,
    "isActive": true,
    "isFound": true,
    "key": "Mp4电影",
    "name": "🧲Mp4┃磁力🧲",
    "searchable": 1,
    "sort": 70,
    "tvBoxParseType": 3,
    "tvboxClickSelector": "",
    "tvboxExt": "",
    "tvboxLocalSpiderPath": "/storage/emulated/0/Android/data/com.wbg.video/files/TvBox/FEF2C52E910CDAF3A37CA4E84D245407.jar",
    "tvboxRemoteSpiderUrl": "https://gitee.com/hackyjso/TVbox/raw/main/jar/custom_spider.txt",
    "tvboxSiteLocalJar": "/storage/emulated/0/Android/data/com.wbg.video/files/TvBox/0FB7E4C7B52954FC42AC6869958FAF98.jar",
    "tvboxSiteRemoteJar": "https://gitee.com/hackyjso/TVbox/raw/main/jar/wyog1.jar",
    "tvboxUrl": "http://juziyou.vip/tv",
    "updateTime": 1717733935701
  },
  {
    "api": "csp_KubaCL",
    "apiDetail": "csp_KubaCL",
    "apiDetailJiexiUrl": "",
    "apiDetailParsePlayUrlTemplate": 0,
    "apiDetailParseTemplate": 0,
    "apiDetailParseType": 3,
    "apiSearch": "csp_KubaCL",
    "apiSearchParseTemplate": 0,
    "apiSearchParseType": 3,
    "apiType": 1,
    "createTime": 1717602846131,
    "enable": true,
    "group": "tvbox",
    "id": 0,
    "isActive": true,
    "isFound": true,
    "key": "酷吧电影",
    "name": "🧲酷吧┃磁力🧲",
    "searchable": 1,
    "sort": 70,
    "tvBoxParseType": 3,
    "tvboxClickSelector": "",
    "tvboxExt": "",
    "tvboxLocalSpiderPath": "/storage/emulated/0/Android/data/com.wbg.video/files/TvBox/FEF2C52E910CDAF3A37CA4E84D245407.jar",
    "tvboxRemoteSpiderUrl": "https://gitee.com/hackyjso/TVbox/raw/main/jar/custom_spider.txt",
    "tvboxSiteLocalJar": "/storage/emulated/0/Android/data/com.wbg.video/files/TvBox/0FB7E4C7B52954FC42AC6869958FAF98.jar",
    "tvboxSiteRemoteJar": "https://gitee.com/hackyjso/TVbox/raw/main/jar/wyog1.jar",
    "tvboxUrl": "http://juziyou.vip/tv",
    "updateTime": 1717733936333
  },
  {
    "api": "csp_MeijuTT",
    "apiDetail": "csp_MeijuTT",
    "apiDetailJiexiUrl": "",
    "apiDetailParsePlayUrlTemplate": 0,
    "apiDetailParseTemplate": 0,
    "apiDetailParseType": 3,
    "apiSearch": "csp_MeijuTT",
    "apiSearchParseTemplate": 0,
    "apiSearchParseType": 3,
    "apiType": 1,
    "createTime": 1717602846431,
    "enable": true,
    "group": "tvbox",
    "id": 0,
    "isActive": true,
    "isFound": true,
    "key": "美剧天堂",
    "name": "🧲美剧┃磁力🧲",
    "searchable": 1,
    "sort": 70,
    "tvBoxParseType": 3,
    "tvboxClickSelector": "",
    "tvboxExt": "",
    "tvboxLocalSpiderPath": "/storage/emulated/0/Android/data/com.wbg.video/files/TvBox/FEF2C52E910CDAF3A37CA4E84D245407.jar",
    "tvboxRemoteSpiderUrl": "https://gitee.com/hackyjso/TVbox/raw/main/jar/custom_spider.txt",
    "tvboxSiteLocalJar": "/storage/emulated/0/Android/data/com.wbg.video/files/TvBox/0FB7E4C7B52954FC42AC6869958FAF98.jar",
    "tvboxSiteRemoteJar": "https://gitee.com/hackyjso/TVbox/raw/main/jar/wyog1.jar",
    "tvboxUrl": "http://juziyou.vip/tv",
    "updateTime": 1717733936127
  },
  {
    "api": "csp_PiaoHua",
    "apiDetail": "csp_PiaoHua",
    "apiDetailJiexiUrl": "",
    "apiDetailParsePlayUrlTemplate": 0,
    "apiDetailParseTemplate": 0,
    "apiDetailParseType": 3,
    "apiSearch": "csp_PiaoHua",
    "apiSearchParseTemplate": 0,
    "apiSearchParseType": 3,
    "apiType": 1,
    "createTime": 1717602846767,
    "enable": true,
    "group": "tvbox",
    "id": 0,
    "isActive": true,
    "isFound": true,
    "key": "新飘花",
    "name": "🧲飘花┃磁力🧲",
    "searchable": 1,
    "sort": 70,
    "tvBoxParseType": 3,
    "tvboxClickSelector": "",
    "tvboxExt": "",
    "tvboxLocalSpiderPath": "/storage/emulated/0/Android/data/com.wbg.video/files/TvBox/FEF2C52E910CDAF3A37CA4E84D245407.jar",
    "tvboxRemoteSpiderUrl": "https://gitee.com/hackyjso/TVbox/raw/main/jar/custom_spider.txt",
    "tvboxUrl": "http://juziyou.vip/tv",
    "updateTime": 1717733901829
  },
  {
    "api": "https://github.moeyy.xyz/https://raw.githubusercontent.com/hjdhnx/dr_py/main/libs/drpy2.min.js",
    "apiDetail": "https://github.moeyy.xyz/https://raw.githubusercontent.com/hjdhnx/dr_py/main/libs/drpy2.min.js",
    "apiDetailJiexiUrl": "",
    "apiDetailParsePlayUrlTemplate": 0,
    "apiDetailParseTemplate": 0,
    "apiDetailParseType": 3,
    "apiSearch": "https://github.moeyy.xyz/https://raw.githubusercontent.com/hjdhnx/dr_py/main/libs/drpy2.min.js",
    "apiSearchParseTemplate": 0,
    "apiSearchParseType": 3,
    "apiType": 1,
    "createTime": 1717602846768,
    "enable": true,
    "group": "tvbox",
    "id": 0,
    "isActive": true,
    "isFound": true,
    "key": "drpy_js_优酷",
    "name": "💘酷酷┃官源💘",
    "searchable": 1,
    "sort": 70,
    "tvBoxParseType": 3,
    "tvboxClickSelector": "",
    "tvboxExt": "https://github.moeyy.xyz/https://raw.githubusercontent.com/hjdhnx/dr_py/main/js/优酷.js",
    "tvboxLocalSpiderPath": "/storage/emulated/0/Android/data/com.wbg.video/files/TvBox/FEF2C52E910CDAF3A37CA4E84D245407.jar",
    "tvboxRemoteSpiderUrl": "https://gitee.com/hackyjso/TVbox/raw/main/jar/custom_spider.txt",
    "tvboxUrl": "http://juziyou.vip/tv",
    "updateTime": 1717733935925
  },
  {
    "api": "http://alist.xn--z7x900a.live/ddrpy2.m.js",
    "apiDetail": "http://alist.xn--z7x900a.live/ddrpy2.m.js",
    "apiDetailJiexiUrl": "",
    "apiDetailParsePlayUrlTemplate": 0,
    "apiDetailParseTemplate": 0,
    "apiDetailParseType": 3,
    "apiSearch": "http://alist.xn--z7x900a.live/ddrpy2.m.js",
    "apiSearchParseTemplate": 0,
    "apiSearchParseType": 3,
    "apiType": 1,
    "createTime": 1717602846768,
    "enable": true,
    "group": "tvbox",
    "id": 0,
    "isActive": true,
    "isFound": true,
    "key": "drpy_js_奇珍异兽",
    "name": "💘奇异┃官源💘",
    "searchable": 1,
    "sort": 70,
    "tvBoxParseType": 3,
    "tvboxClickSelector": "",
    "tvboxExt": "http://alist.xn--z7x900a.live/爱奇.js",
    "tvboxLocalSpiderPath": "/storage/emulated/0/Android/data/com.wbg.video/files/TvBox/FEF2C52E910CDAF3A37CA4E84D245407.jar",
    "tvboxRemoteSpiderUrl": "https://gitee.com/hackyjso/TVbox/raw/main/jar/custom_spider.txt",
    "tvboxUrl": "http://juziyou.vip/tv",
    "updateTime": 1717733936455
  },
  {
    "api": "https://weixine.net/js/lib/drpy2.min.js",
    "apiDetail": "https://weixine.net/js/lib/drpy2.min.js",
    "apiDetailJiexiUrl": "",
    "apiDetailParsePlayUrlTemplate": 0,
    "apiDetailParseTemplate": 0,
    "apiDetailParseType": 3,
    "apiSearch": "https://weixine.net/js/lib/drpy2.min.js",
    "apiSearchParseTemplate": 0,
    "apiSearchParseType": 3,
    "apiType": 1,
    "createTime": 1717602846769,
    "enable": true,
    "group": "tvbox",
    "id": 0,
    "isActive": true,
    "isFound": true,
    "key": "搜狗",
    "name": "💘狗㺃┃官源💘",
    "searchable": 1,
    "sort": 70,
    "tvBoxParseType": 3,
    "tvboxClickSelector": "",
    "tvboxExt": "https://weixine.net/js/caigou.js",
    "tvboxLocalSpiderPath": "/storage/emulated/0/Android/data/com.wbg.video/files/TvBox/FEF2C52E910CDAF3A37CA4E84D245407.jar",
    "tvboxRemoteSpiderUrl": "https://gitee.com/hackyjso/TVbox/raw/main/jar/custom_spider.txt",
    "tvboxUrl": "http://juziyou.vip/tv",
    "updateTime": 1717733935624
  },
  {
    "api": "csp_SP360",
    "apiDetail": "csp_SP360",
    "apiDetailJiexiUrl": "",
    "apiDetailParsePlayUrlTemplate": 0,
    "apiDetailParseTemplate": 0,
    "apiDetailParseType": 3,
    "apiSearch": "csp_SP360",
    "apiSearchParseTemplate": 0,
    "apiSearchParseType": 3,
    "apiType": 1,
    "createTime": 1717602846770,
    "enable": true,
    "group": "tvbox",
    "id": 0,
    "isActive": true,
    "isFound": true,
    "key": "360",
    "name": "💘360┃解析💘",
    "searchable": 1,
    "sort": 70,
    "tvBoxParseType": 3,
    "tvboxClickSelector": "",
    "tvboxExt": "",
    "tvboxLocalSpiderPath": "/storage/emulated/0/Android/data/com.wbg.video/files/TvBox/FEF2C52E910CDAF3A37CA4E84D245407.jar",
    "tvboxRemoteSpiderUrl": "https://gitee.com/hackyjso/TVbox/raw/main/jar/custom_spider.txt",
    "tvboxUrl": "http://juziyou.vip/tv",
    "updateTime": 1717733936259
  },
  {
    "api": "csp_MGTV",
    "apiDetail": "csp_MGTV",
    "apiDetailJiexiUrl": "",
    "apiDetailParsePlayUrlTemplate": 0,
    "apiDetailParseTemplate": 0,
    "apiDetailParseType": 3,
    "apiSearch": "csp_MGTV",
    "apiSearchParseTemplate": 0,
    "apiSearchParseType": 3,
    "apiType": 1,
    "createTime": 1717602846770,
    "enable": true,
    "group": "tvbox",
    "id": 0,
    "isActive": true,
    "isFound": true,
    "key": "MGTV",
    "name": "💘MGTV┃解析💘",
    "searchable": 1,
    "sort": 70,
    "tvBoxParseType": 3,
    "tvboxClickSelector": "",
    "tvboxExt": "",
    "tvboxLocalSpiderPath": "/storage/emulated/0/Android/data/com.wbg.video/files/TvBox/FEF2C52E910CDAF3A37CA4E84D245407.jar",
    "tvboxRemoteSpiderUrl": "https://gitee.com/hackyjso/TVbox/raw/main/jar/custom_spider.txt",
    "tvboxUrl": "http://juziyou.vip/tv",
    "updateTime": 1717733936511
  },
  {
    "api": "csp_Ying",
    "apiDetail": "csp_Ying",
    "apiDetailJiexiUrl": "",
    "apiDetailParsePlayUrlTemplate": 0,
    "apiDetailParseTemplate": 0,
    "apiDetailParseType": 3,
    "apiSearch": "csp_Ying",
    "apiSearchParseTemplate": 0,
    "apiSearchParseType": 3,
    "apiType": 1,
    "createTime": 1717602850906,
    "enable": true,
    "group": "tvbox",
    "id": 0,
    "isActive": true,
    "isFound": false,
    "key": "櫻花",
    "name": "💘櫻花┃动漫💘",
    "searchable": 1,
    "sort": 70,
    "tvBoxParseType": 3,
    "tvboxClickSelector": "",
    "tvboxExt": "",
    "tvboxLocalSpiderPath": "/storage/emulated/0/Android/data/com.wbg.video/files/TvBox/FEF2C52E910CDAF3A37CA4E84D245407.jar",
    "tvboxRemoteSpiderUrl": "https://gitee.com/hackyjso/TVbox/raw/main/jar/custom_spider.txt",
    "tvboxUrl": "http://juziyou.vip/tv",
    "updateTime": 1717733914506
  },
  {
    "api": "csp_Dm84",
    "apiDetail": "csp_Dm84",
    "apiDetailJiexiUrl": "",
    "apiDetailParsePlayUrlTemplate": 0,
    "apiDetailParseTemplate": 0,
    "apiDetailParseType": 3,
    "apiSearch": "csp_Dm84",
    "apiSearchParseTemplate": 0,
    "apiSearchParseType": 3,
    "apiType": 1,
    "createTime": 1717602850907,
    "enable": true,
    "group": "tvbox",
    "id": 0,
    "isActive": true,
    "isFound": true,
    "key": "巴士",
    "name": "💘巴士┃动漫💘",
    "searchable": 1,
    "sort": 70,
    "tvBoxParseType": 3,
    "tvboxClickSelector": "",
    "tvboxExt": "",
    "tvboxLocalSpiderPath": "/storage/emulated/0/Android/data/com.wbg.video/files/TvBox/FEF2C52E910CDAF3A37CA4E84D245407.jar",
    "tvboxRemoteSpiderUrl": "https://gitee.com/hackyjso/TVbox/raw/main/jar/custom_spider.txt",
    "tvboxUrl": "http://juziyou.vip/tv",
    "updateTime": 1717733936120
  },
  {
    "api": "csp_Ysj",
    "apiDetail": "csp_Ysj",
    "apiDetailJiexiUrl": "",
    "apiDetailParsePlayUrlTemplate": 0,
    "apiDetailParseTemplate": 0,
    "apiDetailParseType": 3,
    "apiSearch": "csp_Ysj",
    "apiSearchParseTemplate": 0,
    "apiSearchParseType": 3,
    "apiType": 1,
    "createTime": 1717602850908,
    "enable": true,
    "group": "tvbox",
    "id": 0,
    "isActive": true,
    "isFound": false,
    "key": "異界",
    "name": "💘異界┃动漫💘",
    "searchable": 1,
    "sort": 70,
    "tvBoxParseType": 3,
    "tvboxClickSelector": "",
    "tvboxExt": "",
    "tvboxLocalSpiderPath": "/storage/emulated/0/Android/data/com.wbg.video/files/TvBox/FEF2C52E910CDAF3A37CA4E84D245407.jar",
    "tvboxRemoteSpiderUrl": "https://gitee.com/hackyjso/TVbox/raw/main/jar/custom_spider.txt",
    "tvboxUrl": "http://juziyou.vip/tv",
    "updateTime": 1717733936180
  },
  {
    "api": "csp_Anime1",
    "apiDetail": "csp_Anime1",
    "apiDetailJiexiUrl": "",
    "apiDetailParsePlayUrlTemplate": 0,
    "apiDetailParseTemplate": 0,
    "apiDetailParseType": 3,
    "apiSearch": "csp_Anime1",
    "apiSearchParseTemplate": 0,
    "apiSearchParseType": 3,
    "apiType": 1,
    "createTime": 1717602850909,
    "enable": true,
    "group": "tvbox",
    "id": 0,
    "isActive": true,
    "isFound": true,
    "key": "csp_Anime1",
    "name": "💘日本┃动漫💘",
    "searchable": 1,
    "sort": 70,
    "tvBoxParseType": 3,
    "tvboxClickSelector": "",
    "tvboxExt": "",
    "tvboxLocalSpiderPath": "/storage/emulated/0/Android/data/com.wbg.video/files/TvBox/FEF2C52E910CDAF3A37CA4E84D245407.jar",
    "tvboxRemoteSpiderUrl": "https://gitee.com/hackyjso/TVbox/raw/main/jar/custom_spider.txt",
    "tvboxSiteLocalJar": "/storage/emulated/0/Android/data/com.wbg.video/files/TvBox/B24EF56363190EA4213F887D3204D128.jar",
    "tvboxSiteRemoteJar": "https://gitee.com/hackyjso/TVbox/raw/main/jar/wyz1.jar",
    "tvboxUrl": "http://juziyou.vip/tv",
    "updateTime": 1717733936338
  },
  {
    "api": "https://hhzyapi.com/api.php/provide/vod/?ac\u003dlist",
    "apiDetail": "https://hhzyapi.com/api.php/provide/vod/?ac\u003dlist\u0026ac\u003ddetail\u0026ids\u003d",
    "apiDetailJiexiUrl": "",
    "apiDetailParsePlayUrlTemplate": 0,
    "apiDetailParseTemplate": 0,
    "apiDetailParseType": 1,
    "apiSearch": "https://hhzyapi.com/api.php/provide/vod/?ac\u003dlist\u0026ac\u003dlist\u0026wd\u003d",
    "apiSearchParseTemplate": 0,
    "apiSearchParseType": 1,
    "apiType": 1,
    "createTime": 1717602852030,
    "enable": true,
    "group": "tvbox",
    "id": 0,
    "isActive": true,
    "isFound": true,
    "key": "xml_火狐",
    "name": "️💘火狐┃接口💘",
    "searchable": 1,
    "sort": 50,
    "tvBoxParseType": 1,
    "tvboxClickSelector": "",
    "tvboxLocalSpiderPath": "/storage/emulated/0/Android/data/com.wbg.video/files/TvBox/FEF2C52E910CDAF3A37CA4E84D245407.jar",
    "tvboxRemoteSpiderUrl": "https://gitee.com/hackyjso/TVbox/raw/main/jar/custom_spider.txt",
    "tvboxUrl": "http://juziyou.vip/tv",
    "updateTime": 1717733936134
  },
  {
    "api": "https://bfzyapi.com/api.php/provide/vod",
    "apiDetail": "https://bfzyapi.com/api.php/provide/vod?ac\u003ddetail\u0026ids\u003d",
    "apiDetailJiexiUrl": "",
    "apiDetailParsePlayUrlTemplate": 0,
    "apiDetailParseTemplate": 0,
    "apiDetailParseType": 1,
    "apiSearch": "https://bfzyapi.com/api.php/provide/vod?ac\u003dlist\u0026wd\u003d",
    "apiSearchParseTemplate": 0,
    "apiSearchParseType": 1,
    "apiType": 1,
    "createTime": 1717602852030,
    "enable": true,
    "group": "tvbox",
    "id": 0,
    "isActive": true,
    "isFound": true,
    "key": "暴風",
    "name": "💘暴風┃接口💘",
    "searchable": 1,
    "sort": 50,
    "tvBoxParseType": 1,
    "tvboxClickSelector": "",
    "tvboxLocalSpiderPath": "/storage/emulated/0/Android/data/com.wbg.video/files/TvBox/FEF2C52E910CDAF3A37CA4E84D245407.jar",
    "tvboxRemoteSpiderUrl": "https://gitee.com/hackyjso/TVbox/raw/main/jar/custom_spider.txt",
    "tvboxUrl": "http://juziyou.vip/tv",
    "updateTime": 1717733937185
  },
  {
    "api": "https://suoniapi.com/api.php/provide/vod",
    "apiDetail": "https://suoniapi.com/api.php/provide/vod?ac\u003ddetail\u0026ids\u003d",
    "apiDetailJiexiUrl": "",
    "apiDetailParsePlayUrlTemplate": 0,
    "apiDetailParseTemplate": 0,
    "apiDetailParseType": 1,
    "apiSearch": "https://suoniapi.com/api.php/provide/vod?ac\u003dlist\u0026wd\u003d",
    "apiSearchParseTemplate": 0,
    "apiSearchParseType": 1,
    "apiType": 1,
    "createTime": 1717602852031,
    "enable": true,
    "group": "tvbox",
    "id": 0,
    "isActive": true,
    "isFound": true,
    "key": "索尼",
    "name": "💘索尼┃接口💘",
    "searchable": 1,
    "sort": 50,
    "tvBoxParseType": 1,
    "tvboxClickSelector": "",
    "tvboxLocalSpiderPath": "/storage/emulated/0/Android/data/com.wbg.video/files/TvBox/FEF2C52E910CDAF3A37CA4E84D245407.jar",
    "tvboxRemoteSpiderUrl": "https://gitee.com/hackyjso/TVbox/raw/main/jar/custom_spider.txt",
    "tvboxUrl": "http://juziyou.vip/tv",
    "updateTime": 1717733936413
  },
  {
    "api": "csp_WebDAV",
    "apiDetail": "csp_WebDAV",
    "apiDetailJiexiUrl": "",
    "apiDetailParsePlayUrlTemplate": 0,
    "apiDetailParseTemplate": 0,
    "apiDetailParseType": 3,
    "apiSearch": "csp_WebDAV",
    "apiSearchParseTemplate": 0,
    "apiSearchParseType": 3,
    "apiType": 1,
    "createTime": 1717602852032,
    "enable": true,
    "group": "tvbox",
    "id": 0,
    "isActive": true,
    "isFound": true,
    "key": "WebDAV",
    "name": "💘WebDAV💘",
    "searchable": 1,
    "sort": 70,
    "tvBoxParseType": 3,
    "tvboxClickSelector": "",
    "tvboxExt": "https://gitee.com/hackyjso/TVbox/raw/main/json/webdav.json",
    "tvboxLocalSpiderPath": "/storage/emulated/0/Android/data/com.wbg.video/files/TvBox/FEF2C52E910CDAF3A37CA4E84D245407.jar",
    "tvboxRemoteSpiderUrl": "https://gitee.com/hackyjso/TVbox/raw/main/jar/custom_spider.txt",
    "tvboxUrl": "http://juziyou.vip/tv",
    "updateTime": 1717733935596
  },
  {
    "api": "csp_UpYun",
    "apiDetail": "csp_UpYun",
    "apiDetailJiexiUrl": "",
    "apiDetailParsePlayUrlTemplate": 0,
    "apiDetailParseTemplate": 0,
    "apiDetailParseType": 3,
    "apiSearch": "csp_UpYun",
    "apiSearchParseTemplate": 0,
    "apiSearchParseType": 3,
    "apiType": 1,
    "createTime": 1717602852034,
    "enable": true,
    "group": "tvbox",
    "id": 0,
    "isActive": true,
    "isFound": false,
    "key": "雲搜",
    "name": "💘UP云搜┃4K💘",
    "searchable": 1,
    "sort": 70,
    "tvBoxParseType": 3,
    "tvboxClickSelector": "",
    "tvboxExt": "",
    "tvboxLocalSpiderPath": "/storage/emulated/0/Android/data/com.wbg.video/files/TvBox/FEF2C52E910CDAF3A37CA4E84D245407.jar",
    "tvboxRemoteSpiderUrl": "https://gitee.com/hackyjso/TVbox/raw/main/jar/custom_spider.txt",
    "tvboxUrl": "http://juziyou.vip/tv",
    "updateTime": 1717733935672
  },
  {
    "api": "csp_PanSou",
    "apiDetail": "csp_PanSou",
    "apiDetailJiexiUrl": "",
    "apiDetailParsePlayUrlTemplate": 0,
    "apiDetailParseTemplate": 0,
    "apiDetailParseType": 3,
    "apiSearch": "csp_PanSou",
    "apiSearchParseTemplate": 0,
    "apiSearchParseType": 3,
    "apiType": 1,
    "createTime": 1717602852034,
    "enable": true,
    "group": "tvbox",
    "id": 0,
    "isActive": true,
    "isFound": false,
    "key": "盤搜",
    "name": "💘盤搜┃4K💘",
    "searchable": 1,
    "sort": 70,
    "tvBoxParseType": 3,
    "tvboxClickSelector": "",
    "tvboxExt": "",
    "tvboxLocalSpiderPath": "/storage/emulated/0/Android/data/com.wbg.video/files/TvBox/FEF2C52E910CDAF3A37CA4E84D245407.jar",
    "tvboxRemoteSpiderUrl": "https://gitee.com/hackyjso/TVbox/raw/main/jar/custom_spider.txt",
    "tvboxUrl": "http://juziyou.vip/tv",
    "updateTime": 1717733935710
  },
  {
    "api": "csp_PanSearch",
    "apiDetail": "csp_PanSearch",
    "apiDetailJiexiUrl": "",
    "apiDetailParsePlayUrlTemplate": 0,
    "apiDetailParseTemplate": 0,
    "apiDetailParseType": 3,
    "apiSearch": "csp_PanSearch",
    "apiSearchParseTemplate": 0,
    "apiSearchParseType": 3,
    "apiType": 1,
    "createTime": 1717602852034,
    "enable": true,
    "group": "tvbox",
    "id": 0,
    "isActive": true,
    "isFound": false,
    "key": "盤搜索",
    "name": "💘盤搜索┃4K💘",
    "searchable": 1,
    "sort": 70,
    "tvBoxParseType": 3,
    "tvboxClickSelector": "",
    "tvboxExt": "",
    "tvboxLocalSpiderPath": "/storage/emulated/0/Android/data/com.wbg.video/files/TvBox/FEF2C52E910CDAF3A37CA4E84D245407.jar",
    "tvboxRemoteSpiderUrl": "https://gitee.com/hackyjso/TVbox/raw/main/jar/custom_spider.txt",
    "tvboxUrl": "http://juziyou.vip/tv",
    "updateTime": 1717733936112
  },
  {
    "api": "csp_Wogg",
    "apiDetail": "csp_Wogg",
    "apiDetailJiexiUrl": "",
    "apiDetailParsePlayUrlTemplate": 0,
    "apiDetailParseTemplate": 0,
    "apiDetailParseType": 3,
    "apiSearch": "csp_Wogg",
    "apiSearchParseTemplate": 0,
    "apiSearchParseType": 3,
    "apiType": 1,
    "createTime": 1717602838397,
    "enable": true,
    "group": "tvbox",
    "id": 0,
    "isActive": true,
    "isFound": true,
    "key": "玩偶1",
    "name": "💘玩偶┃综合4K💘",
    "searchable": 1,
    "sort": 70,
    "tvBoxParseType": 3,
    "tvboxClickSelector": "",
    "tvboxExt": "",
    "tvboxLocalSpiderPath": "/storage/emulated/0/Android/data/com.wbg.video/files/TvBox/FEF2C52E910CDAF3A37CA4E84D245407.jar",
    "tvboxRemoteSpiderUrl": "https://gitee.com/hackyjso/TVbox/raw/main/jar/custom_spider.txt",
    "tvboxSiteLocalJar": "/storage/emulated/0/Android/data/com.wbg.video/files/TvBox/98C4C7A6B6F75809DE34A7A220F42ABE.jar",
    "tvboxSiteRemoteJar": "https://gitee.com/hackyjso/TVbox/raw/main/jar/wex.jar",
    "tvboxUrl": "http://juziyou.vip/tv",
    "updateTime": 1717733936197
  }
]