[
  {
    "createTime": 1717117745091,
    "enable": true,
    "hide": false,
    "id": 2,
    "name": "中电",
    "sort": 50,
    "subUrl": "https://gitee.com/tvbox_2_0/ziji/raw/master/ziji.json",
    "updateTime": 1717117745091
  },
  {
    "createTime": 1717117745192,
    "enable": true,
    "hide": false,
    "id": 3,
    "name": "中联",
    "sort": 50,
    "subUrl": "https://gitee.com/tvbox_2_0/ziji/raw/master/ziji.json",
    "updateTime": 1717117745192
  },
  {
    "createTime": 1717117745280,
    "enable": true,
    "hide": false,
    "id": 4,
    "name": "中移",
    "sort": 50,
    "subUrl": "https://gitee.com/tvbox_2_0/ziji/raw/master/ziji.json",
    "updateTime": 1717117745280
  },
  {
    "createTime": 1717117745345,
    "enable": true,
    "hide": false,
    "id": 5,
    "name": "1V6",
    "sort": 50,
    "subUrl": "https://gitee.com/tvbox_2_0/ziji/raw/master/ziji.json",
    "updateTime": 1717117745345
  },
  {
    "createTime": 1717117745415,
    "enable": true,
    "hide": false,
    "id": 6,
    "name": "2V6",
    "sort": 50,
    "subUrl": "https://gitee.com/tvbox_2_0/ziji/raw/master/ziji.json",
    "updateTime": 1717117745415
  },
  {
    "createTime": 1717117745480,
    "enable": true,
    "hide": false,
    "id": 7,
    "name": "3V6",
    "sort": 50,
    "subUrl": "https://gitee.com/tvbox_2_0/ziji/raw/master/ziji.json",
    "updateTime": 1717117745480
  },
  {
    "createTime": 1717117745522,
    "enable": true,
    "hide": false,
    "id": 8,
    "name": "🌃历届春晚",
    "sort": 50,
    "subUrl": "https://gitee.com/tvbox_2_0/ziji/raw/master/ziji.json",
    "updateTime": 1717117745522
  },
  {
    "createTime": 1717117745568,
    "enable": true,
    "hide": false,
    "id": 9,
    "name": "轮播",
    "sort": 50,
    "subUrl": "https://gitee.com/tvbox_2_0/ziji/raw/master/ziji.json",
    "updateTime": 1717117745568
  },
  {
    "createTime": 1717117745665,
    "enable": true,
    "hide": false,
    "id": 10,
    "name": "🐠斗鱼精选",
    "sort": 50,
    "subUrl": "https://gitee.com/tvbox_2_0/ziji/raw/master/ziji.json",
    "updateTime": 1717117745665
  },
  {
    "createTime": 1717117746552,
    "enable": true,
    "hide": false,
    "id": 11,
    "name": "🐯虎牙视频",
    "sort": 50,
    "subUrl": "https://gitee.com/tvbox_2_0/ziji/raw/master/ziji.json",
    "updateTime": 1717117746552
  },
  {
    "createTime": 1717117747465,
    "enable": true,
    "hide": false,
    "id": 12,
    "name": "裸眼3D",
    "sort": 50,
    "subUrl": "https://gitee.com/tvbox_2_0/ziji/raw/master/ziji.json",
    "updateTime": 1717117747465
  },
  {
    "createTime": 1717117747526,
    "enable": true,
    "hide": false,
    "id": 13,
    "name": "直播中国",
    "sort": 50,
    "subUrl": "https://gitee.com/tvbox_2_0/ziji/raw/master/ziji.json",
    "updateTime": 1717117747526
  },
  {
    "createTime": 1717117747778,
    "enable": true,
    "hide": false,
    "id": 14,
    "name": "歌星金曲",
    "sort": 50,
    "subUrl": "https://gitee.com/tvbox_2_0/ziji/raw/master/ziji.json",
    "updateTime": 1717117747778
  },
  {
    "createTime": 1717117748130,
    "enable": true,
    "hide": false,
    "id": 15,
    "name": "DJ音乐",
    "sort": 50,
    "subUrl": "https://gitee.com/tvbox_2_0/ziji/raw/master/ziji.json",
    "updateTime": 1717117748130
  },
  {
    "createTime": 1717117748755,
    "enable": true,
    "hide": false,
    "id": 16,
    "name": "🎶怀旧点唱",
    "sort": 50,
    "subUrl": "https://gitee.com/tvbox_2_0/ziji/raw/master/ziji.json",
    "updateTime": 1717117748755
  },
  {
    "createTime": 1717117749151,
    "enable": true,
    "hide": false,
    "id": 17,
    "name": "9+9测试",
    "pwd": "6688",
    "sort": 50,
    "subUrl": "https://gitee.com/tvbox_2_0/ziji/raw/master/ziji.json",
    "updateTime": 1717117749151
  }
]