{
  "wbg.video.hot.word.tv": "[\"庆余年 第二季\",\"狐妖小红娘·月红篇\",\"菲尔来蹭饭 第七季\",\"涉谷来接你了\",\"爱填满空白第二季\",\"背着善宰跑\",\"我的阿勒泰\",\"庆余年 第一季\",\"新生\",\"狐妖小红娘\",\"9号秘事 第九季\",\"黑社会的我成为了高中生\",\"天行健\",\"第8个秀\",\"歌手2024\",\"毕业\",\"春色寄情人\",\"鬼灭之刃 柱训练篇\",\"不够善良的我们\",\"仙逆 年番\"]",
  "wbg.video.hot.word.anime": "[\"你想活出怎样的人生\",\"间谍过家家 代号：白\",\"葬送的芙莉莲\",\"哈尔的移动城堡\",\"一起来睡觉\",\"憧憬成为魔法少女\",\"迷宫饭\",\"间谍过家家 第二季\",\"灌篮高手\",\"药屋少女的呢喃\",\"怪兽8号\",\"鬼灭之刃 柱训练篇\",\"我独自升级\",\"忍者神威\",\"名侦探柯南：黑铁的鱼影\",\"明明是个碍事配角、却被王子给宠爱了\",\"物理魔法使马修 神觉者候补选拔试验篇\",\"排球少年！！垃圾场决战\",\"少女乐队的呐喊\",\"间谍过家家 第一季\"]",
  "wbg.video.first.open": false,
  "wbg.video.menu.bottom.square": false,
  "wbg.video.browse.traceless": false,
  "wbg.video.user.agent": "Mozilla/5.0 (Windows NT 6.1; WOW64) AppleWebKit/537.36 (KHTML, like Gecko) Chrome/70.0.3538.25 Safari/537.36 Core/1.70.3722.400 QQBrowser/10.5.3738.400",
  "wbg.video.theme.mode": 1,
  "wbg.video.menu.bottom.live": true,
  "wbg.video.found.key": "南瓜",
  "wbg.video.auto.subscribe": false,
  "wbg.video.search.mode": false,
  "wbg.video.hot.word.movie": "[\"朱同在三年级丢失了超能力\",\"三叉戟\",\"泳者之心\",\"乜代宗师\",\"盟军敢死队\",\"今夜，就算这份爱恋从世界上消失\",\"母亲的直觉\",\"九龙城寨之围城\",\"错过你的那些年\",\"特技狂人\",\"坂本龙一：杰作\",\"彷徨之刃\"]",
  "wbg.video.theme.color.primary": "#DC4447",
  "wbg.video.browse.watch.mode": false,
  "wbg.video.announcement": "2024-05-31",
  "wsg.video.app.version": "0.1.27",
  "wbg.video.hot.word.variety": "[\"振兴路上新观察\",\"第二十届中国国际动漫节——金猴奖颁奖仪式\",\"四时花开\",\"大美中国\",\"盒子玩家日记\",\"乘风2024\",\"爸爸当家第三季\",\"怦然心动20岁第四季\",\"歌手2024直拍reaction\",\"小小智慧树\",\"德云社张九南高九成相声专场沈阳站2024\",\"哈人密室\",\"2024中国美好生活大调查\",\"人气美食\",\"英雄出少年\",\"今日关注\",\"非你莫属网络版\",\"民歌·中国\"]",
  "wbg.search.history.keyword": "[\"庆余年第二季\"]"
}