[
  {
    "createTime": 1718271618719,
    "enable": true,
    "epg": "https://epg.112114.xyz/?ch\u003d{name}\u0026date\u003d{date}",
    "id": 5,
    "logo": "https://epg.112114.xyz/logo/{name}.png",
    "playerType": 0,
    "sort": 50,
    "subLiveUrl": "https://cloud.blankwings.net/api/v3/file/get/3996/live.txt?sign\u003d6-lSCmP_3asDh_wSm6H5pkL3LyWl0nN5EwAqFWA5Xns%3D%3A0",
    "subLiveUrlName": "live",
    "subTvboxUrl": "https://gitee.com/tvbox_2_0/ziji/raw/master/ziji.json",
    "type": 0,
    "updateTime": 1718271618719
  }
]