[
  {
    "createTime": 1718271620770,
    "enable": true,
    "hide": false,
    "id": 64,
    "name": "中电",
    "sort": 50,
    "subUrl": "https://gitee.com/tvbox_2_0/ziji/raw/master/ziji.json",
    "updateTime": 1718271620770
  },
  {
    "createTime": 1718271620844,
    "enable": true,
    "hide": false,
    "id": 65,
    "name": "中联",
    "sort": 50,
    "subUrl": "https://gitee.com/tvbox_2_0/ziji/raw/master/ziji.json",
    "updateTime": 1718271620844
  },
  {
    "createTime": 1718271620887,
    "enable": true,
    "hide": false,
    "id": 66,
    "name": "中移",
    "sort": 50,
    "subUrl": "https://gitee.com/tvbox_2_0/ziji/raw/master/ziji.json",
    "updateTime": 1718271620887
  },
  {
    "createTime": 1718271620920,
    "enable": true,
    "hide": false,
    "id": 67,
    "name": "1V6",
    "sort": 50,
    "subUrl": "https://gitee.com/tvbox_2_0/ziji/raw/master/ziji.json",
    "updateTime": 1718271620920
  },
  {
    "createTime": 1718271620959,
    "enable": true,
    "hide": false,
    "id": 68,
    "name": "2V6",
    "sort": 50,
    "subUrl": "https://gitee.com/tvbox_2_0/ziji/raw/master/ziji.json",
    "updateTime": 1718271620959
  },
  {
    "createTime": 1718271620986,
    "enable": true,
    "hide": false,
    "id": 69,
    "name": "3V6",
    "sort": 50,
    "subUrl": "https://gitee.com/tvbox_2_0/ziji/raw/master/ziji.json",
    "updateTime": 1718271620986
  },
  {
    "createTime": 1718271621006,
    "enable": true,
    "hide": false,
    "id": 70,
    "name": "🌃历届春晚",
    "sort": 50,
    "subUrl": "https://gitee.com/tvbox_2_0/ziji/raw/master/ziji.json",
    "updateTime": 1718271621006
  },
  {
    "createTime": 1718271621030,
    "enable": true,
    "hide": false,
    "id": 71,
    "name": "轮播",
    "sort": 50,
    "subUrl": "https://gitee.com/tvbox_2_0/ziji/raw/master/ziji.json",
    "updateTime": 1718271621030
  },
  {
    "createTime": 1718271621084,
    "enable": true,
    "hide": false,
    "id": 72,
    "name": "🐠斗鱼精选",
    "sort": 50,
    "subUrl": "https://gitee.com/tvbox_2_0/ziji/raw/master/ziji.json",
    "updateTime": 1718271621084
  },
  {
    "createTime": 1718271621598,
    "enable": true,
    "hide": false,
    "id": 73,
    "name": "🐯虎牙视频",
    "sort": 50,
    "subUrl": "https://gitee.com/tvbox_2_0/ziji/raw/master/ziji.json",
    "updateTime": 1718271621598
  },
  {
    "createTime": 1718271622196,
    "enable": true,
    "hide": false,
    "id": 74,
    "name": "裸眼3D",
    "sort": 50,
    "subUrl": "https://gitee.com/tvbox_2_0/ziji/raw/master/ziji.json",
    "updateTime": 1718271622196
  },
  {
    "createTime": 1718271622246,
    "enable": true,
    "hide": false,
    "id": 75,
    "name": "直播中国",
    "sort": 50,
    "subUrl": "https://gitee.com/tvbox_2_0/ziji/raw/master/ziji.json",
    "updateTime": 1718271622246
  },
  {
    "createTime": 1718271622450,
    "enable": true,
    "hide": false,
    "id": 76,
    "name": "歌星金曲",
    "sort": 50,
    "subUrl": "https://gitee.com/tvbox_2_0/ziji/raw/master/ziji.json",
    "updateTime": 1718271622450
  },
  {
    "createTime": 1718271622738,
    "enable": true,
    "hide": false,
    "id": 77,
    "name": "DJ音乐",
    "sort": 50,
    "subUrl": "https://gitee.com/tvbox_2_0/ziji/raw/master/ziji.json",
    "updateTime": 1718271622738
  },
  {
    "createTime": 1718271623158,
    "enable": true,
    "hide": false,
    "id": 78,
    "name": "🎶怀旧点唱",
    "sort": 50,
    "subUrl": "https://gitee.com/tvbox_2_0/ziji/raw/master/ziji.json",
    "updateTime": 1718271623158
  },
  {
    "createTime": 1718271623436,
    "enable": true,
    "hide": false,
    "id": 79,
    "name": "9+9测试",
    "pwd": "6688",
    "sort": 50,
    "subUrl": "https://gitee.com/tvbox_2_0/ziji/raw/master/ziji.json",
    "updateTime": 1718271623436
  }
]