[
  {
    "api": "http://jx.fuqizhishi.com:63/接口地址www.肥猫.love/肥猫专用.php?url\u003d",
    "apiDetailParseTemplate": 0,
    "apiDetailParseType": 1,
    "builtIn": true,
    "createTime": 1717763764746,
    "enable": true,
    "id": 0,
    "isActive": true,
    "key": "解析1",
    "name": "解析1",
    "sniff": false,
    "sort": 0,
    "tvboxUrl": "http://liulian1993.vip:5555/tvbox/lib/vip18/vip18.json",
    "updateTime": 1717763764746
  },
  {
    "api": "https://www.m3u8.tv.cache.janan.net:4433/json2020.php?uid\u003dM3U8.TV\u0026token\u003d88888888\u0026url\u003d",
    "apiDetailParseTemplate": 0,
    "apiDetailParseType": 1,
    "builtIn": true,
    "createTime": 1717763764747,
    "enable": true,
    "id": 0,
    "isActive": true,
    "key": "解析2",
    "name": "解析2",
    "sniff": false,
    "sort": 0,
    "tvboxUrl": "http://liulian1993.vip:5555/tvbox/lib/vip18/vip18.json",
    "updateTime": 1717763764747
  }
]