[
  {
    "api": "csp_xBPQ",
    "apiDetail": "csp_xBPQ",
    "apiDetailJiexiUrl": "",
    "apiDetailParsePlayUrlTemplate": 0,
    "apiDetailParseTemplate": 0,
    "apiDetailParseType": 3,
    "apiSearch": "csp_xBPQ",
    "apiSearchParseTemplate": 0,
    "apiSearchParseType": 3,
    "apiType": 1,
    "createTime": 1717763763832,
    "enable": true,
    "group": "tvbox",
    "id": 0,
    "isActive": true,
    "isFound": true,
    "key": "♥️香蕉超清",
    "name": "♥️香蕉超清",
    "searchable": 1,
    "sort": 70,
    "tvBoxParseType": 3,
    "tvboxClickSelector": "",
    "tvboxExt": "http://liulian1993.vip:5555/tvbox/lib/vip18/lib/新香蕉超清资源.json",
    "tvboxLocalSpiderPath": "/storage/emulated/0/Android/data/com.wbg.video/files/TvBox/52A01024F1A5B5BAF3767F6F524EF764.jar",
    "tvboxRemoteSpiderUrl": "http://liulian1993.vip:5555/tvbox/lib/vip18/Yoursmile.jar",
    "tvboxSiteLocalJar": "/storage/emulated/0/Android/data/com.wbg.video/files/TvBox/BF73086529C12C1472D6814452577C34.jar",
    "tvboxSiteRemoteJar": "http://liulian1993.vip:5555/tvbox/lib/vip18/lib/Yoursmile2.jar",
    "tvboxUrl": "http://liulian1993.vip:5555/tvbox/lib/vip18/vip18.json",
    "updateTime": 1717763763832
  },
  {
    "api": "csp_xBPQ",
    "apiDetail": "csp_xBPQ",
    "apiDetailJiexiUrl": "",
    "apiDetailParsePlayUrlTemplate": 0,
    "apiDetailParseTemplate": 0,
    "apiDetailParseType": 3,
    "apiSearch": "csp_xBPQ",
    "apiSearchParseTemplate": 0,
    "apiSearchParseType": 3,
    "apiType": 1,
    "createTime": 1717763763903,
    "enable": true,
    "group": "tvbox",
    "id": 0,
    "isActive": true,
    "isFound": true,
    "key": "♥️香蕉国产",
    "name": "♥️香蕉国产",
    "searchable": 1,
    "sort": 70,
    "tvBoxParseType": 3,
    "tvboxClickSelector": "",
    "tvboxExt": "http://liulian1993.vip:5555/tvbox/lib/vip18/lib/新香蕉国产传媒.json",
    "tvboxLocalSpiderPath": "/storage/emulated/0/Android/data/com.wbg.video/files/TvBox/52A01024F1A5B5BAF3767F6F524EF764.jar",
    "tvboxRemoteSpiderUrl": "http://liulian1993.vip:5555/tvbox/lib/vip18/Yoursmile.jar",
    "tvboxSiteLocalJar": "/storage/emulated/0/Android/data/com.wbg.video/files/TvBox/BF73086529C12C1472D6814452577C34.jar",
    "tvboxSiteRemoteJar": "http://liulian1993.vip:5555/tvbox/lib/vip18/lib/Yoursmile2.jar",
    "tvboxUrl": "http://liulian1993.vip:5555/tvbox/lib/vip18/vip18.json",
    "updateTime": 1717763763969
  },
  {
    "api": "csp_xBPQ",
    "apiDetail": "csp_xBPQ",
    "apiDetailJiexiUrl": "",
    "apiDetailParsePlayUrlTemplate": 0,
    "apiDetailParseTemplate": 0,
    "apiDetailParseType": 3,
    "apiSearch": "csp_xBPQ",
    "apiSearchParseTemplate": 0,
    "apiSearchParseType": 3,
    "apiType": 1,
    "createTime": 1717763763971,
    "enable": true,
    "group": "tvbox",
    "id": 0,
    "isActive": true,
    "isFound": true,
    "key": "♥️久久热",
    "name": "♥️香蕉久久热",
    "searchable": 1,
    "sort": 70,
    "tvBoxParseType": 3,
    "tvboxClickSelector": "",
    "tvboxExt": "http://liulian1993.vip:5555/tvbox/lib/vip18/lib/新香蕉久久热.json",
    "tvboxLocalSpiderPath": "/storage/emulated/0/Android/data/com.wbg.video/files/TvBox/52A01024F1A5B5BAF3767F6F524EF764.jar",
    "tvboxRemoteSpiderUrl": "http://liulian1993.vip:5555/tvbox/lib/vip18/Yoursmile.jar",
    "tvboxSiteLocalJar": "/storage/emulated/0/Android/data/com.wbg.video/files/TvBox/BF73086529C12C1472D6814452577C34.jar",
    "tvboxSiteRemoteJar": "http://liulian1993.vip:5555/tvbox/lib/vip18/lib/Yoursmile2.jar",
    "tvboxUrl": "http://liulian1993.vip:5555/tvbox/lib/vip18/vip18.json",
    "updateTime": 1717763764042
  },
  {
    "api": "csp_xBPQ",
    "apiDetail": "csp_xBPQ",
    "apiDetailJiexiUrl": "",
    "apiDetailParsePlayUrlTemplate": 0,
    "apiDetailParseTemplate": 0,
    "apiDetailParseType": 3,
    "apiSearch": "csp_xBPQ",
    "apiSearchParseTemplate": 0,
    "apiSearchParseType": 3,
    "apiType": 1,
    "createTime": 1717763764046,
    "enable": true,
    "group": "tvbox",
    "id": 0,
    "isActive": true,
    "isFound": true,
    "key": "♥️香蕉废柴",
    "name": "♥️香蕉废柴",
    "searchable": 1,
    "sort": 70,
    "tvBoxParseType": 3,
    "tvboxClickSelector": "",
    "tvboxExt": "http://liulian1993.vip:5555/tvbox/lib/vip18/lib/新香蕉废柴网.json",
    "tvboxLocalSpiderPath": "/storage/emulated/0/Android/data/com.wbg.video/files/TvBox/52A01024F1A5B5BAF3767F6F524EF764.jar",
    "tvboxRemoteSpiderUrl": "http://liulian1993.vip:5555/tvbox/lib/vip18/Yoursmile.jar",
    "tvboxSiteLocalJar": "/storage/emulated/0/Android/data/com.wbg.video/files/TvBox/BF73086529C12C1472D6814452577C34.jar",
    "tvboxSiteRemoteJar": "http://liulian1993.vip:5555/tvbox/lib/vip18/lib/Yoursmile2.jar",
    "tvboxUrl": "http://liulian1993.vip:5555/tvbox/lib/vip18/vip18.json",
    "updateTime": 1717763764120
  },
  {
    "api": "csp_xBPQ",
    "apiDetail": "csp_xBPQ",
    "apiDetailJiexiUrl": "",
    "apiDetailParsePlayUrlTemplate": 0,
    "apiDetailParseTemplate": 0,
    "apiDetailParseType": 3,
    "apiSearch": "csp_xBPQ",
    "apiSearchParseTemplate": 0,
    "apiSearchParseType": 3,
    "apiType": 1,
    "createTime": 1717763764123,
    "enable": true,
    "group": "tvbox",
    "id": 0,
    "isActive": true,
    "isFound": true,
    "key": "♥️香蕉直播",
    "name": "♥️香蕉直播",
    "searchable": 1,
    "sort": 70,
    "tvBoxParseType": 3,
    "tvboxClickSelector": "",
    "tvboxExt": "http://liulian1993.vip:5555/tvbox/lib/vip18/lib/新香蕉实时直播.json",
    "tvboxLocalSpiderPath": "/storage/emulated/0/Android/data/com.wbg.video/files/TvBox/52A01024F1A5B5BAF3767F6F524EF764.jar",
    "tvboxRemoteSpiderUrl": "http://liulian1993.vip:5555/tvbox/lib/vip18/Yoursmile.jar",
    "tvboxSiteLocalJar": "/storage/emulated/0/Android/data/com.wbg.video/files/TvBox/BF73086529C12C1472D6814452577C34.jar",
    "tvboxSiteRemoteJar": "http://liulian1993.vip:5555/tvbox/lib/vip18/lib/Yoursmile2.jar",
    "tvboxUrl": "http://liulian1993.vip:5555/tvbox/lib/vip18/vip18.json",
    "updateTime": 1717763764200
  },
  {
    "api": "csp_xBPQ",
    "apiDetail": "csp_xBPQ",
    "apiDetailJiexiUrl": "",
    "apiDetailParsePlayUrlTemplate": 0,
    "apiDetailParseTemplate": 0,
    "apiDetailParseType": 3,
    "apiSearch": "csp_xBPQ",
    "apiSearchParseTemplate": 0,
    "apiSearchParseType": 3,
    "apiType": 1,
    "createTime": 1717763764203,
    "enable": true,
    "group": "tvbox",
    "id": 0,
    "isActive": true,
    "isFound": true,
    "key": "♥️香蕉搜索",
    "name": "♥️香蕉搜索",
    "searchable": 1,
    "sort": 70,
    "tvBoxParseType": 3,
    "tvboxClickSelector": "",
    "tvboxExt": "http://liulian1993.vip:5555/tvbox/lib/vip18/lib/香蕉搜索.json",
    "tvboxLocalSpiderPath": "/storage/emulated/0/Android/data/com.wbg.video/files/TvBox/52A01024F1A5B5BAF3767F6F524EF764.jar",
    "tvboxRemoteSpiderUrl": "http://liulian1993.vip:5555/tvbox/lib/vip18/Yoursmile.jar",
    "tvboxSiteLocalJar": "/storage/emulated/0/Android/data/com.wbg.video/files/TvBox/BF73086529C12C1472D6814452577C34.jar",
    "tvboxSiteRemoteJar": "http://liulian1993.vip:5555/tvbox/lib/vip18/lib/Yoursmile2.jar",
    "tvboxUrl": "http://liulian1993.vip:5555/tvbox/lib/vip18/vip18.json",
    "updateTime": 1717763764273
  },
  {
    "api": "csp_xBPQ",
    "apiDetail": "csp_xBPQ",
    "apiDetailJiexiUrl": "",
    "apiDetailParsePlayUrlTemplate": 0,
    "apiDetailParseTemplate": 0,
    "apiDetailParseType": 3,
    "apiSearch": "csp_xBPQ",
    "apiSearchParseTemplate": 0,
    "apiSearchParseType": 3,
    "apiType": 1,
    "createTime": 1717763764277,
    "enable": true,
    "group": "tvbox",
    "id": 0,
    "isActive": true,
    "isFound": true,
    "key": "♥️麻豆映画",
    "name": "❤麻豆映画",
    "searchable": 1,
    "sort": 70,
    "tvBoxParseType": 3,
    "tvboxClickSelector": "",
    "tvboxExt": "http://liulian1993.vip:5555/tvbox/lib/vip18/lib/麻豆映画.json",
    "tvboxLocalSpiderPath": "/storage/emulated/0/Android/data/com.wbg.video/files/TvBox/52A01024F1A5B5BAF3767F6F524EF764.jar",
    "tvboxRemoteSpiderUrl": "http://liulian1993.vip:5555/tvbox/lib/vip18/Yoursmile.jar",
    "tvboxSiteLocalJar": "/storage/emulated/0/Android/data/com.wbg.video/files/TvBox/BF73086529C12C1472D6814452577C34.jar",
    "tvboxSiteRemoteJar": "http://liulian1993.vip:5555/tvbox/lib/vip18/lib/Yoursmile2.jar",
    "tvboxUrl": "http://liulian1993.vip:5555/tvbox/lib/vip18/vip18.json",
    "updateTime": 1717763764349
  },
  {
    "api": "csp_xBPQ",
    "apiDetail": "csp_xBPQ",
    "apiDetailJiexiUrl": "",
    "apiDetailParsePlayUrlTemplate": 0,
    "apiDetailParseTemplate": 0,
    "apiDetailParseType": 3,
    "apiSearch": "csp_xBPQ",
    "apiSearchParseTemplate": 0,
    "apiSearchParseType": 3,
    "apiType": 1,
    "createTime": 1717763764352,
    "enable": true,
    "group": "tvbox",
    "id": 0,
    "isActive": true,
    "isFound": true,
    "key": "♥️GAOAA",
    "name": "❤GAOAA",
    "searchable": 1,
    "sort": 70,
    "tvBoxParseType": 3,
    "tvboxClickSelector": "",
    "tvboxExt": "http://liulian1993.vip:5555/tvbox/lib/vip18/lib/GAOAA.json",
    "tvboxLocalSpiderPath": "/storage/emulated/0/Android/data/com.wbg.video/files/TvBox/52A01024F1A5B5BAF3767F6F524EF764.jar",
    "tvboxRemoteSpiderUrl": "http://liulian1993.vip:5555/tvbox/lib/vip18/Yoursmile.jar",
    "tvboxSiteLocalJar": "/storage/emulated/0/Android/data/com.wbg.video/files/TvBox/BF73086529C12C1472D6814452577C34.jar",
    "tvboxSiteRemoteJar": "http://liulian1993.vip:5555/tvbox/lib/vip18/lib/Yoursmile2.jar",
    "tvboxUrl": "http://liulian1993.vip:5555/tvbox/lib/vip18/vip18.json",
    "updateTime": 1717763764431
  },
  {
    "api": "csp_XBPQ",
    "apiDetail": "csp_XBPQ",
    "apiDetailJiexiUrl": "",
    "apiDetailParsePlayUrlTemplate": 0,
    "apiDetailParseTemplate": 0,
    "apiDetailParseType": 3,
    "apiSearch": "csp_XBPQ",
    "apiSearchParseTemplate": 0,
    "apiSearchParseType": 3,
    "apiType": 1,
    "createTime": 1717763764474,
    "enable": true,
    "group": "tvbox",
    "id": 0,
    "isActive": true,
    "isFound": true,
    "key": "♥️天天直播",
    "name": "♥️天天直播",
    "searchable": 1,
    "sort": 70,
    "tvBoxParseType": 3,
    "tvboxClickSelector": "",
    "tvboxExt": "http://liulian1993.vip:5555/tvbox/lib/vip18/lib/天天直播.json",
    "tvboxLocalSpiderPath": "/storage/emulated/0/Android/data/com.wbg.video/files/TvBox/52A01024F1A5B5BAF3767F6F524EF764.jar",
    "tvboxRemoteSpiderUrl": "http://liulian1993.vip:5555/tvbox/lib/vip18/Yoursmile.jar",
    "tvboxSiteLocalJar": "/storage/emulated/0/Android/data/com.wbg.video/files/TvBox/AC2CBCF590E8541B7D6E97A2DF5561AE.jar",
    "tvboxSiteRemoteJar": "http://liulian1993.vip:5555/tvbox/lib/vip18/lib/xbpq新版.jar",
    "tvboxUrl": "http://liulian1993.vip:5555/tvbox/lib/vip18/vip18.json",
    "updateTime": 1717763764474
  },
  {
    "api": "csp_XBPQ",
    "apiDetail": "csp_XBPQ",
    "apiDetailJiexiUrl": "",
    "apiDetailParsePlayUrlTemplate": 0,
    "apiDetailParseTemplate": 0,
    "apiDetailParseType": 3,
    "apiSearch": "csp_XBPQ",
    "apiSearchParseTemplate": 0,
    "apiSearchParseType": 3,
    "apiType": 1,
    "createTime": 1717763764527,
    "enable": true,
    "group": "tvbox",
    "id": 0,
    "isActive": true,
    "isFound": true,
    "key": "♥️天天综合",
    "name": "❤天天综合",
    "searchable": 1,
    "sort": 70,
    "tvBoxParseType": 3,
    "tvboxClickSelector": "",
    "tvboxExt": "http://liulian1993.vip:5555/tvbox/lib/vip18/lib/天天综合.json",
    "tvboxLocalSpiderPath": "/storage/emulated/0/Android/data/com.wbg.video/files/TvBox/52A01024F1A5B5BAF3767F6F524EF764.jar",
    "tvboxRemoteSpiderUrl": "http://liulian1993.vip:5555/tvbox/lib/vip18/Yoursmile.jar",
    "tvboxSiteLocalJar": "/storage/emulated/0/Android/data/com.wbg.video/files/TvBox/AC2CBCF590E8541B7D6E97A2DF5561AE.jar",
    "tvboxSiteRemoteJar": "http://liulian1993.vip:5555/tvbox/lib/vip18/lib/xbpq新版.jar",
    "tvboxUrl": "http://liulian1993.vip:5555/tvbox/lib/vip18/vip18.json",
    "updateTime": 1717763764558
  },
  {
    "api": "csp_XBPQ",
    "apiDetail": "csp_XBPQ",
    "apiDetailJiexiUrl": "",
    "apiDetailParsePlayUrlTemplate": 0,
    "apiDetailParseTemplate": 0,
    "apiDetailParseType": 3,
    "apiSearch": "csp_XBPQ",
    "apiSearchParseTemplate": 0,
    "apiSearchParseType": 3,
    "apiType": 1,
    "createTime": 1717763764560,
    "enable": true,
    "group": "tvbox",
    "id": 0,
    "isActive": true,
    "isFound": true,
    "key": "♥️天天中字",
    "name": "♥️天天中文字幕",
    "searchable": 1,
    "sort": 70,
    "tvBoxParseType": 3,
    "tvboxClickSelector": "",
    "tvboxExt": "http://liulian1993.vip:5555/tvbox/lib/vip18/lib/天天中文字幕.json",
    "tvboxLocalSpiderPath": "/storage/emulated/0/Android/data/com.wbg.video/files/TvBox/52A01024F1A5B5BAF3767F6F524EF764.jar",
    "tvboxRemoteSpiderUrl": "http://liulian1993.vip:5555/tvbox/lib/vip18/Yoursmile.jar",
    "tvboxSiteLocalJar": "/storage/emulated/0/Android/data/com.wbg.video/files/TvBox/AC2CBCF590E8541B7D6E97A2DF5561AE.jar",
    "tvboxSiteRemoteJar": "http://liulian1993.vip:5555/tvbox/lib/vip18/lib/xbpq新版.jar",
    "tvboxUrl": "http://liulian1993.vip:5555/tvbox/lib/vip18/vip18.json",
    "updateTime": 1717763764588
  },
  {
    "api": "csp_XBPQ",
    "apiDetail": "csp_XBPQ",
    "apiDetailJiexiUrl": "",
    "apiDetailParsePlayUrlTemplate": 0,
    "apiDetailParseTemplate": 0,
    "apiDetailParseType": 3,
    "apiSearch": "csp_XBPQ",
    "apiSearchParseTemplate": 0,
    "apiSearchParseType": 3,
    "apiType": 1,
    "createTime": 1717763764590,
    "enable": true,
    "group": "tvbox",
    "id": 0,
    "isActive": true,
    "isFound": true,
    "key": "♥️天天超清",
    "name": "❤天天超清资源",
    "searchable": 1,
    "sort": 70,
    "tvBoxParseType": 3,
    "tvboxClickSelector": "",
    "tvboxExt": "http://liulian1993.vip:5555/tvbox/lib/vip18/lib/天天超清资源.json",
    "tvboxLocalSpiderPath": "/storage/emulated/0/Android/data/com.wbg.video/files/TvBox/52A01024F1A5B5BAF3767F6F524EF764.jar",
    "tvboxRemoteSpiderUrl": "http://liulian1993.vip:5555/tvbox/lib/vip18/Yoursmile.jar",
    "tvboxSiteLocalJar": "/storage/emulated/0/Android/data/com.wbg.video/files/TvBox/AC2CBCF590E8541B7D6E97A2DF5561AE.jar",
    "tvboxSiteRemoteJar": "http://liulian1993.vip:5555/tvbox/lib/vip18/lib/xbpq新版.jar",
    "tvboxUrl": "http://liulian1993.vip:5555/tvbox/lib/vip18/vip18.json",
    "updateTime": 1717763764620
  },
  {
    "api": "csp_XBPQ",
    "apiDetail": "csp_XBPQ",
    "apiDetailJiexiUrl": "",
    "apiDetailParsePlayUrlTemplate": 0,
    "apiDetailParseTemplate": 0,
    "apiDetailParseType": 3,
    "apiSearch": "csp_XBPQ",
    "apiSearchParseTemplate": 0,
    "apiSearchParseType": 3,
    "apiType": 1,
    "createTime": 1717763764623,
    "enable": true,
    "group": "tvbox",
    "id": 0,
    "isActive": true,
    "isFound": true,
    "key": "♥️天天传媒",
    "name": "♥️天天国产传媒",
    "searchable": 1,
    "sort": 70,
    "tvBoxParseType": 3,
    "tvboxClickSelector": "",
    "tvboxExt": "http://liulian1993.vip:5555/tvbox/lib/vip18/lib/天天国产传媒.json",
    "tvboxLocalSpiderPath": "/storage/emulated/0/Android/data/com.wbg.video/files/TvBox/52A01024F1A5B5BAF3767F6F524EF764.jar",
    "tvboxRemoteSpiderUrl": "http://liulian1993.vip:5555/tvbox/lib/vip18/Yoursmile.jar",
    "tvboxSiteLocalJar": "/storage/emulated/0/Android/data/com.wbg.video/files/TvBox/AC2CBCF590E8541B7D6E97A2DF5561AE.jar",
    "tvboxSiteRemoteJar": "http://liulian1993.vip:5555/tvbox/lib/vip18/lib/xbpq新版.jar",
    "tvboxUrl": "http://liulian1993.vip:5555/tvbox/lib/vip18/vip18.json",
    "updateTime": 1717763764663
  },
  {
    "api": "csp_XBPQ",
    "apiDetail": "csp_XBPQ",
    "apiDetailJiexiUrl": "",
    "apiDetailParsePlayUrlTemplate": 0,
    "apiDetailParseTemplate": 0,
    "apiDetailParseType": 3,
    "apiSearch": "csp_XBPQ",
    "apiSearchParseTemplate": 0,
    "apiSearchParseType": 3,
    "apiType": 1,
    "createTime": 1717763764667,
    "enable": true,
    "group": "tvbox",
    "id": 0,
    "isActive": true,
    "isFound": true,
    "key": "♥️AV解说",
    "name": "❤天天AV解说",
    "searchable": 1,
    "sort": 70,
    "tvBoxParseType": 3,
    "tvboxClickSelector": "",
    "tvboxExt": "http://liulian1993.vip:5555/tvbox/lib/vip18/lib/天天AV解说.json",
    "tvboxLocalSpiderPath": "/storage/emulated/0/Android/data/com.wbg.video/files/TvBox/52A01024F1A5B5BAF3767F6F524EF764.jar",
    "tvboxRemoteSpiderUrl": "http://liulian1993.vip:5555/tvbox/lib/vip18/Yoursmile.jar",
    "tvboxSiteLocalJar": "/storage/emulated/0/Android/data/com.wbg.video/files/TvBox/AC2CBCF590E8541B7D6E97A2DF5561AE.jar",
    "tvboxSiteRemoteJar": "http://liulian1993.vip:5555/tvbox/lib/vip18/lib/xbpq新版.jar",
    "tvboxUrl": "http://liulian1993.vip:5555/tvbox/lib/vip18/vip18.json",
    "updateTime": 1717763764696
  },
  {
    "api": "csp_XBPQ",
    "apiDetail": "csp_XBPQ",
    "apiDetailJiexiUrl": "",
    "apiDetailParsePlayUrlTemplate": 0,
    "apiDetailParseTemplate": 0,
    "apiDetailParseType": 3,
    "apiSearch": "csp_XBPQ",
    "apiSearchParseTemplate": 0,
    "apiSearchParseType": 3,
    "apiType": 1,
    "createTime": 1717763764700,
    "enable": true,
    "group": "tvbox",
    "id": 0,
    "isActive": true,
    "isFound": true,
    "key": "♥️色花堂",
    "name": "♥️色花堂",
    "searchable": 1,
    "sort": 70,
    "tvBoxParseType": 3,
    "tvboxClickSelector": "",
    "tvboxExt": "http://liulian1993.vip:5555/tvbox/lib/vip18/lib/色花堂xbpq.json",
    "tvboxLocalSpiderPath": "/storage/emulated/0/Android/data/com.wbg.video/files/TvBox/52A01024F1A5B5BAF3767F6F524EF764.jar",
    "tvboxRemoteSpiderUrl": "http://liulian1993.vip:5555/tvbox/lib/vip18/Yoursmile.jar",
    "tvboxSiteLocalJar": "/storage/emulated/0/Android/data/com.wbg.video/files/TvBox/AC2CBCF590E8541B7D6E97A2DF5561AE.jar",
    "tvboxSiteRemoteJar": "http://liulian1993.vip:5555/tvbox/lib/vip18/lib/xbpq新版.jar",
    "tvboxUrl": "http://liulian1993.vip:5555/tvbox/lib/vip18/vip18.json",
    "updateTime": 1717763764728
  },
  {
    "api": "https://hhzyapi.com/api.php/provide/vod/",
    "apiDetail": "https://hhzyapi.com/api.php/provide/vod/?ac\u003ddetail\u0026ids\u003d",
    "apiDetailJiexiUrl": "",
    "apiDetailParsePlayUrlTemplate": 0,
    "apiDetailParseTemplate": 0,
    "apiDetailParseType": 1,
    "apiSearch": "https://hhzyapi.com/api.php/provide/vod/?ac\u003dlist\u0026wd\u003d",
    "apiSearchParseTemplate": 0,
    "apiSearchParseType": 1,
    "apiType": 1,
    "createTime": 1717763764730,
    "enable": true,
    "group": "tvbox",
    "id": 0,
    "isActive": true,
    "isFound": true,
    "key": "火狐",
    "name": "🦊茶杯狐",
    "searchable": 1,
    "sort": 50,
    "tvBoxParseType": 1,
    "tvboxClickSelector": "",
    "tvboxLocalSpiderPath": "/storage/emulated/0/Android/data/com.wbg.video/files/TvBox/52A01024F1A5B5BAF3767F6F524EF764.jar",
    "tvboxRemoteSpiderUrl": "http://liulian1993.vip:5555/tvbox/lib/vip18/Yoursmile.jar",
    "tvboxUrl": "http://liulian1993.vip:5555/tvbox/lib/vip18/vip18.json",
    "updateTime": 1717763764730
  },
  {
    "api": "https://www.huyaapi.com/api.php/provide/vod/from/hym3u8",
    "apiDetail": "https://www.huyaapi.com/api.php/provide/vod/from/hym3u8?ac\u003ddetail\u0026ids\u003d",
    "apiDetailJiexiUrl": "",
    "apiDetailParsePlayUrlTemplate": 0,
    "apiDetailParseTemplate": 0,
    "apiDetailParseType": 1,
    "apiSearch": "https://www.huyaapi.com/api.php/provide/vod/from/hym3u8?ac\u003dlist\u0026wd\u003d",
    "apiSearchParseTemplate": 0,
    "apiSearchParseType": 1,
    "apiType": 1,
    "createTime": 1717763764731,
    "enable": true,
    "group": "tvbox",
    "id": 0,
    "isActive": true,
    "isFound": true,
    "key": "虎牙",
    "name": "🐯虎牙采集",
    "searchable": 1,
    "sort": 50,
    "tvBoxParseType": 1,
    "tvboxClickSelector": "",
    "tvboxLocalSpiderPath": "/storage/emulated/0/Android/data/com.wbg.video/files/TvBox/52A01024F1A5B5BAF3767F6F524EF764.jar",
    "tvboxRemoteSpiderUrl": "http://liulian1993.vip:5555/tvbox/lib/vip18/Yoursmile.jar",
    "tvboxUrl": "http://liulian1993.vip:5555/tvbox/lib/vip18/vip18.json",
    "updateTime": 1717763764731
  },
  {
    "api": "http://cj.ffzyapi.com/api.php/provide/vod/",
    "apiDetail": "http://cj.ffzyapi.com/api.php/provide/vod/?ac\u003ddetail\u0026ids\u003d",
    "apiDetailJiexiUrl": "",
    "apiDetailParsePlayUrlTemplate": 0,
    "apiDetailParseTemplate": 0,
    "apiDetailParseType": 1,
    "apiSearch": "http://cj.ffzyapi.com/api.php/provide/vod/?ac\u003dlist\u0026wd\u003d",
    "apiSearchParseTemplate": 0,
    "apiSearchParseType": 1,
    "apiType": 1,
    "createTime": 1717763764731,
    "enable": true,
    "group": "tvbox",
    "id": 0,
    "isActive": true,
    "isFound": true,
    "key": "非凡资源",
    "name": "🌼非凡资源",
    "searchable": 1,
    "sort": 50,
    "tvBoxParseType": 1,
    "tvboxClickSelector": "",
    "tvboxLocalSpiderPath": "/storage/emulated/0/Android/data/com.wbg.video/files/TvBox/52A01024F1A5B5BAF3767F6F524EF764.jar",
    "tvboxRemoteSpiderUrl": "http://liulian1993.vip:5555/tvbox/lib/vip18/Yoursmile.jar",
    "tvboxUrl": "http://liulian1993.vip:5555/tvbox/lib/vip18/vip18.json",
    "updateTime": 1717763764731
  },
  {
    "api": "https://kuaiyun-api.com/api.php/provide/vod/",
    "apiDetail": "https://kuaiyun-api.com/api.php/provide/vod/?ac\u003ddetail\u0026ids\u003d",
    "apiDetailJiexiUrl": "",
    "apiDetailParsePlayUrlTemplate": 0,
    "apiDetailParseTemplate": 0,
    "apiDetailParseType": 1,
    "apiSearch": "https://kuaiyun-api.com/api.php/provide/vod/?ac\u003dlist\u0026wd\u003d",
    "apiSearchParseTemplate": 0,
    "apiSearchParseType": 1,
    "apiType": 1,
    "createTime": 1717763764731,
    "enable": true,
    "group": "tvbox",
    "id": 0,
    "isActive": true,
    "isFound": true,
    "key": "快云资源",
    "name": "🌊快云资源",
    "searchable": 1,
    "sort": 50,
    "tvBoxParseType": 1,
    "tvboxClickSelector": "",
    "tvboxLocalSpiderPath": "/storage/emulated/0/Android/data/com.wbg.video/files/TvBox/52A01024F1A5B5BAF3767F6F524EF764.jar",
    "tvboxRemoteSpiderUrl": "http://liulian1993.vip:5555/tvbox/lib/vip18/Yoursmile.jar",
    "tvboxUrl": "http://liulian1993.vip:5555/tvbox/lib/vip18/vip18.json",
    "updateTime": 1717763764731
  },
  {
    "api": "https://lbapi9.com/api.php/provide/vod/at/xml",
    "apiDetail": "https://lbapi9.com/api.php/provide/vod/at/xml?ac\u003ddetail\u0026ids\u003d",
    "apiDetailJiexiUrl": "",
    "apiDetailParsePlayUrlTemplate": 0,
    "apiDetailParseTemplate": 0,
    "apiDetailParseType": 0,
    "apiSearch": "https://lbapi9.com/api.php/provide/vod/at/xml?ac\u003dlist\u0026wd\u003d",
    "apiSearchParseTemplate": 0,
    "apiSearchParseType": 0,
    "apiType": 1,
    "createTime": 1717763764732,
    "enable": true,
    "group": "tvbox",
    "id": 0,
    "isActive": true,
    "isFound": true,
    "key": "❤ 乐播资源",
    "name": "❤乐播资源1",
    "searchable": 1,
    "sort": 50,
    "tvBoxParseType": 0,
    "tvboxClickSelector": "",
    "tvboxLocalSpiderPath": "/storage/emulated/0/Android/data/com.wbg.video/files/TvBox/52A01024F1A5B5BAF3767F6F524EF764.jar",
    "tvboxRemoteSpiderUrl": "http://liulian1993.vip:5555/tvbox/lib/vip18/Yoursmile.jar",
    "tvboxUrl": "http://liulian1993.vip:5555/tvbox/lib/vip18/vip18.json",
    "updateTime": 1717763764732
  },
  {
    "api": "https://lbapi9.com/api.php/provide/vod/",
    "apiDetail": "https://lbapi9.com/api.php/provide/vod/?ac\u003ddetail\u0026ids\u003d",
    "apiDetailJiexiUrl": "",
    "apiDetailParsePlayUrlTemplate": 0,
    "apiDetailParseTemplate": 0,
    "apiDetailParseType": 1,
    "apiSearch": "https://lbapi9.com/api.php/provide/vod/?ac\u003dlist\u0026wd\u003d",
    "apiSearchParseTemplate": 0,
    "apiSearchParseType": 1,
    "apiType": 1,
    "createTime": 1717763764732,
    "enable": true,
    "group": "tvbox",
    "id": 0,
    "isActive": true,
    "isFound": true,
    "key": "❤乐播资源",
    "name": "❤乐播资源2",
    "searchable": 1,
    "sort": 50,
    "tvBoxParseType": 1,
    "tvboxClickSelector": "",
    "tvboxLocalSpiderPath": "/storage/emulated/0/Android/data/com.wbg.video/files/TvBox/52A01024F1A5B5BAF3767F6F524EF764.jar",
    "tvboxRemoteSpiderUrl": "http://liulian1993.vip:5555/tvbox/lib/vip18/Yoursmile.jar",
    "tvboxUrl": "http://liulian1993.vip:5555/tvbox/lib/vip18/vip18.json",
    "updateTime": 1717763764732
  },
  {
    "api": "http://wmcj8.com/inc/sapi.php",
    "apiDetail": "http://wmcj8.com/inc/sapi.php?ac\u003ddetail\u0026ids\u003d",
    "apiDetailJiexiUrl": "",
    "apiDetailParsePlayUrlTemplate": 0,
    "apiDetailParseTemplate": 0,
    "apiDetailParseType": 0,
    "apiSearch": "http://wmcj8.com/inc/sapi.php?ac\u003dlist\u0026wd\u003d",
    "apiSearchParseTemplate": 0,
    "apiSearchParseType": 0,
    "apiType": 1,
    "createTime": 1717763764732,
    "enable": true,
    "group": "tvbox",
    "id": 0,
    "isActive": true,
    "isFound": true,
    "key": "❤环亚资源",
    "name": "❤环亚资源1",
    "searchable": 1,
    "sort": 50,
    "tvBoxParseType": 0,
    "tvboxClickSelector": "",
    "tvboxLocalSpiderPath": "/storage/emulated/0/Android/data/com.wbg.video/files/TvBox/52A01024F1A5B5BAF3767F6F524EF764.jar",
    "tvboxRemoteSpiderUrl": "http://liulian1993.vip:5555/tvbox/lib/vip18/Yoursmile.jar",
    "tvboxUrl": "http://liulian1993.vip:5555/tvbox/lib/vip18/vip18.json",
    "updateTime": 1717763764732
  },
  {
    "api": "http://wmcj8.com/inc/sapi.php?ac\u003dlist",
    "apiDetail": "http://wmcj8.com/inc/sapi.php?ac\u003dlist\u0026ac\u003ddetail\u0026ids\u003d",
    "apiDetailJiexiUrl": "",
    "apiDetailParsePlayUrlTemplate": 0,
    "apiDetailParseTemplate": 0,
    "apiDetailParseType": 0,
    "apiSearch": "http://wmcj8.com/inc/sapi.php?ac\u003dlist\u0026ac\u003dlist\u0026wd\u003d",
    "apiSearchParseTemplate": 0,
    "apiSearchParseType": 0,
    "apiType": 1,
    "createTime": 1717763764732,
    "enable": true,
    "group": "tvbox",
    "id": 0,
    "isActive": true,
    "isFound": true,
    "key": "♥️环亚资源2",
    "name": "♥️环亚资源2",
    "searchable": 1,
    "sort": 50,
    "tvBoxParseType": 0,
    "tvboxClickSelector": "",
    "tvboxLocalSpiderPath": "/storage/emulated/0/Android/data/com.wbg.video/files/TvBox/52A01024F1A5B5BAF3767F6F524EF764.jar",
    "tvboxRemoteSpiderUrl": "http://liulian1993.vip:5555/tvbox/lib/vip18/Yoursmile.jar",
    "tvboxUrl": "http://liulian1993.vip:5555/tvbox/lib/vip18/vip18.json",
    "updateTime": 1717763764732
  },
  {
    "api": "https://api.apilyzy.com/api.php/provide/vod/",
    "apiDetail": "https://api.apilyzy.com/api.php/provide/vod/?ac\u003ddetail\u0026ids\u003d",
    "apiDetailJiexiUrl": "",
    "apiDetailParsePlayUrlTemplate": 0,
    "apiDetailParseTemplate": 0,
    "apiDetailParseType": 1,
    "apiSearch": "https://api.apilyzy.com/api.php/provide/vod/?ac\u003dlist\u0026wd\u003d",
    "apiSearchParseTemplate": 0,
    "apiSearchParseType": 1,
    "apiType": 1,
    "createTime": 1717763764733,
    "enable": true,
    "group": "tvbox",
    "id": 0,
    "isActive": true,
    "isFound": true,
    "key": "❤老鸭资源",
    "name": "❤老鸭资源",
    "searchable": 1,
    "sort": 50,
    "tvBoxParseType": 1,
    "tvboxClickSelector": "",
    "tvboxLocalSpiderPath": "/storage/emulated/0/Android/data/com.wbg.video/files/TvBox/52A01024F1A5B5BAF3767F6F524EF764.jar",
    "tvboxRemoteSpiderUrl": "http://liulian1993.vip:5555/tvbox/lib/vip18/Yoursmile.jar",
    "tvboxUrl": "http://liulian1993.vip:5555/tvbox/lib/vip18/vip18.json",
    "updateTime": 1717763764733
  },
  {
    "api": "http://fhapi9.com/api.php/provide/vod/",
    "apiDetail": "http://fhapi9.com/api.php/provide/vod/?ac\u003ddetail\u0026ids\u003d",
    "apiDetailJiexiUrl": "",
    "apiDetailParsePlayUrlTemplate": 0,
    "apiDetailParseTemplate": 0,
    "apiDetailParseType": 1,
    "apiSearch": "http://fhapi9.com/api.php/provide/vod/?ac\u003dlist\u0026wd\u003d",
    "apiSearchParseTemplate": 0,
    "apiSearchParseType": 1,
    "apiType": 1,
    "createTime": 1717763764733,
    "enable": true,
    "group": "tvbox",
    "id": 0,
    "isActive": true,
    "isFound": true,
    "key": "❤番号资源",
    "name": "❤番号资源",
    "searchable": 1,
    "sort": 50,
    "tvBoxParseType": 1,
    "tvboxClickSelector": "",
    "tvboxLocalSpiderPath": "/storage/emulated/0/Android/data/com.wbg.video/files/TvBox/52A01024F1A5B5BAF3767F6F524EF764.jar",
    "tvboxRemoteSpiderUrl": "http://liulian1993.vip:5555/tvbox/lib/vip18/Yoursmile.jar",
    "tvboxUrl": "http://liulian1993.vip:5555/tvbox/lib/vip18/vip18.json",
    "updateTime": 1717763764733
  },
  {
    "api": "https://hghhh.com/api.php/provide/vod/",
    "apiDetail": "https://hghhh.com/api.php/provide/vod/?ac\u003ddetail\u0026ids\u003d",
    "apiDetailJiexiUrl": "",
    "apiDetailParsePlayUrlTemplate": 0,
    "apiDetailParseTemplate": 0,
    "apiDetailParseType": 1,
    "apiSearch": "https://hghhh.com/api.php/provide/vod/?ac\u003dlist\u0026wd\u003d",
    "apiSearchParseTemplate": 0,
    "apiSearchParseType": 1,
    "apiType": 1,
    "createTime": 1717763764733,
    "enable": true,
    "group": "tvbox",
    "id": 0,
    "isActive": true,
    "isFound": true,
    "key": "❤皇冠资源",
    "name": "❤皇冠资源",
    "searchable": 1,
    "sort": 50,
    "tvBoxParseType": 1,
    "tvboxClickSelector": "",
    "tvboxLocalSpiderPath": "/storage/emulated/0/Android/data/com.wbg.video/files/TvBox/52A01024F1A5B5BAF3767F6F524EF764.jar",
    "tvboxRemoteSpiderUrl": "http://liulian1993.vip:5555/tvbox/lib/vip18/Yoursmile.jar",
    "tvboxUrl": "http://liulian1993.vip:5555/tvbox/lib/vip18/vip18.json",
    "updateTime": 1717763764733
  },
  {
    "api": "https://www.pgxdy.com/api/xml.php",
    "apiDetail": "https://www.pgxdy.com/api/xml.php?ac\u003ddetail\u0026ids\u003d",
    "apiDetailJiexiUrl": "",
    "apiDetailParsePlayUrlTemplate": 0,
    "apiDetailParseTemplate": 0,
    "apiDetailParseType": 0,
    "apiSearch": "https://www.pgxdy.com/api/xml.php?ac\u003dlist\u0026wd\u003d",
    "apiSearchParseTemplate": 0,
    "apiSearchParseType": 0,
    "apiType": 1,
    "createTime": 1717763764734,
    "enable": true,
    "group": "tvbox",
    "id": 0,
    "isActive": true,
    "isFound": true,
    "key": "❤黄AV资源",
    "name": "❤黄AV资源",
    "searchable": 1,
    "sort": 50,
    "tvBoxParseType": 0,
    "tvboxClickSelector": "",
    "tvboxLocalSpiderPath": "/storage/emulated/0/Android/data/com.wbg.video/files/TvBox/52A01024F1A5B5BAF3767F6F524EF764.jar",
    "tvboxRemoteSpiderUrl": "http://liulian1993.vip:5555/tvbox/lib/vip18/Yoursmile.jar",
    "tvboxUrl": "http://liulian1993.vip:5555/tvbox/lib/vip18/vip18.json",
    "updateTime": 1717763764734
  },
  {
    "api": "https://api.yikanapi.com/api.php/provide/vod/",
    "apiDetail": "https://api.yikanapi.com/api.php/provide/vod/?ac\u003ddetail\u0026ids\u003d",
    "apiDetailJiexiUrl": "",
    "apiDetailParsePlayUrlTemplate": 0,
    "apiDetailParseTemplate": 0,
    "apiDetailParseType": 1,
    "apiSearch": "https://api.yikanapi.com/api.php/provide/vod/?ac\u003dlist\u0026wd\u003d",
    "apiSearchParseTemplate": 0,
    "apiSearchParseType": 1,
    "apiType": 1,
    "createTime": 1717763764734,
    "enable": true,
    "group": "tvbox",
    "id": 0,
    "isActive": true,
    "isFound": true,
    "key": "❤易看资源",
    "name": "❤易看资源",
    "searchable": 1,
    "sort": 50,
    "tvBoxParseType": 1,
    "tvboxClickSelector": "",
    "tvboxLocalSpiderPath": "/storage/emulated/0/Android/data/com.wbg.video/files/TvBox/52A01024F1A5B5BAF3767F6F524EF764.jar",
    "tvboxRemoteSpiderUrl": "http://liulian1993.vip:5555/tvbox/lib/vip18/Yoursmile.jar",
    "tvboxUrl": "http://liulian1993.vip:5555/tvbox/lib/vip18/vip18.json",
    "updateTime": 1717763764734
  },
  {
    "api": "http://99zywcj.com/inc/sapi.php?ac\u003dvideolist",
    "apiDetail": "http://99zywcj.com/inc/sapi.php?ac\u003dvideolist\u0026ac\u003ddetail\u0026ids\u003d",
    "apiDetailJiexiUrl": "",
    "apiDetailParsePlayUrlTemplate": 0,
    "apiDetailParseTemplate": 0,
    "apiDetailParseType": 0,
    "apiSearch": "http://99zywcj.com/inc/sapi.php?ac\u003dvideolist\u0026ac\u003dlist\u0026wd\u003d",
    "apiSearchParseTemplate": 0,
    "apiSearchParseType": 0,
    "apiType": 1,
    "createTime": 1717763764734,
    "enable": true,
    "group": "tvbox",
    "id": 0,
    "isActive": true,
    "isFound": true,
    "key": "❤玖玖资源",
    "name": "❤玖玖资源",
    "searchable": 1,
    "sort": 50,
    "tvBoxParseType": 0,
    "tvboxClickSelector": "",
    "tvboxLocalSpiderPath": "/storage/emulated/0/Android/data/com.wbg.video/files/TvBox/52A01024F1A5B5BAF3767F6F524EF764.jar",
    "tvboxRemoteSpiderUrl": "http://liulian1993.vip:5555/tvbox/lib/vip18/Yoursmile.jar",
    "tvboxUrl": "http://liulian1993.vip:5555/tvbox/lib/vip18/vip18.json",
    "updateTime": 1717763764734
  },
  {
    "api": "https://apittzy.com/api.php/provide/vod/?ac\u003dlist",
    "apiDetail": "https://apittzy.com/api.php/provide/vod/?ac\u003dlist\u0026ac\u003ddetail\u0026ids\u003d",
    "apiDetailJiexiUrl": "",
    "apiDetailParsePlayUrlTemplate": 0,
    "apiDetailParseTemplate": 0,
    "apiDetailParseType": 1,
    "apiSearch": "https://apittzy.com/api.php/provide/vod/?ac\u003dlist\u0026ac\u003dlist\u0026wd\u003d",
    "apiSearchParseTemplate": 0,
    "apiSearchParseType": 1,
    "apiType": 1,
    "createTime": 1717763764735,
    "enable": true,
    "group": "tvbox",
    "id": 0,
    "isActive": true,
    "isFound": true,
    "key": "探探",
    "name": "🈵探探资源",
    "searchable": 1,
    "sort": 50,
    "tvBoxParseType": 1,
    "tvboxClickSelector": "",
    "tvboxLocalSpiderPath": "/storage/emulated/0/Android/data/com.wbg.video/files/TvBox/52A01024F1A5B5BAF3767F6F524EF764.jar",
    "tvboxRemoteSpiderUrl": "http://liulian1993.vip:5555/tvbox/lib/vip18/Yoursmile.jar",
    "tvboxUrl": "http://liulian1993.vip:5555/tvbox/lib/vip18/vip18.json",
    "updateTime": 1717763764735
  },
  {
    "api": "http://fhapi9.com/api.php/provide/vod/",
    "apiDetail": "http://fhapi9.com/api.php/provide/vod/?ac\u003ddetail\u0026ids\u003d",
    "apiDetailJiexiUrl": "",
    "apiDetailParsePlayUrlTemplate": 0,
    "apiDetailParseTemplate": 0,
    "apiDetailParseType": 1,
    "apiSearch": "http://fhapi9.com/api.php/provide/vod/?ac\u003dlist\u0026wd\u003d",
    "apiSearchParseTemplate": 0,
    "apiSearchParseType": 1,
    "apiType": 1,
    "createTime": 1717763764735,
    "enable": true,
    "group": "tvbox",
    "id": 0,
    "isActive": true,
    "isFound": true,
    "key": "fhapi9.com",
    "name": "🈶成人12",
    "searchable": 1,
    "sort": 50,
    "tvBoxParseType": 1,
    "tvboxClickSelector": "",
    "tvboxLocalSpiderPath": "/storage/emulated/0/Android/data/com.wbg.video/files/TvBox/52A01024F1A5B5BAF3767F6F524EF764.jar",
    "tvboxRemoteSpiderUrl": "http://liulian1993.vip:5555/tvbox/lib/vip18/Yoursmile.jar",
    "tvboxUrl": "http://liulian1993.vip:5555/tvbox/lib/vip18/vip18.json",
    "updateTime": 1717763764735
  },
  {
    "api": "http://jcspcj8.com/sapi?ac\u003dlist",
    "apiDetail": "http://jcspcj8.com/sapi?ac\u003dlist\u0026ac\u003ddetail\u0026ids\u003d",
    "apiDetailJiexiUrl": "",
    "apiDetailParsePlayUrlTemplate": 0,
    "apiDetailParseTemplate": 0,
    "apiDetailParseType": 0,
    "apiSearch": "http://jcspcj8.com/sapi?ac\u003dlist\u0026ac\u003dlist\u0026wd\u003d",
    "apiSearchParseTemplate": 0,
    "apiSearchParseType": 0,
    "apiType": 1,
    "createTime": 1717763764735,
    "enable": true,
    "group": "tvbox",
    "id": 0,
    "isActive": true,
    "isFound": true,
    "key": "♥️久草资源",
    "name": "♥️久草资源",
    "searchable": 1,
    "sort": 50,
    "tvBoxParseType": 0,
    "tvboxClickSelector": "",
    "tvboxLocalSpiderPath": "/storage/emulated/0/Android/data/com.wbg.video/files/TvBox/52A01024F1A5B5BAF3767F6F524EF764.jar",
    "tvboxRemoteSpiderUrl": "http://liulian1993.vip:5555/tvbox/lib/vip18/Yoursmile.jar",
    "tvboxUrl": "http://liulian1993.vip:5555/tvbox/lib/vip18/vip18.json",
    "updateTime": 1717763764735
  },
  {
    "api": "https://www.partnersky-horoskop.com/api.php/provide/vod/",
    "apiDetail": "https://www.partnersky-horoskop.com/api.php/provide/vod/?ac\u003ddetail\u0026ids\u003d",
    "apiDetailJiexiUrl": "",
    "apiDetailParsePlayUrlTemplate": 0,
    "apiDetailParseTemplate": 0,
    "apiDetailParseType": 1,
    "apiSearch": "https://www.partnersky-horoskop.com/api.php/provide/vod/?ac\u003dlist\u0026wd\u003d",
    "apiSearchParseTemplate": 0,
    "apiSearchParseType": 1,
    "apiType": 1,
    "createTime": 1717763764735,
    "enable": true,
    "group": "tvbox",
    "id": 0,
    "isActive": true,
    "isFound": true,
    "key": "♥️皇冠资源",
    "name": "♥️皇冠资源",
    "searchable": 1,
    "sort": 50,
    "tvBoxParseType": 1,
    "tvboxClickSelector": "",
    "tvboxLocalSpiderPath": "/storage/emulated/0/Android/data/com.wbg.video/files/TvBox/52A01024F1A5B5BAF3767F6F524EF764.jar",
    "tvboxRemoteSpiderUrl": "http://liulian1993.vip:5555/tvbox/lib/vip18/Yoursmile.jar",
    "tvboxUrl": "http://liulian1993.vip:5555/tvbox/lib/vip18/vip18.json",
    "updateTime": 1717763764735
  },
  {
    "api": "http://bttcj.com/inc/sapi.php",
    "apiDetail": "http://bttcj.com/inc/sapi.php?ac\u003ddetail\u0026ids\u003d",
    "apiDetailJiexiUrl": "",
    "apiDetailParsePlayUrlTemplate": 0,
    "apiDetailParseTemplate": 0,
    "apiDetailParseType": 0,
    "apiSearch": "http://bttcj.com/inc/sapi.php?ac\u003dlist\u0026wd\u003d",
    "apiSearchParseTemplate": 0,
    "apiSearchParseType": 0,
    "apiType": 1,
    "createTime": 1717763764736,
    "enable": true,
    "group": "tvbox",
    "id": 0,
    "isActive": true,
    "isFound": true,
    "key": "❤博天堂",
    "name": "❤博天堂资源1",
    "searchable": 1,
    "sort": 50,
    "tvBoxParseType": 0,
    "tvboxClickSelector": "",
    "tvboxLocalSpiderPath": "/storage/emulated/0/Android/data/com.wbg.video/files/TvBox/52A01024F1A5B5BAF3767F6F524EF764.jar",
    "tvboxRemoteSpiderUrl": "http://liulian1993.vip:5555/tvbox/lib/vip18/Yoursmile.jar",
    "tvboxUrl": "http://liulian1993.vip:5555/tvbox/lib/vip18/vip18.json",
    "updateTime": 1717763764736
  },
  {
    "api": "https://dadiapi.com/api.php/",
    "apiDetail": "https://dadiapi.com/api.php/?ac\u003ddetail\u0026ids\u003d",
    "apiDetailJiexiUrl": "",
    "apiDetailParsePlayUrlTemplate": 0,
    "apiDetailParseTemplate": 0,
    "apiDetailParseType": 0,
    "apiSearch": "https://dadiapi.com/api.php/?ac\u003dlist\u0026wd\u003d",
    "apiSearchParseTemplate": 0,
    "apiSearchParseType": 0,
    "apiType": 1,
    "createTime": 1717763764736,
    "enable": true,
    "group": "tvbox",
    "id": 0,
    "isActive": true,
    "isFound": true,
    "key": "♥️大地资源",
    "name": "♥️大地资源",
    "searchable": 1,
    "sort": 50,
    "tvBoxParseType": 0,
    "tvboxClickSelector": "",
    "tvboxLocalSpiderPath": "/storage/emulated/0/Android/data/com.wbg.video/files/TvBox/52A01024F1A5B5BAF3767F6F524EF764.jar",
    "tvboxRemoteSpiderUrl": "http://liulian1993.vip:5555/tvbox/lib/vip18/Yoursmile.jar",
    "tvboxUrl": "http://liulian1993.vip:5555/tvbox/lib/vip18/vip18.json",
    "updateTime": 1717763764736
  },
  {
    "api": "https://www.msnii.com/api/xml.php",
    "apiDetail": "https://www.msnii.com/api/xml.php?ac\u003ddetail\u0026ids\u003d",
    "apiDetailJiexiUrl": "",
    "apiDetailParsePlayUrlTemplate": 0,
    "apiDetailParseTemplate": 0,
    "apiDetailParseType": 0,
    "apiSearch": "https://www.msnii.com/api/xml.php?ac\u003dlist\u0026wd\u003d",
    "apiSearchParseTemplate": 0,
    "apiSearchParseType": 0,
    "apiType": 1,
    "createTime": 1717763764736,
    "enable": true,
    "group": "tvbox",
    "id": 0,
    "isActive": true,
    "isFound": true,
    "key": "美少女",
    "name": "🈴美少女",
    "searchable": 1,
    "sort": 50,
    "tvBoxParseType": 0,
    "tvboxClickSelector": "",
    "tvboxLocalSpiderPath": "/storage/emulated/0/Android/data/com.wbg.video/files/TvBox/52A01024F1A5B5BAF3767F6F524EF764.jar",
    "tvboxRemoteSpiderUrl": "http://liulian1993.vip:5555/tvbox/lib/vip18/Yoursmile.jar",
    "tvboxUrl": "http://liulian1993.vip:5555/tvbox/lib/vip18/vip18.json",
    "updateTime": 1717763764736
  },
  {
    "api": "http://bttcj.com/inc/sapi.php?ac\u003dlist",
    "apiDetail": "http://bttcj.com/inc/sapi.php?ac\u003dlist\u0026ac\u003ddetail\u0026ids\u003d",
    "apiDetailJiexiUrl": "",
    "apiDetailParsePlayUrlTemplate": 0,
    "apiDetailParseTemplate": 0,
    "apiDetailParseType": 0,
    "apiSearch": "http://bttcj.com/inc/sapi.php?ac\u003dlist\u0026ac\u003dlist\u0026wd\u003d",
    "apiSearchParseTemplate": 0,
    "apiSearchParseType": 0,
    "apiType": 1,
    "createTime": 1717763764736,
    "enable": true,
    "group": "tvbox",
    "id": 0,
    "isActive": true,
    "isFound": true,
    "key": "♥️博天堂2",
    "name": "♥️博天堂资源2",
    "searchable": 1,
    "sort": 50,
    "tvBoxParseType": 0,
    "tvboxClickSelector": "",
    "tvboxLocalSpiderPath": "/storage/emulated/0/Android/data/com.wbg.video/files/TvBox/52A01024F1A5B5BAF3767F6F524EF764.jar",
    "tvboxRemoteSpiderUrl": "http://liulian1993.vip:5555/tvbox/lib/vip18/Yoursmile.jar",
    "tvboxUrl": "http://liulian1993.vip:5555/tvbox/lib/vip18/vip18.json",
    "updateTime": 1717763764736
  },
  {
    "api": "https://www.kxgav.com/api/xml.php",
    "apiDetail": "https://www.kxgav.com/api/xml.php?ac\u003ddetail\u0026ids\u003d",
    "apiDetailJiexiUrl": "",
    "apiDetailParsePlayUrlTemplate": 0,
    "apiDetailParseTemplate": 0,
    "apiDetailParseType": 0,
    "apiSearch": "https://www.kxgav.com/api/xml.php?ac\u003dlist\u0026wd\u003d",
    "apiSearchParseTemplate": 0,
    "apiSearchParseType": 0,
    "apiType": 1,
    "createTime": 1717763764737,
    "enable": true,
    "group": "tvbox",
    "id": 0,
    "isActive": true,
    "isFound": true,
    "key": "*白嫖资源",
    "name": "🈴白嫖资源",
    "searchable": 1,
    "sort": 50,
    "tvBoxParseType": 0,
    "tvboxClickSelector": "",
    "tvboxLocalSpiderPath": "/storage/emulated/0/Android/data/com.wbg.video/files/TvBox/52A01024F1A5B5BAF3767F6F524EF764.jar",
    "tvboxRemoteSpiderUrl": "http://liulian1993.vip:5555/tvbox/lib/vip18/Yoursmile.jar",
    "tvboxUrl": "http://liulian1993.vip:5555/tvbox/lib/vip18/vip18.json",
    "updateTime": 1717763764737
  },
  {
    "api": "https://www.xrbsp.com/api/xml.php",
    "apiDetail": "https://www.xrbsp.com/api/xml.php?ac\u003ddetail\u0026ids\u003d",
    "apiDetailJiexiUrl": "",
    "apiDetailParsePlayUrlTemplate": 0,
    "apiDetailParseTemplate": 0,
    "apiDetailParseType": 0,
    "apiSearch": "https://www.xrbsp.com/api/xml.php?ac\u003dlist\u0026wd\u003d",
    "apiSearchParseTemplate": 0,
    "apiSearchParseType": 0,
    "apiType": 1,
    "createTime": 1717763764737,
    "enable": true,
    "group": "tvbox",
    "id": 0,
    "isActive": true,
    "isFound": true,
    "key": "*淫水机资源",
    "name": "🈴淫水机",
    "searchable": 1,
    "sort": 50,
    "tvBoxParseType": 0,
    "tvboxClickSelector": "",
    "tvboxLocalSpiderPath": "/storage/emulated/0/Android/data/com.wbg.video/files/TvBox/52A01024F1A5B5BAF3767F6F524EF764.jar",
    "tvboxRemoteSpiderUrl": "http://liulian1993.vip:5555/tvbox/lib/vip18/Yoursmile.jar",
    "tvboxUrl": "http://liulian1993.vip:5555/tvbox/lib/vip18/vip18.json",
    "updateTime": 1717763764737
  },
  {
    "api": "https://www.afasu.com/api/xml.php",
    "apiDetail": "https://www.afasu.com/api/xml.php?ac\u003ddetail\u0026ids\u003d",
    "apiDetailJiexiUrl": "",
    "apiDetailParsePlayUrlTemplate": 0,
    "apiDetailParseTemplate": 0,
    "apiDetailParseType": 0,
    "apiSearch": "https://www.afasu.com/api/xml.php?ac\u003dlist\u0026wd\u003d",
    "apiSearchParseTemplate": 0,
    "apiSearchParseType": 0,
    "apiType": 1,
    "createTime": 1717763764737,
    "enable": true,
    "group": "tvbox",
    "id": 0,
    "isActive": true,
    "isFound": true,
    "key": "*小湿妹资源",
    "name": "🈴小湿妹",
    "searchable": 1,
    "sort": 50,
    "tvBoxParseType": 0,
    "tvboxClickSelector": "",
    "tvboxLocalSpiderPath": "/storage/emulated/0/Android/data/com.wbg.video/files/TvBox/52A01024F1A5B5BAF3767F6F524EF764.jar",
    "tvboxRemoteSpiderUrl": "http://liulian1993.vip:5555/tvbox/lib/vip18/Yoursmile.jar",
    "tvboxUrl": "http://liulian1993.vip:5555/tvbox/lib/vip18/vip18.json",
    "updateTime": 1717763764737
  },
  {
    "api": "https://www.gdlsp.com/api/xml.php",
    "apiDetail": "https://www.gdlsp.com/api/xml.php?ac\u003ddetail\u0026ids\u003d",
    "apiDetailJiexiUrl": "",
    "apiDetailParsePlayUrlTemplate": 0,
    "apiDetailParseTemplate": 0,
    "apiDetailParseType": 0,
    "apiSearch": "https://www.gdlsp.com/api/xml.php?ac\u003dlist\u0026wd\u003d",
    "apiSearchParseTemplate": 0,
    "apiSearchParseType": 0,
    "apiType": 1,
    "createTime": 1717763764737,
    "enable": true,
    "group": "tvbox",
    "id": 0,
    "isActive": true,
    "isFound": true,
    "key": "*香奶儿资源",
    "name": "🈴香奶儿",
    "searchable": 1,
    "sort": 50,
    "tvBoxParseType": 0,
    "tvboxClickSelector": "",
    "tvboxLocalSpiderPath": "/storage/emulated/0/Android/data/com.wbg.video/files/TvBox/52A01024F1A5B5BAF3767F6F524EF764.jar",
    "tvboxRemoteSpiderUrl": "http://liulian1993.vip:5555/tvbox/lib/vip18/Yoursmile.jar",
    "tvboxUrl": "http://liulian1993.vip:5555/tvbox/lib/vip18/vip18.json",
    "updateTime": 1717763764737
  },
  {
    "api": "https://api.maozyapi.com/inc/api.php",
    "apiDetail": "https://api.maozyapi.com/inc/api.php?ac\u003ddetail\u0026ids\u003d",
    "apiDetailJiexiUrl": "",
    "apiDetailParsePlayUrlTemplate": 0,
    "apiDetailParseTemplate": 0,
    "apiDetailParseType": 0,
    "apiSearch": "https://api.maozyapi.com/inc/api.php?ac\u003dlist\u0026wd\u003d",
    "apiSearchParseTemplate": 0,
    "apiSearchParseType": 0,
    "apiType": 1,
    "createTime": 1717763764738,
    "enable": true,
    "group": "tvbox",
    "id": 0,
    "isActive": true,
    "isFound": true,
    "key": "*色猫资源",
    "name": "🈴色猫资源1",
    "searchable": 1,
    "sort": 50,
    "tvBoxParseType": 0,
    "tvboxClickSelector": "",
    "tvboxLocalSpiderPath": "/storage/emulated/0/Android/data/com.wbg.video/files/TvBox/52A01024F1A5B5BAF3767F6F524EF764.jar",
    "tvboxRemoteSpiderUrl": "http://liulian1993.vip:5555/tvbox/lib/vip18/Yoursmile.jar",
    "tvboxUrl": "http://liulian1993.vip:5555/tvbox/lib/vip18/vip18.json",
    "updateTime": 1717763764738
  },
  {
    "api": "https://jkunzyapi.com/api.php/provide/vod/",
    "apiDetail": "https://jkunzyapi.com/api.php/provide/vod/?ac\u003ddetail\u0026ids\u003d",
    "apiDetailJiexiUrl": "",
    "apiDetailParsePlayUrlTemplate": 0,
    "apiDetailParseTemplate": 0,
    "apiDetailParseType": 1,
    "apiSearch": "https://jkunzyapi.com/api.php/provide/vod/?ac\u003dlist\u0026wd\u003d",
    "apiSearchParseTemplate": 0,
    "apiSearchParseType": 1,
    "apiType": 1,
    "createTime": 1717763764738,
    "enable": true,
    "group": "tvbox",
    "id": 0,
    "isActive": true,
    "isFound": true,
    "key": "鸡坤资源",
    "name": "🔞鸡坤资源",
    "searchable": 1,
    "sort": 50,
    "tvBoxParseType": 1,
    "tvboxClickSelector": "",
    "tvboxLocalSpiderPath": "/storage/emulated/0/Android/data/com.wbg.video/files/TvBox/52A01024F1A5B5BAF3767F6F524EF764.jar",
    "tvboxRemoteSpiderUrl": "http://liulian1993.vip:5555/tvbox/lib/vip18/Yoursmile.jar",
    "tvboxUrl": "http://liulian1993.vip:5555/tvbox/lib/vip18/vip18.json",
    "updateTime": 1717763764738
  },
  {
    "api": "http://dadiapi.com/api.php",
    "apiDetail": "http://dadiapi.com/api.php?ac\u003ddetail\u0026ids\u003d",
    "apiDetailJiexiUrl": "",
    "apiDetailParsePlayUrlTemplate": 0,
    "apiDetailParseTemplate": 0,
    "apiDetailParseType": 0,
    "apiSearch": "http://dadiapi.com/api.php?ac\u003dlist\u0026wd\u003d",
    "apiSearchParseTemplate": 0,
    "apiSearchParseType": 0,
    "apiType": 1,
    "createTime": 1717763764738,
    "enable": true,
    "group": "tvbox",
    "id": 0,
    "isActive": true,
    "isFound": true,
    "key": "dadiapi.com",
    "name": "🚸成人one",
    "searchable": 1,
    "sort": 50,
    "tvBoxParseType": 0,
    "tvboxClickSelector": "",
    "tvboxLocalSpiderPath": "/storage/emulated/0/Android/data/com.wbg.video/files/TvBox/52A01024F1A5B5BAF3767F6F524EF764.jar",
    "tvboxRemoteSpiderUrl": "http://liulian1993.vip:5555/tvbox/lib/vip18/Yoursmile.jar",
    "tvboxUrl": "http://liulian1993.vip:5555/tvbox/lib/vip18/vip18.json",
    "updateTime": 1717763764738
  },
  {
    "api": "https://apiyutu.com/api.php/provide/vod/",
    "apiDetail": "https://apiyutu.com/api.php/provide/vod/?ac\u003ddetail\u0026ids\u003d",
    "apiDetailJiexiUrl": "",
    "apiDetailParsePlayUrlTemplate": 0,
    "apiDetailParseTemplate": 0,
    "apiDetailParseType": 1,
    "apiSearch": "https://apiyutu.com/api.php/provide/vod/?ac\u003dlist\u0026wd\u003d",
    "apiSearchParseTemplate": 0,
    "apiSearchParseType": 1,
    "apiType": 1,
    "createTime": 1717763764738,
    "enable": true,
    "group": "tvbox",
    "id": 0,
    "isActive": true,
    "isFound": true,
    "key": "玉兔专场",
    "name": "🚸玉兔采集",
    "searchable": 1,
    "sort": 50,
    "tvBoxParseType": 1,
    "tvboxClickSelector": "",
    "tvboxLocalSpiderPath": "/storage/emulated/0/Android/data/com.wbg.video/files/TvBox/52A01024F1A5B5BAF3767F6F524EF764.jar",
    "tvboxRemoteSpiderUrl": "http://liulian1993.vip:5555/tvbox/lib/vip18/Yoursmile.jar",
    "tvboxUrl": "http://liulian1993.vip:5555/tvbox/lib/vip18/vip18.json",
    "updateTime": 1717763764738
  },
  {
    "api": "https://beiyong.slapibf.com/api.php/provide/vod/?ac\u003dlist",
    "apiDetail": "https://beiyong.slapibf.com/api.php/provide/vod/?ac\u003dlist\u0026ac\u003ddetail\u0026ids\u003d",
    "apiDetailJiexiUrl": "",
    "apiDetailParsePlayUrlTemplate": 0,
    "apiDetailParseTemplate": 0,
    "apiDetailParseType": 1,
    "apiSearch": "https://beiyong.slapibf.com/api.php/provide/vod/?ac\u003dlist\u0026ac\u003dlist\u0026wd\u003d",
    "apiSearchParseTemplate": 0,
    "apiSearchParseType": 1,
    "apiType": 1,
    "createTime": 1717763764739,
    "enable": true,
    "group": "tvbox",
    "id": 0,
    "isActive": true,
    "isFound": true,
    "key": "♥️森林专场",
    "name": "♥️森林采集",
    "searchable": 1,
    "sort": 50,
    "tvBoxParseType": 1,
    "tvboxClickSelector": "",
    "tvboxLocalSpiderPath": "/storage/emulated/0/Android/data/com.wbg.video/files/TvBox/52A01024F1A5B5BAF3767F6F524EF764.jar",
    "tvboxRemoteSpiderUrl": "http://liulian1993.vip:5555/tvbox/lib/vip18/Yoursmile.jar",
    "tvboxUrl": "http://liulian1993.vip:5555/tvbox/lib/vip18/vip18.json",
    "updateTime": 1717763764739
  },
  {
    "api": "https://dadiapi.com/api.php",
    "apiDetail": "https://dadiapi.com/api.php?ac\u003ddetail\u0026ids\u003d",
    "apiDetailJiexiUrl": "",
    "apiDetailParsePlayUrlTemplate": 0,
    "apiDetailParseTemplate": 0,
    "apiDetailParseType": 0,
    "apiSearch": "https://dadiapi.com/api.php?ac\u003dlist\u0026wd\u003d",
    "apiSearchParseTemplate": 0,
    "apiSearchParseType": 0,
    "apiType": 1,
    "createTime": 1717763764741,
    "enable": true,
    "group": "tvbox",
    "id": 0,
    "isActive": true,
    "isFound": true,
    "key": "大地专场",
    "name": "🚸大地采集",
    "searchable": 1,
    "sort": 50,
    "tvBoxParseType": 0,
    "tvboxClickSelector": "",
    "tvboxLocalSpiderPath": "/storage/emulated/0/Android/data/com.wbg.video/files/TvBox/52A01024F1A5B5BAF3767F6F524EF764.jar",
    "tvboxRemoteSpiderUrl": "http://liulian1993.vip:5555/tvbox/lib/vip18/Yoursmile.jar",
    "tvboxUrl": "http://liulian1993.vip:5555/tvbox/lib/vip18/vip18.json",
    "updateTime": 1717763764741
  },
  {
    "api": "https://caiji.semaozy.net/inc/apijson_vod.php/",
    "apiDetail": "https://caiji.semaozy.net/inc/apijson_vod.php/?ac\u003ddetail\u0026ids\u003d",
    "apiDetailJiexiUrl": "",
    "apiDetailParsePlayUrlTemplate": 0,
    "apiDetailParseTemplate": 0,
    "apiDetailParseType": 1,
    "apiSearch": "https://caiji.semaozy.net/inc/apijson_vod.php/?ac\u003dlist\u0026wd\u003d",
    "apiSearchParseTemplate": 0,
    "apiSearchParseType": 1,
    "apiType": 1,
    "createTime": 1717763764742,
    "enable": true,
    "group": "tvbox",
    "id": 0,
    "isActive": true,
    "isFound": true,
    "key": "色猫",
    "name": "🚸色猫采集",
    "searchable": 1,
    "sort": 50,
    "tvBoxParseType": 1,
    "tvboxClickSelector": "",
    "tvboxLocalSpiderPath": "/storage/emulated/0/Android/data/com.wbg.video/files/TvBox/52A01024F1A5B5BAF3767F6F524EF764.jar",
    "tvboxRemoteSpiderUrl": "http://liulian1993.vip:5555/tvbox/lib/vip18/Yoursmile.jar",
    "tvboxUrl": "http://liulian1993.vip:5555/tvbox/lib/vip18/vip18.json",
    "updateTime": 1717763764742
  },
  {
    "api": "http://dadiapi.com/api.php",
    "apiDetail": "http://dadiapi.com/api.php?ac\u003ddetail\u0026ids\u003d",
    "apiDetailJiexiUrl": "",
    "apiDetailParsePlayUrlTemplate": 0,
    "apiDetailParseTemplate": 0,
    "apiDetailParseType": 0,
    "apiSearch": "http://dadiapi.com/api.php?ac\u003dlist\u0026wd\u003d",
    "apiSearchParseTemplate": 0,
    "apiSearchParseType": 0,
    "apiType": 1,
    "createTime": 1717763764742,
    "enable": true,
    "group": "tvbox",
    "id": 0,
    "isActive": true,
    "isFound": true,
    "key": "dadiapi1.com",
    "name": "🈶成人01",
    "searchable": 1,
    "sort": 50,
    "tvBoxParseType": 0,
    "tvboxClickSelector": "",
    "tvboxLocalSpiderPath": "/storage/emulated/0/Android/data/com.wbg.video/files/TvBox/52A01024F1A5B5BAF3767F6F524EF764.jar",
    "tvboxRemoteSpiderUrl": "http://liulian1993.vip:5555/tvbox/lib/vip18/Yoursmile.jar",
    "tvboxUrl": "http://liulian1993.vip:5555/tvbox/lib/vip18/vip18.json",
    "updateTime": 1717763764742
  },
  {
    "api": "http://cjmygzy.com//inc/sapi.php?ac\u003dlist",
    "apiDetail": "http://cjmygzy.com//inc/sapi.php?ac\u003dlist\u0026ac\u003ddetail\u0026ids\u003d",
    "apiDetailJiexiUrl": "",
    "apiDetailParsePlayUrlTemplate": 0,
    "apiDetailParseTemplate": 0,
    "apiDetailParseType": 0,
    "apiSearch": "http://cjmygzy.com//inc/sapi.php?ac\u003dlist\u0026ac\u003dlist\u0026wd\u003d",
    "apiSearchParseTemplate": 0,
    "apiSearchParseType": 0,
    "apiType": 1,
    "createTime": 1717763764742,
    "enable": true,
    "group": "tvbox",
    "id": 0,
    "isActive": true,
    "isFound": true,
    "key": "♥️狼少年1",
    "name": "♥️狼少年1",
    "searchable": 1,
    "sort": 50,
    "tvBoxParseType": 0,
    "tvboxClickSelector": "",
    "tvboxLocalSpiderPath": "/storage/emulated/0/Android/data/com.wbg.video/files/TvBox/52A01024F1A5B5BAF3767F6F524EF764.jar",
    "tvboxRemoteSpiderUrl": "http://liulian1993.vip:5555/tvbox/lib/vip18/Yoursmile.jar",
    "tvboxUrl": "http://liulian1993.vip:5555/tvbox/lib/vip18/vip18.json",
    "updateTime": 1717763764742
  },
  {
    "api": "http://cjmygzy.com/inc/sapi.php?ac\u003dvideolist",
    "apiDetail": "http://cjmygzy.com/inc/sapi.php?ac\u003dvideolist\u0026ac\u003ddetail\u0026ids\u003d",
    "apiDetailJiexiUrl": "",
    "apiDetailParsePlayUrlTemplate": 0,
    "apiDetailParseTemplate": 0,
    "apiDetailParseType": 0,
    "apiSearch": "http://cjmygzy.com/inc/sapi.php?ac\u003dvideolist\u0026ac\u003dlist\u0026wd\u003d",
    "apiSearchParseTemplate": 0,
    "apiSearchParseType": 0,
    "apiType": 1,
    "createTime": 1717763764742,
    "enable": true,
    "group": "tvbox",
    "id": 0,
    "isActive": true,
    "isFound": true,
    "key": "♥️狼少年2",
    "name": "♥️狼少年2",
    "searchable": 1,
    "sort": 50,
    "tvBoxParseType": 0,
    "tvboxClickSelector": "",
    "tvboxLocalSpiderPath": "/storage/emulated/0/Android/data/com.wbg.video/files/TvBox/52A01024F1A5B5BAF3767F6F524EF764.jar",
    "tvboxRemoteSpiderUrl": "http://liulian1993.vip:5555/tvbox/lib/vip18/Yoursmile.jar",
    "tvboxUrl": "http://liulian1993.vip:5555/tvbox/lib/vip18/vip18.json",
    "updateTime": 1717763764742
  },
  {
    "api": "http://bttcj.com/inc/sapi.php",
    "apiDetail": "http://bttcj.com/inc/sapi.php?ac\u003ddetail\u0026ids\u003d",
    "apiDetailJiexiUrl": "",
    "apiDetailParsePlayUrlTemplate": 0,
    "apiDetailParseTemplate": 0,
    "apiDetailParseType": 0,
    "apiSearch": "http://bttcj.com/inc/sapi.php?ac\u003dlist\u0026wd\u003d",
    "apiSearchParseTemplate": 0,
    "apiSearchParseType": 0,
    "apiType": 1,
    "createTime": 1717763764743,
    "enable": true,
    "group": "tvbox",
    "id": 0,
    "isActive": true,
    "isFound": true,
    "key": "bttcj.com",
    "name": "🈶成人07",
    "searchable": 1,
    "sort": 50,
    "tvBoxParseType": 0,
    "tvboxClickSelector": "",
    "tvboxLocalSpiderPath": "/storage/emulated/0/Android/data/com.wbg.video/files/TvBox/52A01024F1A5B5BAF3767F6F524EF764.jar",
    "tvboxRemoteSpiderUrl": "http://liulian1993.vip:5555/tvbox/lib/vip18/Yoursmile.jar",
    "tvboxUrl": "http://liulian1993.vip:5555/tvbox/lib/vip18/vip18.json",
    "updateTime": 1717763764743
  },
  {
    "api": "https://api.sexnguon.com/api.php/provide/vod/",
    "apiDetail": "https://api.sexnguon.com/api.php/provide/vod/?ac\u003ddetail\u0026ids\u003d",
    "apiDetailJiexiUrl": "",
    "apiDetailParsePlayUrlTemplate": 0,
    "apiDetailParseTemplate": 0,
    "apiDetailParseType": 1,
    "apiSearch": "https://api.sexnguon.com/api.php/provide/vod/?ac\u003dlist\u0026wd\u003d",
    "apiSearchParseTemplate": 0,
    "apiSearchParseType": 1,
    "apiType": 1,
    "createTime": 1717763764743,
    "enable": true,
    "group": "tvbox",
    "id": 0,
    "isActive": true,
    "isFound": true,
    "key": "❤色南国",
    "name": "❤色南国资源",
    "searchable": 1,
    "sort": 50,
    "tvBoxParseType": 1,
    "tvboxClickSelector": "",
    "tvboxLocalSpiderPath": "/storage/emulated/0/Android/data/com.wbg.video/files/TvBox/52A01024F1A5B5BAF3767F6F524EF764.jar",
    "tvboxRemoteSpiderUrl": "http://liulian1993.vip:5555/tvbox/lib/vip18/Yoursmile.jar",
    "tvboxUrl": "http://liulian1993.vip:5555/tvbox/lib/vip18/vip18.json",
    "updateTime": 1717763764743
  },
  {
    "api": "https://api.maozyapi.com/inc/apijson_vod.php",
    "apiDetail": "https://api.maozyapi.com/inc/apijson_vod.php?ac\u003ddetail\u0026ids\u003d",
    "apiDetailJiexiUrl": "",
    "apiDetailParsePlayUrlTemplate": 0,
    "apiDetailParseTemplate": 0,
    "apiDetailParseType": 1,
    "apiSearch": "https://api.maozyapi.com/inc/apijson_vod.php?ac\u003dlist\u0026wd\u003d",
    "apiSearchParseTemplate": 0,
    "apiSearchParseType": 1,
    "apiType": 1,
    "createTime": 1717763764743,
    "enable": true,
    "group": "tvbox",
    "id": 0,
    "isActive": true,
    "isFound": true,
    "key": "api.maozyapi.com",
    "name": "♥️色猫资源2",
    "searchable": 1,
    "sort": 50,
    "tvBoxParseType": 1,
    "tvboxClickSelector": "",
    "tvboxLocalSpiderPath": "/storage/emulated/0/Android/data/com.wbg.video/files/TvBox/52A01024F1A5B5BAF3767F6F524EF764.jar",
    "tvboxRemoteSpiderUrl": "http://liulian1993.vip:5555/tvbox/lib/vip18/Yoursmile.jar",
    "tvboxUrl": "http://liulian1993.vip:5555/tvbox/lib/vip18/vip18.json",
    "updateTime": 1717763764743
  },
  {
    "api": "https://www.pgxdy.com/api/xml.php",
    "apiDetail": "https://www.pgxdy.com/api/xml.php?ac\u003ddetail\u0026ids\u003d",
    "apiDetailJiexiUrl": "",
    "apiDetailParsePlayUrlTemplate": 0,
    "apiDetailParseTemplate": 0,
    "apiDetailParseType": 0,
    "apiSearch": "https://www.pgxdy.com/api/xml.php?ac\u003dlist\u0026wd\u003d",
    "apiSearchParseTemplate": 0,
    "apiSearchParseType": 0,
    "apiType": 1,
    "createTime": 1717763764743,
    "enable": true,
    "group": "tvbox",
    "id": 0,
    "isActive": true,
    "isFound": true,
    "key": "pgxdy.com",
    "name": "🈶成人39",
    "searchable": 1,
    "sort": 50,
    "tvBoxParseType": 0,
    "tvboxClickSelector": "",
    "tvboxLocalSpiderPath": "/storage/emulated/0/Android/data/com.wbg.video/files/TvBox/52A01024F1A5B5BAF3767F6F524EF764.jar",
    "tvboxRemoteSpiderUrl": "http://liulian1993.vip:5555/tvbox/lib/vip18/Yoursmile.jar",
    "tvboxUrl": "http://liulian1993.vip:5555/tvbox/lib/vip18/vip18.json",
    "updateTime": 1717763764743
  },
  {
    "api": "https://www.msnii.com/api/xml.php",
    "apiDetail": "https://www.msnii.com/api/xml.php?ac\u003ddetail\u0026ids\u003d",
    "apiDetailJiexiUrl": "",
    "apiDetailParsePlayUrlTemplate": 0,
    "apiDetailParseTemplate": 0,
    "apiDetailParseType": 0,
    "apiSearch": "https://www.msnii.com/api/xml.php?ac\u003dlist\u0026wd\u003d",
    "apiSearchParseTemplate": 0,
    "apiSearchParseType": 0,
    "apiType": 1,
    "createTime": 1717763764744,
    "enable": true,
    "group": "tvbox",
    "id": 0,
    "isActive": true,
    "isFound": true,
    "key": "msnii.com",
    "name": "🈶成人40",
    "searchable": 1,
    "sort": 50,
    "tvBoxParseType": 0,
    "tvboxClickSelector": "",
    "tvboxLocalSpiderPath": "/storage/emulated/0/Android/data/com.wbg.video/files/TvBox/52A01024F1A5B5BAF3767F6F524EF764.jar",
    "tvboxRemoteSpiderUrl": "http://liulian1993.vip:5555/tvbox/lib/vip18/Yoursmile.jar",
    "tvboxUrl": "http://liulian1993.vip:5555/tvbox/lib/vip18/vip18.json",
    "updateTime": 1717763764744
  },
  {
    "api": "https://kkzy.me/api.php/provide/vod/",
    "apiDetail": "https://kkzy.me/api.php/provide/vod/?ac\u003ddetail\u0026ids\u003d",
    "apiDetailJiexiUrl": "",
    "apiDetailParsePlayUrlTemplate": 0,
    "apiDetailParseTemplate": 0,
    "apiDetailParseType": 1,
    "apiSearch": "https://kkzy.me/api.php/provide/vod/?ac\u003dlist\u0026wd\u003d",
    "apiSearchParseTemplate": 0,
    "apiSearchParseType": 1,
    "apiType": 1,
    "createTime": 1717763764744,
    "enable": true,
    "group": "tvbox",
    "id": 0,
    "isActive": true,
    "isFound": true,
    "key": "❤KK写真",
    "name": "❤KK写真",
    "searchable": 1,
    "sort": 50,
    "tvBoxParseType": 1,
    "tvboxClickSelector": "",
    "tvboxLocalSpiderPath": "/storage/emulated/0/Android/data/com.wbg.video/files/TvBox/52A01024F1A5B5BAF3767F6F524EF764.jar",
    "tvboxRemoteSpiderUrl": "http://liulian1993.vip:5555/tvbox/lib/vip18/Yoursmile.jar",
    "tvboxUrl": "http://liulian1993.vip:5555/tvbox/lib/vip18/vip18.json",
    "updateTime": 1717763764744
  },
  {
    "api": "https://kkzy.me/api.php/provide/vod/at/xml/",
    "apiDetail": "https://kkzy.me/api.php/provide/vod/at/xml/?ac\u003ddetail\u0026ids\u003d",
    "apiDetailJiexiUrl": "",
    "apiDetailParsePlayUrlTemplate": 0,
    "apiDetailParseTemplate": 0,
    "apiDetailParseType": 0,
    "apiSearch": "https://kkzy.me/api.php/provide/vod/at/xml/?ac\u003dlist\u0026wd\u003d",
    "apiSearchParseTemplate": 0,
    "apiSearchParseType": 0,
    "apiType": 1,
    "createTime": 1717763764744,
    "enable": true,
    "group": "tvbox",
    "id": 0,
    "isActive": true,
    "isFound": true,
    "key": "♥️kk写真2",
    "name": "♥️KK写真2",
    "searchable": 1,
    "sort": 50,
    "tvBoxParseType": 0,
    "tvboxClickSelector": "",
    "tvboxLocalSpiderPath": "/storage/emulated/0/Android/data/com.wbg.video/files/TvBox/52A01024F1A5B5BAF3767F6F524EF764.jar",
    "tvboxRemoteSpiderUrl": "http://liulian1993.vip:5555/tvbox/lib/vip18/Yoursmile.jar",
    "tvboxUrl": "http://liulian1993.vip:5555/tvbox/lib/vip18/vip18.json",
    "updateTime": 1717763764744
  },
  {
    "api": "https://www.xrbsp.com/api/xml.php",
    "apiDetail": "https://www.xrbsp.com/api/xml.php?ac\u003ddetail\u0026ids\u003d",
    "apiDetailJiexiUrl": "",
    "apiDetailParsePlayUrlTemplate": 0,
    "apiDetailParseTemplate": 0,
    "apiDetailParseType": 0,
    "apiSearch": "https://www.xrbsp.com/api/xml.php?ac\u003dlist\u0026wd\u003d",
    "apiSearchParseTemplate": 0,
    "apiSearchParseType": 0,
    "apiType": 1,
    "createTime": 1717763764744,
    "enable": true,
    "group": "tvbox",
    "id": 0,
    "isActive": true,
    "isFound": true,
    "key": "xrbsp.com",
    "name": "🈶成人46",
    "searchable": 1,
    "sort": 50,
    "tvBoxParseType": 0,
    "tvboxClickSelector": "",
    "tvboxLocalSpiderPath": "/storage/emulated/0/Android/data/com.wbg.video/files/TvBox/52A01024F1A5B5BAF3767F6F524EF764.jar",
    "tvboxRemoteSpiderUrl": "http://liulian1993.vip:5555/tvbox/lib/vip18/Yoursmile.jar",
    "tvboxUrl": "http://liulian1993.vip:5555/tvbox/lib/vip18/vip18.json",
    "updateTime": 1717763764744
  },
  {
    "api": "https://www.kxgav.com/api/xml.php",
    "apiDetail": "https://www.kxgav.com/api/xml.php?ac\u003ddetail\u0026ids\u003d",
    "apiDetailJiexiUrl": "",
    "apiDetailParsePlayUrlTemplate": 0,
    "apiDetailParseTemplate": 0,
    "apiDetailParseType": 0,
    "apiSearch": "https://www.kxgav.com/api/xml.php?ac\u003dlist\u0026wd\u003d",
    "apiSearchParseTemplate": 0,
    "apiSearchParseType": 0,
    "apiType": 1,
    "createTime": 1717763764745,
    "enable": true,
    "group": "tvbox",
    "id": 0,
    "isActive": true,
    "isFound": true,
    "key": "kxgav.com",
    "name": "🈶成人48",
    "searchable": 1,
    "sort": 50,
    "tvBoxParseType": 0,
    "tvboxClickSelector": "",
    "tvboxLocalSpiderPath": "/storage/emulated/0/Android/data/com.wbg.video/files/TvBox/52A01024F1A5B5BAF3767F6F524EF764.jar",
    "tvboxRemoteSpiderUrl": "http://liulian1993.vip:5555/tvbox/lib/vip18/Yoursmile.jar",
    "tvboxUrl": "http://liulian1993.vip:5555/tvbox/lib/vip18/vip18.json",
    "updateTime": 1717763764745
  },
  {
    "api": "https://www.gdlsp.com/api/xml.php",
    "apiDetail": "https://www.gdlsp.com/api/xml.php?ac\u003ddetail\u0026ids\u003d",
    "apiDetailJiexiUrl": "",
    "apiDetailParsePlayUrlTemplate": 0,
    "apiDetailParseTemplate": 0,
    "apiDetailParseType": 0,
    "apiSearch": "https://www.gdlsp.com/api/xml.php?ac\u003dlist\u0026wd\u003d",
    "apiSearchParseTemplate": 0,
    "apiSearchParseType": 0,
    "apiType": 1,
    "createTime": 1717763764745,
    "enable": true,
    "group": "tvbox",
    "id": 0,
    "isActive": true,
    "isFound": true,
    "key": "gdlsp.com",
    "name": "🈶成人49",
    "searchable": 1,
    "sort": 50,
    "tvBoxParseType": 0,
    "tvboxClickSelector": "",
    "tvboxLocalSpiderPath": "/storage/emulated/0/Android/data/com.wbg.video/files/TvBox/52A01024F1A5B5BAF3767F6F524EF764.jar",
    "tvboxRemoteSpiderUrl": "http://liulian1993.vip:5555/tvbox/lib/vip18/Yoursmile.jar",
    "tvboxUrl": "http://liulian1993.vip:5555/tvbox/lib/vip18/vip18.json",
    "updateTime": 1717763764745
  },
  {
    "api": "https://caiji.huakuiapi.com/inc/apijson_vod.php",
    "apiDetail": "https://caiji.huakuiapi.com/inc/apijson_vod.php?ac\u003ddetail\u0026ids\u003d",
    "apiDetailJiexiUrl": "",
    "apiDetailParsePlayUrlTemplate": 0,
    "apiDetailParseTemplate": 0,
    "apiDetailParseType": 1,
    "apiSearch": "https://caiji.huakuiapi.com/inc/apijson_vod.php?ac\u003dlist\u0026wd\u003d",
    "apiSearchParseTemplate": 0,
    "apiSearchParseType": 1,
    "apiType": 1,
    "createTime": 1717763764745,
    "enable": true,
    "group": "tvbox",
    "id": 0,
    "isActive": true,
    "isFound": true,
    "key": "*花魁资源",
    "name": "*🔞花魁资源",
    "searchable": 0,
    "sort": 50,
    "tvBoxParseType": 1,
    "tvboxClickSelector": "",
    "tvboxLocalSpiderPath": "/storage/emulated/0/Android/data/com.wbg.video/files/TvBox/52A01024F1A5B5BAF3767F6F524EF764.jar",
    "tvboxRemoteSpiderUrl": "http://liulian1993.vip:5555/tvbox/lib/vip18/Yoursmile.jar",
    "tvboxUrl": "http://liulian1993.vip:5555/tvbox/lib/vip18/vip18.json",
    "updateTime": 1717763764745
  },
  {
    "api": "https://91md.me/api.php/provide/vod/from/mdm3u8/",
    "apiDetail": "https://91md.me/api.php/provide/vod/from/mdm3u8/?ac\u003ddetail\u0026ids\u003d",
    "apiDetailJiexiUrl": "",
    "apiDetailParsePlayUrlTemplate": 0,
    "apiDetailParseTemplate": 0,
    "apiDetailParseType": 1,
    "apiSearch": "https://91md.me/api.php/provide/vod/from/mdm3u8/?ac\u003dlist\u0026wd\u003d",
    "apiSearchParseTemplate": 0,
    "apiSearchParseType": 1,
    "apiType": 1,
    "createTime": 1717763764745,
    "enable": true,
    "group": "tvbox",
    "id": 0,
    "isActive": true,
    "isFound": true,
    "key": "pwd_91md",
    "name": "🔞91麻豆",
    "searchable": 1,
    "sort": 50,
    "tvBoxParseType": 1,
    "tvboxClickSelector": "",
    "tvboxLocalSpiderPath": "/storage/emulated/0/Android/data/com.wbg.video/files/TvBox/52A01024F1A5B5BAF3767F6F524EF764.jar",
    "tvboxRemoteSpiderUrl": "http://liulian1993.vip:5555/tvbox/lib/vip18/Yoursmile.jar",
    "tvboxUrl": "http://liulian1993.vip:5555/tvbox/lib/vip18/vip18.json",
    "updateTime": 1717763764745
  },
  {
    "api": "1",
    "apiDetail": "1",
    "apiDetailJiexiUrl": "",
    "apiDetailParsePlayUrlTemplate": 0,
    "apiDetailParseTemplate": 0,
    "apiDetailParseType": 3,
    "apiSearch": "1",
    "apiSearchParseTemplate": 0,
    "apiSearchParseType": 3,
    "apiType": 1,
    "createTime": 1717763764746,
    "enable": true,
    "group": "tvbox",
    "id": 0,
    "isActive": true,
    "isFound": true,
    "key": "10",
    "name": "📛精选自用且免费📛",
    "searchable": 0,
    "sort": 70,
    "tvBoxParseType": 3,
    "tvboxClickSelector": "",
    "tvboxExt": "",
    "tvboxLocalSpiderPath": "/storage/emulated/0/Android/data/com.wbg.video/files/TvBox/52A01024F1A5B5BAF3767F6F524EF764.jar",
    "tvboxRemoteSpiderUrl": "http://liulian1993.vip:5555/tvbox/lib/vip18/Yoursmile.jar",
    "tvboxUrl": "http://liulian1993.vip:5555/tvbox/lib/vip18/vip18.json",
    "updateTime": 1717763764746
  },
  {
    "api": "1",
    "apiDetail": "1",
    "apiDetailJiexiUrl": "",
    "apiDetailParsePlayUrlTemplate": 0,
    "apiDetailParseTemplate": 0,
    "apiDetailParseType": 3,
    "apiSearch": "1",
    "apiSearchParseTemplate": 0,
    "apiSearchParseType": 3,
    "apiType": 1,
    "createTime": 1717763764746,
    "enable": true,
    "group": "tvbox",
    "id": 0,
    "isActive": true,
    "isFound": true,
    "key": "11",
    "name": "📛请勿付费使用📛",
    "searchable": 0,
    "sort": 70,
    "tvBoxParseType": 3,
    "tvboxClickSelector": "",
    "tvboxExt": "",
    "tvboxLocalSpiderPath": "/storage/emulated/0/Android/data/com.wbg.video/files/TvBox/52A01024F1A5B5BAF3767F6F524EF764.jar",
    "tvboxRemoteSpiderUrl": "http://liulian1993.vip:5555/tvbox/lib/vip18/Yoursmile.jar",
    "tvboxUrl": "http://liulian1993.vip:5555/tvbox/lib/vip18/vip18.json",
    "updateTime": 1717763764746
  }
]