[
  {
    "createTime": 1718420042416,
    "id": 0,
    "updateTime": 1718420042416,
    "url": "http://127.0.0.1:8089/%B3%C9%BA%CE%CC%E5%CD%B301.mp4"
  },
  {
    "createTime": 1718420044361,
    "id": 0,
    "updateTime": 1718420044361,
    "url": ""
  },
  {
    "createTime": 1718447040124,
    "id": 0,
    "updateTime": 1718447040124,
    "url": "https://v3.kuaioss.com/wjv3/202308/24/AzBZNBPwWr2/video/index.m3u8"
  },
  {
    "createTime": 1718750585035,
    "id": 0,
    "updateTime": 1718750585035,
    "url": "https://qn-302-cdn.juquanquanapp.com/90fffd9c129a71ef807f6633b79f0102/3db03712a71940a0bf97731cc041cc67-064a085b477d910bbe9ad3bab98c8db3-ld.mp4?sign\u003dc36ee474524590eee691490531cea5e5\u0026t\u003d666db0ac\u0026clientType\u003dandroid_jqq_HuaWei\u0026clientVersion\u003d1.5.18\u0026parseUsage\u003dJQQ_PLAY\u0026uid\u003d0\u0026rk\u003d4dca7f00f4774f2cae050020c54e2950"
  }
]