{
  "wbg.video.ad.end.date": "2024-06-14",
  "wbg.video.hot.word.tv": "[\"玫瑰的故事\",\"墨雨云间\",\"天堂岛疑云 第十三季\",\"芝加哥警署 第十一季\",\"龙之家族 第二季\",\"金庸武侠世界\",\"看不见影子的少年\",\"庆余年 第二季\",\"我的阿勒泰\",\"黑袍纠察队 第四季\",\"9号秘事 第九季\",\"怦然心动20岁 第四季\",\"黑社会的我成为了高中生\",\"快乐老友记 第二季\",\"天行健\",\"背着善宰跑\",\"人生复本 第一季\",\"时光正好\",\"职业替身\",\"海天雄鹰\"]",
  "wbg.video.hot.word.anime": "[\"你想活出怎样的人生\",\"间谍过家家 代号：白\",\"葬送的芙莉莲\",\"迷宫饭\",\"哈尔的移动城堡\",\"一起来睡觉\",\"憧憬成为魔法少女\",\"排球少年！！垃圾场决战\",\"怪兽8号\",\"鬼灭之刃 柱训练篇\",\"间谍过家家 第二季\",\"药屋少女的呢喃\",\"少女乐队的呐喊\",\"我独自升级\",\"名侦探柯南：黑铁的鱼影\",\"物理魔法使马修 神觉者候补选拔试验篇\",\"明明是个碍事配角、却被王子给宠爱了\",\"哆啦A梦：大雄的地球交响乐\",\"名侦探柯南：百万美元的五棱星\",\"北极百货店的接待员\"]",
  "wbg.video.first.open": false,
  "wbg.video.user.agent": "Mozilla/5.0 (Windows; U; Windows NT 6.0; en-GB; rv:1.9.0.11) Gecko/2009060215 Firefox/3.0.11 (.NET CLR 3.5.30729)",
  "wbg.video.theme.mode": 1,
  "wbg.video.auto.subscribe": false,
  "wbg.video.search.mode": false,
  "wbg.video.hot.word.movie": "[\"排球少年！！垃圾场决战\",\"职业杀手\",\"沙漠大冒险\",\"失落的婴儿\",\"神秘友友\",\"美国内战\",\"末路狂花钱\",\"我们一起摇太阳\",\"窗边的小豆豆\",\"草木人间\",\"特技狂人\",\"野兽\",\"盟军敢死队\",\"去唱卡拉OK吧！\",\"巴黎深渊\",\"母亲的直觉\",\"老狐狸\",\"机动战士高达SEED FREEDOM\",\"凶兆前传\",\"北极百货店的接待员\"]",
  "wbg.video.theme.color.primary": "#3951B7",
  "wbg.video.announcement": "2024-06-20",
  "wsg.video.app.version": "0.1.28",
  "wbg.video.hot.word.variety": "[\"信用中国\",\"五十公里桃花坞第四季\",\"人气美食\",\"金牌调解\",\"这就是中国\",\"传奇故事\",\"养生堂\",\"爱情保卫战\",\"经典传奇\",\"第三调解室\",\"x诊所\",\"新老娘舅\",\"毛雪汪\",\"欢乐集结号\",\"健康大问诊\",\"名医话养生\",\"笑动剧场\",\"群英会\"]",
  "wbg.search.history.keyword": "[\"三国杀\",\"恋爱禁区\",\"另一个天空\",\"恋恋洗衣机\",\"绝对会变成BL的世界VS绝不想变成BL的男人\",\"BL\",\"成何体统\",\"神印王座\",\"完美世界\",\"转生七王子\",\"防风少年\",\"花野\",\"隐世宗门掌教\"]"
}