{
  "wbg.video.hot.word.tv": "[\"墨雨云间\",\"庆余年 第二季\",\"自由大放送：真实监狱实验\",\"看不见影子的少年\",\"我的阿勒泰\",\"狐妖小红娘·月红篇\",\"背着善宰跑\",\"黑社会的我成为了高中生\",\"天行健\",\"驯鹿宝贝\",\"新生\",\"庆余年 第一季\",\"9号秘事 第九季\",\"毕业\",\"职业替身\",\"人生复本 第一季\",\"歌手2024\",\"快乐老友记 第二季\",\"时光正好\",\"鬼灭之刃 柱训练篇\"]",
  "wbg.video.hot.word.anime": "[\"你想活出怎样的人生\",\"间谍过家家 代号：白\",\"葬送的芙莉莲\",\"一起来睡觉\",\"哈尔的移动城堡\",\"迷宫饭\",\"憧憬成为魔法少女\",\"鬼灭之刃 柱训练篇\",\"怪兽8号\",\"间谍过家家 第二季\",\"药屋少女的呢喃\",\"灌篮高手\",\"我独自升级\",\"名侦探柯南：黑铁的鱼影\",\"少女乐队的呐喊\",\"明明是个碍事配角、却被王子给宠爱了\",\"物理魔法使马修 神觉者候补选拔试验篇\",\"忍者神威\",\"排球少年！！垃圾场决战\",\"间谍过家家 第一季\"]",
  "wbg.video.first.open": false,
  "wbg.video.hot.word.movie": "[\"疯狂的麦克斯：狂暴女神\",\"美国内战\",\"坂本龙一：杰作\",\"朱同在三年级丢失了超能力\",\"走走停停\",\"谈判专家\",\"我才不要和你做朋友呢\",\"扫黑·决不放弃\",\"机器人之梦\",\"末路狂花钱\",\"加菲猫家族\",\"今夜，就算这份爱恋从世界上消失\"]",
  "wbg.video.announcement": "2024-06-09",
  "wbg.video.user.agent": "Mozilla/5.0 (Windows; U; WinNT4.0; en-US; rv:1.2b) Gecko/20021001 Phoenix/0.2",
  "wsg.video.app.version": "0.1.28",
  "wbg.video.auto.subscribe": false,
  "wbg.video.hot.word.variety": "[\"龙舟竞渡家国端午\",\"一城不止一味—跟着舌尖去旅行\",\"何以端午\",\"旅行任意门\",\"温暖的客栈乐活季\",\"怦怦蹦蹦大课间\",\"第14届全国海洋知识竞赛\",\"益智工程车玩具动画第三季\",\"人气美食\",\"国风超有戏\",\"猫咖营业中\",\"乘风2024训练室全纪录\",\"信用中国\",\"品质中国\",\"势均力敌的我们\",\"乘风2024\",\"法治在线\",\"小小智慧树\"]"
}