[
  {
    "api": "csp_DouDou",
    "apiDetail": "csp_DouDou",
    "apiDetailJiexiUrl": "",
    "apiDetailParsePlayUrlTemplate": 0,
    "apiDetailParseTemplate": 0,
    "apiDetailParseType": 3,
    "apiSearch": "csp_DouDou",
    "apiSearchParseTemplate": 0,
    "apiSearchParseType": 3,
    "apiType": 1,
    "createTime": 1717893857853,
    "enable": true,
    "group": "tvbox",
    "id": 0,
    "isActive": true,
    "isFound": true,
    "key": "豆豆",
    "name": "公众号【盒子迷】",
    "searchable": 0,
    "sort": 70,
    "tvBoxParseType": 3,
    "tvboxClickSelector": "",
    "tvboxExt": "",
    "tvboxLocalSpiderPath": "/storage/emulated/0/Android/data/com.wbg.video/files/TvBox/B19522668AE5FDAF8D8E62A46191D4F6.jar",
    "tvboxRemoteSpiderUrl": "https://fs-im-kefu.7moor-fs1.com/ly/4d2c3f00-7d4c-11e5-af15-41bf63ae4ea0/1716971833099/fan.txt",
    "tvboxUrl": "https://盒子迷.top/禁止贩卖",
    "updateTime": 1717893857853
  },
  {
    "api": "csp_WoGG",
    "apiDetail": "csp_WoGG",
    "apiDetailJiexiUrl": "",
    "apiDetailParsePlayUrlTemplate": 0,
    "apiDetailParseTemplate": 0,
    "apiDetailParseType": 3,
    "apiSearch": "csp_WoGG",
    "apiSearchParseTemplate": 0,
    "apiSearchParseType": 3,
    "apiType": 1,
    "createTime": 1717893857854,
    "enable": true,
    "group": "tvbox",
    "id": 0,
    "isActive": true,
    "isFound": true,
    "key": "玩偶",
    "name": "👽玩偶哥哥┃4K弹幕",
    "searchable": 1,
    "sort": 70,
    "tvBoxParseType": 3,
    "tvboxClickSelector": "",
    "tvboxExt": "{\"aliToken\":\"tvfan/token.txt\",\"quarkCookie\":\"tvfan/cookie.txt\",\"from\":\"4k|auto|fhd\",\"siteUrl\":\"https://www.wogg.link/\",\"danMu\":\"弹\"}",
    "tvboxLocalSpiderPath": "/storage/emulated/0/Android/data/com.wbg.video/files/TvBox/B19522668AE5FDAF8D8E62A46191D4F6.jar",
    "tvboxRemoteSpiderUrl": "https://fs-im-kefu.7moor-fs1.com/ly/4d2c3f00-7d4c-11e5-af15-41bf63ae4ea0/1716971833099/fan.txt",
    "tvboxUrl": "https://盒子迷.top/禁止贩卖",
    "updateTime": 1717893857854
  },
  {
    "api": "csp_YGP",
    "apiDetail": "csp_YGP",
    "apiDetailJiexiUrl": "",
    "apiDetailParsePlayUrlTemplate": 0,
    "apiDetailParseTemplate": 0,
    "apiDetailParseType": 3,
    "apiSearch": "csp_YGP",
    "apiSearchParseTemplate": 0,
    "apiSearchParseType": 3,
    "apiType": 1,
    "createTime": 1717893857854,
    "enable": true,
    "group": "tvbox",
    "id": 0,
    "isActive": true,
    "isFound": true,
    "key": "YGP",
    "name": "🚀叨观荐影┃新片",
    "searchable": 0,
    "sort": 70,
    "tvBoxParseType": 3,
    "tvboxClickSelector": "",
    "tvboxExt": "",
    "tvboxLocalSpiderPath": "/storage/emulated/0/Android/data/com.wbg.video/files/TvBox/B19522668AE5FDAF8D8E62A46191D4F6.jar",
    "tvboxRemoteSpiderUrl": "https://fs-im-kefu.7moor-fs1.com/ly/4d2c3f00-7d4c-11e5-af15-41bf63ae4ea0/1716971833099/fan.txt",
    "tvboxUrl": "https://盒子迷.top/禁止贩卖",
    "updateTime": 1717893857854
  },
  {
    "api": "csp_Djuu",
    "apiDetail": "csp_Djuu",
    "apiDetailJiexiUrl": "",
    "apiDetailParsePlayUrlTemplate": 0,
    "apiDetailParseTemplate": 0,
    "apiDetailParseType": 3,
    "apiSearch": "csp_Djuu",
    "apiSearchParseTemplate": 0,
    "apiSearchParseType": 3,
    "apiType": 1,
    "createTime": 1717893857855,
    "enable": true,
    "group": "tvbox",
    "id": 0,
    "isActive": true,
    "isFound": true,
    "key": "短剧",
    "name": "🌈上头┃短剧",
    "searchable": 1,
    "sort": 70,
    "tvBoxParseType": 3,
    "tvboxClickSelector": "",
    "tvboxExt": "",
    "tvboxLocalSpiderPath": "/storage/emulated/0/Android/data/com.wbg.video/files/TvBox/B19522668AE5FDAF8D8E62A46191D4F6.jar",
    "tvboxRemoteSpiderUrl": "https://fs-im-kefu.7moor-fs1.com/ly/4d2c3f00-7d4c-11e5-af15-41bf63ae4ea0/1716971833099/fan.txt",
    "tvboxUrl": "https://盒子迷.top/禁止贩卖",
    "updateTime": 1717893857855
  },
  {
    "api": "csp_Kkys",
    "apiDetail": "csp_Kkys",
    "apiDetailJiexiUrl": "",
    "apiDetailParsePlayUrlTemplate": 0,
    "apiDetailParseTemplate": 0,
    "apiDetailParseType": 3,
    "apiSearch": "csp_Kkys",
    "apiSearchParseTemplate": 0,
    "apiSearchParseType": 3,
    "apiType": 1,
    "createTime": 1717893857856,
    "enable": true,
    "group": "tvbox",
    "id": 0,
    "isActive": true,
    "isFound": true,
    "key": "酷看",
    "name": "💡酷看┃秒播",
    "searchable": 1,
    "sort": 70,
    "tvBoxParseType": 3,
    "tvboxClickSelector": "",
    "tvboxExt": "",
    "tvboxLocalSpiderPath": "/storage/emulated/0/Android/data/com.wbg.video/files/TvBox/B19522668AE5FDAF8D8E62A46191D4F6.jar",
    "tvboxRemoteSpiderUrl": "https://fs-im-kefu.7moor-fs1.com/ly/4d2c3f00-7d4c-11e5-af15-41bf63ae4ea0/1716971833099/fan.txt",
    "tvboxUrl": "https://盒子迷.top/禁止贩卖",
    "updateTime": 1717893857856
  },
  {
    "api": "csp_YCyz",
    "apiDetail": "csp_YCyz",
    "apiDetailJiexiUrl": "",
    "apiDetailParsePlayUrlTemplate": 0,
    "apiDetailParseTemplate": 0,
    "apiDetailParseType": 3,
    "apiSearch": "csp_YCyz",
    "apiSearchParseTemplate": 0,
    "apiSearchParseType": 3,
    "apiType": 1,
    "createTime": 1717893857856,
    "enable": true,
    "group": "tvbox",
    "id": 0,
    "isActive": true,
    "isFound": true,
    "key": "原创",
    "name": "☀原创┃不卡",
    "searchable": 1,
    "sort": 70,
    "tvBoxParseType": 3,
    "tvboxClickSelector": "",
    "tvboxExt": "",
    "tvboxLocalSpiderPath": "/storage/emulated/0/Android/data/com.wbg.video/files/TvBox/B19522668AE5FDAF8D8E62A46191D4F6.jar",
    "tvboxRemoteSpiderUrl": "https://fs-im-kefu.7moor-fs1.com/ly/4d2c3f00-7d4c-11e5-af15-41bf63ae4ea0/1716971833099/fan.txt",
    "tvboxUrl": "https://盒子迷.top/禁止贩卖",
    "updateTime": 1717893857856
  },
  {
    "api": "csp_Xinsj",
    "apiDetail": "csp_Xinsj",
    "apiDetailJiexiUrl": "",
    "apiDetailParsePlayUrlTemplate": 0,
    "apiDetailParseTemplate": 0,
    "apiDetailParseType": 3,
    "apiSearch": "csp_Xinsj",
    "apiSearchParseTemplate": 0,
    "apiSearchParseType": 3,
    "apiType": 1,
    "createTime": 1717893857857,
    "enable": true,
    "group": "tvbox",
    "id": 0,
    "isActive": true,
    "isFound": true,
    "key": "视觉",
    "name": "👓视觉┃多线",
    "searchable": 1,
    "sort": 70,
    "tvBoxParseType": 3,
    "tvboxClickSelector": "",
    "tvboxExt": "https://www.80yy3.com/",
    "tvboxLocalSpiderPath": "/storage/emulated/0/Android/data/com.wbg.video/files/TvBox/B19522668AE5FDAF8D8E62A46191D4F6.jar",
    "tvboxRemoteSpiderUrl": "https://fs-im-kefu.7moor-fs1.com/ly/4d2c3f00-7d4c-11e5-af15-41bf63ae4ea0/1716971833099/fan.txt",
    "tvboxUrl": "https://盒子迷.top/禁止贩卖",
    "updateTime": 1717893857857
  },
  {
    "api": "csp_LiteApple",
    "apiDetail": "csp_LiteApple",
    "apiDetailJiexiUrl": "",
    "apiDetailParsePlayUrlTemplate": 0,
    "apiDetailParseTemplate": 0,
    "apiDetailParseType": 3,
    "apiSearch": "csp_LiteApple",
    "apiSearchParseTemplate": 0,
    "apiSearchParseType": 3,
    "apiType": 1,
    "createTime": 1717893857858,
    "enable": true,
    "group": "tvbox",
    "id": 0,
    "isActive": true,
    "isFound": true,
    "key": "苹果",
    "name": "🍎苹果┃不卡",
    "searchable": 1,
    "sort": 70,
    "tvBoxParseType": 3,
    "tvboxClickSelector": "",
    "tvboxExt": "",
    "tvboxLocalSpiderPath": "/storage/emulated/0/Android/data/com.wbg.video/files/TvBox/B19522668AE5FDAF8D8E62A46191D4F6.jar",
    "tvboxRemoteSpiderUrl": "https://fs-im-kefu.7moor-fs1.com/ly/4d2c3f00-7d4c-11e5-af15-41bf63ae4ea0/1716971833099/fan.txt",
    "tvboxUrl": "https://盒子迷.top/禁止贩卖",
    "updateTime": 1717893857858
  },
  {
    "api": "csp_Nmys",
    "apiDetail": "csp_Nmys",
    "apiDetailJiexiUrl": "",
    "apiDetailParsePlayUrlTemplate": 0,
    "apiDetailParseTemplate": 0,
    "apiDetailParseType": 3,
    "apiSearch": "csp_Nmys",
    "apiSearchParseTemplate": 0,
    "apiSearchParseType": 3,
    "apiType": 1,
    "createTime": 1717893857858,
    "enable": true,
    "group": "tvbox",
    "id": 0,
    "isActive": true,
    "isFound": true,
    "key": "糯米",
    "name": "🍙糯米┃秒播",
    "searchable": 1,
    "sort": 70,
    "tvBoxParseType": 3,
    "tvboxClickSelector": "",
    "tvboxExt": "https://gitlab.com/fantaiying/ext/-/raw/main/nmys.json",
    "tvboxLocalSpiderPath": "/storage/emulated/0/Android/data/com.wbg.video/files/TvBox/B19522668AE5FDAF8D8E62A46191D4F6.jar",
    "tvboxRemoteSpiderUrl": "https://fs-im-kefu.7moor-fs1.com/ly/4d2c3f00-7d4c-11e5-af15-41bf63ae4ea0/1716971833099/fan.txt",
    "tvboxUrl": "https://盒子迷.top/禁止贩卖",
    "updateTime": 1717893857858
  },
  {
    "api": "csp_NewCz",
    "apiDetail": "csp_NewCz",
    "apiDetailJiexiUrl": "",
    "apiDetailParsePlayUrlTemplate": 0,
    "apiDetailParseTemplate": 0,
    "apiDetailParseType": 3,
    "apiSearch": "csp_NewCz",
    "apiSearchParseTemplate": 0,
    "apiSearchParseType": 3,
    "apiType": 1,
    "createTime": 1717893857859,
    "enable": true,
    "group": "tvbox",
    "id": 0,
    "isActive": true,
    "isFound": true,
    "key": "厂长",
    "name": "📔厂长┃不卡",
    "searchable": 1,
    "sort": 70,
    "tvBoxParseType": 3,
    "tvboxClickSelector": "",
    "tvboxExt": "https://czzy.top/",
    "tvboxLocalSpiderPath": "/storage/emulated/0/Android/data/com.wbg.video/files/TvBox/B19522668AE5FDAF8D8E62A46191D4F6.jar",
    "tvboxRemoteSpiderUrl": "https://fs-im-kefu.7moor-fs1.com/ly/4d2c3f00-7d4c-11e5-af15-41bf63ae4ea0/1716971833099/fan.txt",
    "tvboxUrl": "https://盒子迷.top/禁止贩卖",
    "updateTime": 1717893857859
  },
  {
    "api": "csp_Ddrk",
    "apiDetail": "csp_Ddrk",
    "apiDetailJiexiUrl": "",
    "apiDetailParsePlayUrlTemplate": 0,
    "apiDetailParseTemplate": 0,
    "apiDetailParseType": 3,
    "apiSearch": "csp_Ddrk",
    "apiSearchParseTemplate": 0,
    "apiSearchParseType": 3,
    "apiType": 1,
    "createTime": 1717893857859,
    "enable": true,
    "group": "tvbox",
    "id": 0,
    "isActive": true,
    "isFound": true,
    "key": "低端",
    "name": "⏮️低端┃外剧",
    "searchable": 1,
    "sort": 70,
    "tvBoxParseType": 3,
    "tvboxClickSelector": "",
    "tvboxExt": "",
    "tvboxLocalSpiderPath": "/storage/emulated/0/Android/data/com.wbg.video/files/TvBox/B19522668AE5FDAF8D8E62A46191D4F6.jar",
    "tvboxRemoteSpiderUrl": "https://fs-im-kefu.7moor-fs1.com/ly/4d2c3f00-7d4c-11e5-af15-41bf63ae4ea0/1716971833099/fan.txt",
    "tvboxUrl": "https://盒子迷.top/禁止贩卖",
    "updateTime": 1717893857859
  },
  {
    "api": "csp_Zxzj",
    "apiDetail": "csp_Zxzj",
    "apiDetailJiexiUrl": "",
    "apiDetailParsePlayUrlTemplate": 0,
    "apiDetailParseTemplate": 0,
    "apiDetailParseType": 3,
    "apiSearch": "csp_Zxzj",
    "apiSearchParseTemplate": 0,
    "apiSearchParseType": 3,
    "apiType": 1,
    "createTime": 1717893857860,
    "enable": true,
    "group": "tvbox",
    "id": 0,
    "isActive": true,
    "isFound": true,
    "key": "zxzj",
    "name": "🍊在线┃外剧",
    "searchable": 1,
    "sort": 70,
    "tvBoxParseType": 3,
    "tvboxClickSelector": "",
    "tvboxExt": "https://www.zxzjhd.com/",
    "tvboxLocalSpiderPath": "/storage/emulated/0/Android/data/com.wbg.video/files/TvBox/B19522668AE5FDAF8D8E62A46191D4F6.jar",
    "tvboxRemoteSpiderUrl": "https://fs-im-kefu.7moor-fs1.com/ly/4d2c3f00-7d4c-11e5-af15-41bf63ae4ea0/1716971833099/fan.txt",
    "tvboxUrl": "https://盒子迷.top/禁止贩卖",
    "updateTime": 1717893857860
  },
  {
    "api": "https://gitlab.com/fantaiying/ext/-/raw/main/drpy2.min.js",
    "apiDetail": "https://gitlab.com/fantaiying/ext/-/raw/main/drpy2.min.js",
    "apiDetailJiexiUrl": "",
    "apiDetailParsePlayUrlTemplate": 0,
    "apiDetailParseTemplate": 0,
    "apiDetailParseType": 3,
    "apiSearch": "https://gitlab.com/fantaiying/ext/-/raw/main/drpy2.min.js",
    "apiSearchParseTemplate": 0,
    "apiSearchParseType": 3,
    "apiType": 1,
    "createTime": 1717893857860,
    "enable": true,
    "group": "tvbox",
    "id": 0,
    "isActive": true,
    "isFound": true,
    "key": "贱贱",
    "name": "🐭贱贱┃P2P",
    "searchable": 1,
    "sort": 70,
    "tvBoxParseType": 3,
    "tvboxClickSelector": "",
    "tvboxExt": "https://gitlab.com/fantaiying/ext/-/raw/main/jp.js",
    "tvboxLocalSpiderPath": "/storage/emulated/0/Android/data/com.wbg.video/files/TvBox/B19522668AE5FDAF8D8E62A46191D4F6.jar",
    "tvboxRemoteSpiderUrl": "https://fs-im-kefu.7moor-fs1.com/ly/4d2c3f00-7d4c-11e5-af15-41bf63ae4ea0/1716971833099/fan.txt",
    "tvboxUrl": "https://盒子迷.top/禁止贩卖",
    "updateTime": 1717893857860
  },
  {
    "api": "csp_Xdys",
    "apiDetail": "csp_Xdys",
    "apiDetailJiexiUrl": "",
    "apiDetailParsePlayUrlTemplate": 0,
    "apiDetailParseTemplate": 0,
    "apiDetailParseType": 3,
    "apiSearch": "csp_Xdys",
    "apiSearchParseTemplate": 0,
    "apiSearchParseType": 3,
    "apiType": 1,
    "createTime": 1717893857861,
    "enable": true,
    "group": "tvbox",
    "id": 0,
    "isActive": true,
    "isFound": true,
    "key": "小点",
    "name": "💥小点┃多线",
    "searchable": 1,
    "sort": 70,
    "tvBoxParseType": 3,
    "tvboxClickSelector": "",
    "tvboxExt": "",
    "tvboxLocalSpiderPath": "/storage/emulated/0/Android/data/com.wbg.video/files/TvBox/B19522668AE5FDAF8D8E62A46191D4F6.jar",
    "tvboxRemoteSpiderUrl": "https://fs-im-kefu.7moor-fs1.com/ly/4d2c3f00-7d4c-11e5-af15-41bf63ae4ea0/1716971833099/fan.txt",
    "tvboxUrl": "https://盒子迷.top/禁止贩卖",
    "updateTime": 1717893857861
  },
  {
    "api": "csp_AppTT",
    "apiDetail": "csp_AppTT",
    "apiDetailJiexiUrl": "",
    "apiDetailParsePlayUrlTemplate": 0,
    "apiDetailParseTemplate": 0,
    "apiDetailParseType": 3,
    "apiSearch": "csp_AppTT",
    "apiSearchParseTemplate": 0,
    "apiSearchParseType": 3,
    "apiType": 1,
    "createTime": 1717893857862,
    "enable": true,
    "group": "tvbox",
    "id": 0,
    "isActive": true,
    "isFound": true,
    "key": "热播",
    "name": "📺热播┃多线",
    "searchable": 1,
    "sort": 70,
    "tvBoxParseType": 3,
    "tvboxClickSelector": "",
    "tvboxExt": "AO7TcBkd8I/B5wQc4Qma+pU\u003d",
    "tvboxLocalSpiderPath": "/storage/emulated/0/Android/data/com.wbg.video/files/TvBox/B19522668AE5FDAF8D8E62A46191D4F6.jar",
    "tvboxRemoteSpiderUrl": "https://fs-im-kefu.7moor-fs1.com/ly/4d2c3f00-7d4c-11e5-af15-41bf63ae4ea0/1716971833099/fan.txt",
    "tvboxUrl": "https://盒子迷.top/禁止贩卖",
    "updateTime": 1717893857862
  },
  {
    "api": "csp_AppTT",
    "apiDetail": "csp_AppTT",
    "apiDetailJiexiUrl": "",
    "apiDetailParsePlayUrlTemplate": 0,
    "apiDetailParseTemplate": 0,
    "apiDetailParseType": 3,
    "apiSearch": "csp_AppTT",
    "apiSearchParseTemplate": 0,
    "apiSearchParseType": 3,
    "apiType": 1,
    "createTime": 1717893857862,
    "enable": true,
    "group": "tvbox",
    "id": 0,
    "isActive": true,
    "isFound": true,
    "key": "萌米",
    "name": "👀萌米┃多线",
    "searchable": 1,
    "sort": 70,
    "tvBoxParseType": 3,
    "tvboxClickSelector": "",
    "tvboxExt": "AO7TcBkd8Iifux0Y8Qze6tVlMg\u003d\u003d",
    "tvboxLocalSpiderPath": "/storage/emulated/0/Android/data/com.wbg.video/files/TvBox/B19522668AE5FDAF8D8E62A46191D4F6.jar",
    "tvboxRemoteSpiderUrl": "https://fs-im-kefu.7moor-fs1.com/ly/4d2c3f00-7d4c-11e5-af15-41bf63ae4ea0/1716971833099/fan.txt",
    "tvboxUrl": "https://盒子迷.top/禁止贩卖",
    "updateTime": 1717893857862
  },
  {
    "api": "csp_NanGua",
    "apiDetail": "csp_NanGua",
    "apiDetailJiexiUrl": "",
    "apiDetailParsePlayUrlTemplate": 0,
    "apiDetailParseTemplate": 0,
    "apiDetailParseType": 3,
    "apiSearch": "csp_NanGua",
    "apiSearchParseTemplate": 0,
    "apiSearchParseType": 3,
    "apiType": 1,
    "createTime": 1717893857863,
    "enable": true,
    "group": "tvbox",
    "id": 0,
    "isActive": true,
    "isFound": true,
    "key": "南瓜",
    "name": "🎃南瓜┃多线",
    "searchable": 1,
    "sort": 70,
    "tvBoxParseType": 3,
    "tvboxClickSelector": "",
    "tvboxExt": "",
    "tvboxLocalSpiderPath": "/storage/emulated/0/Android/data/com.wbg.video/files/TvBox/B19522668AE5FDAF8D8E62A46191D4F6.jar",
    "tvboxRemoteSpiderUrl": "https://fs-im-kefu.7moor-fs1.com/ly/4d2c3f00-7d4c-11e5-af15-41bf63ae4ea0/1716971833099/fan.txt",
    "tvboxUrl": "https://盒子迷.top/禁止贩卖",
    "updateTime": 1717893857863
  },
  {
    "api": "csp_Bttwoo",
    "apiDetail": "csp_Bttwoo",
    "apiDetailJiexiUrl": "",
    "apiDetailParsePlayUrlTemplate": 0,
    "apiDetailParseTemplate": 0,
    "apiDetailParseType": 3,
    "apiSearch": "csp_Bttwoo",
    "apiSearchParseTemplate": 0,
    "apiSearchParseType": 3,
    "apiType": 1,
    "createTime": 1717893857863,
    "enable": true,
    "group": "tvbox",
    "id": 0,
    "isActive": true,
    "isFound": true,
    "key": "比特",
    "name": "🍄比特┃秒播",
    "searchable": 1,
    "sort": 70,
    "tvBoxParseType": 3,
    "tvboxClickSelector": "",
    "tvboxExt": "",
    "tvboxLocalSpiderPath": "/storage/emulated/0/Android/data/com.wbg.video/files/TvBox/B19522668AE5FDAF8D8E62A46191D4F6.jar",
    "tvboxRemoteSpiderUrl": "https://fs-im-kefu.7moor-fs1.com/ly/4d2c3f00-7d4c-11e5-af15-41bf63ae4ea0/1716971833099/fan.txt",
    "tvboxUrl": "https://盒子迷.top/禁止贩卖",
    "updateTime": 1717893857863
  },
  {
    "api": "csp_Kekys",
    "apiDetail": "csp_Kekys",
    "apiDetailJiexiUrl": "",
    "apiDetailParsePlayUrlTemplate": 0,
    "apiDetailParseTemplate": 0,
    "apiDetailParseType": 3,
    "apiSearch": "csp_Kekys",
    "apiSearchParseTemplate": 0,
    "apiSearchParseType": 3,
    "apiType": 1,
    "createTime": 1717893857864,
    "enable": true,
    "group": "tvbox",
    "id": 0,
    "isActive": true,
    "isFound": true,
    "key": "可可",
    "name": "👻可可┃多线",
    "searchable": 1,
    "sort": 70,
    "tvBoxParseType": 3,
    "tvboxClickSelector": "",
    "tvboxExt": "",
    "tvboxLocalSpiderPath": "/storage/emulated/0/Android/data/com.wbg.video/files/TvBox/B19522668AE5FDAF8D8E62A46191D4F6.jar",
    "tvboxRemoteSpiderUrl": "https://fs-im-kefu.7moor-fs1.com/ly/4d2c3f00-7d4c-11e5-af15-41bf63ae4ea0/1716971833099/fan.txt",
    "tvboxUrl": "https://盒子迷.top/禁止贩卖",
    "updateTime": 1717893857864
  },
  {
    "api": "csp_Libvio",
    "apiDetail": "csp_Libvio",
    "apiDetailJiexiUrl": "",
    "apiDetailParsePlayUrlTemplate": 0,
    "apiDetailParseTemplate": 0,
    "apiDetailParseType": 3,
    "apiSearch": "csp_Libvio",
    "apiSearchParseTemplate": 0,
    "apiSearchParseType": 3,
    "apiType": 1,
    "createTime": 1717893857864,
    "enable": true,
    "group": "tvbox",
    "id": 0,
    "isActive": true,
    "isFound": true,
    "key": "Lib",
    "name": "🌟立播┃不卡",
    "searchable": 1,
    "sort": 70,
    "tvBoxParseType": 3,
    "tvboxClickSelector": "",
    "tvboxExt": "https://www.libvio.pw/",
    "tvboxLocalSpiderPath": "/storage/emulated/0/Android/data/com.wbg.video/files/TvBox/B19522668AE5FDAF8D8E62A46191D4F6.jar",
    "tvboxRemoteSpiderUrl": "https://fs-im-kefu.7moor-fs1.com/ly/4d2c3f00-7d4c-11e5-af15-41bf63ae4ea0/1716971833099/fan.txt",
    "tvboxUrl": "https://盒子迷.top/禁止贩卖",
    "updateTime": 1717893857864
  },
  {
    "api": "csp_Auete",
    "apiDetail": "csp_Auete",
    "apiDetailJiexiUrl": "",
    "apiDetailParsePlayUrlTemplate": 0,
    "apiDetailParseTemplate": 0,
    "apiDetailParseType": 3,
    "apiSearch": "csp_Auete",
    "apiSearchParseTemplate": 0,
    "apiSearchParseType": 3,
    "apiType": 1,
    "createTime": 1717893857865,
    "enable": true,
    "group": "tvbox",
    "id": 0,
    "isActive": true,
    "isFound": true,
    "key": "Auete",
    "name": "🏝奥特┃无广",
    "searchable": 1,
    "sort": 70,
    "tvBoxParseType": 3,
    "tvboxClickSelector": "",
    "tvboxExt": "https://auete.pro/",
    "tvboxLocalSpiderPath": "/storage/emulated/0/Android/data/com.wbg.video/files/TvBox/B19522668AE5FDAF8D8E62A46191D4F6.jar",
    "tvboxRemoteSpiderUrl": "https://fs-im-kefu.7moor-fs1.com/ly/4d2c3f00-7d4c-11e5-af15-41bf63ae4ea0/1716971833099/fan.txt",
    "tvboxUrl": "https://盒子迷.top/禁止贩卖",
    "updateTime": 1717893857865
  },
  {
    "api": "csp_MLYS",
    "apiDetail": "csp_MLYS",
    "apiDetailJiexiUrl": "",
    "apiDetailParsePlayUrlTemplate": 0,
    "apiDetailParseTemplate": 0,
    "apiDetailParseType": 3,
    "apiSearch": "csp_MLYS",
    "apiSearchParseTemplate": 0,
    "apiSearchParseType": 3,
    "apiType": 1,
    "createTime": 1717893857866,
    "enable": true,
    "group": "tvbox",
    "id": 0,
    "isActive": true,
    "isFound": true,
    "key": "毛驴",
    "name": "🍓毛驴┃多线",
    "searchable": 1,
    "sort": 70,
    "tvBoxParseType": 3,
    "tvboxClickSelector": "",
    "tvboxExt": "https://www.maolvys.com/",
    "tvboxLocalSpiderPath": "/storage/emulated/0/Android/data/com.wbg.video/files/TvBox/B19522668AE5FDAF8D8E62A46191D4F6.jar",
    "tvboxRemoteSpiderUrl": "https://fs-im-kefu.7moor-fs1.com/ly/4d2c3f00-7d4c-11e5-af15-41bf63ae4ea0/1716971833099/fan.txt",
    "tvboxUrl": "https://盒子迷.top/禁止贩卖",
    "updateTime": 1717893857866
  },
  {
    "api": "csp_SixV",
    "apiDetail": "csp_SixV",
    "apiDetailJiexiUrl": "",
    "apiDetailParsePlayUrlTemplate": 0,
    "apiDetailParseTemplate": 0,
    "apiDetailParseType": 3,
    "apiSearch": "csp_SixV",
    "apiSearchParseTemplate": 0,
    "apiSearchParseType": 3,
    "apiType": 1,
    "createTime": 1717893857866,
    "enable": true,
    "group": "tvbox",
    "id": 0,
    "isActive": true,
    "isFound": true,
    "key": "新6V",
    "name": "🧲新6V┃磁力",
    "searchable": 1,
    "sort": 70,
    "tvBoxParseType": 3,
    "tvboxClickSelector": "",
    "tvboxExt": "http://www.xb6v.com/",
    "tvboxLocalSpiderPath": "/storage/emulated/0/Android/data/com.wbg.video/files/TvBox/B19522668AE5FDAF8D8E62A46191D4F6.jar",
    "tvboxRemoteSpiderUrl": "https://fs-im-kefu.7moor-fs1.com/ly/4d2c3f00-7d4c-11e5-af15-41bf63ae4ea0/1716971833099/fan.txt",
    "tvboxUrl": "https://盒子迷.top/禁止贩卖",
    "updateTime": 1717893857866
  },
  {
    "api": "csp_Dm84",
    "apiDetail": "csp_Dm84",
    "apiDetailJiexiUrl": "",
    "apiDetailParsePlayUrlTemplate": 0,
    "apiDetailParseTemplate": 0,
    "apiDetailParseType": 3,
    "apiSearch": "csp_Dm84",
    "apiSearchParseTemplate": 0,
    "apiSearchParseType": 3,
    "apiType": 1,
    "createTime": 1717893857867,
    "enable": true,
    "group": "tvbox",
    "id": 0,
    "isActive": true,
    "isFound": true,
    "key": "Dm84",
    "name": "🚌巴士┃动漫",
    "searchable": 1,
    "sort": 70,
    "tvBoxParseType": 3,
    "tvboxClickSelector": "",
    "tvboxExt": "",
    "tvboxLocalSpiderPath": "/storage/emulated/0/Android/data/com.wbg.video/files/TvBox/B19522668AE5FDAF8D8E62A46191D4F6.jar",
    "tvboxRemoteSpiderUrl": "https://fs-im-kefu.7moor-fs1.com/ly/4d2c3f00-7d4c-11e5-af15-41bf63ae4ea0/1716971833099/fan.txt",
    "tvboxUrl": "https://盒子迷.top/禁止贩卖",
    "updateTime": 1717893857867
  },
  {
    "api": "csp_Ying",
    "apiDetail": "csp_Ying",
    "apiDetailJiexiUrl": "",
    "apiDetailParsePlayUrlTemplate": 0,
    "apiDetailParseTemplate": 0,
    "apiDetailParseType": 3,
    "apiSearch": "csp_Ying",
    "apiSearchParseTemplate": 0,
    "apiSearchParseType": 3,
    "apiType": 1,
    "createTime": 1717893857868,
    "enable": true,
    "group": "tvbox",
    "id": 0,
    "isActive": true,
    "isFound": true,
    "key": "Ying",
    "name": "💮樱花┃动漫",
    "searchable": 1,
    "sort": 70,
    "tvBoxParseType": 3,
    "tvboxClickSelector": "",
    "tvboxExt": "",
    "tvboxLocalSpiderPath": "/storage/emulated/0/Android/data/com.wbg.video/files/TvBox/B19522668AE5FDAF8D8E62A46191D4F6.jar",
    "tvboxRemoteSpiderUrl": "https://fs-im-kefu.7moor-fs1.com/ly/4d2c3f00-7d4c-11e5-af15-41bf63ae4ea0/1716971833099/fan.txt",
    "tvboxUrl": "https://盒子迷.top/禁止贩卖",
    "updateTime": 1717893857868
  },
  {
    "api": "csp_Ysj",
    "apiDetail": "csp_Ysj",
    "apiDetailJiexiUrl": "",
    "apiDetailParsePlayUrlTemplate": 0,
    "apiDetailParseTemplate": 0,
    "apiDetailParseType": 3,
    "apiSearch": "csp_Ysj",
    "apiSearchParseTemplate": 0,
    "apiSearchParseType": 3,
    "apiType": 1,
    "createTime": 1717893857868,
    "enable": true,
    "group": "tvbox",
    "id": 0,
    "isActive": true,
    "isFound": true,
    "key": "Ysj",
    "name": "🎀异界┃动漫",
    "searchable": 1,
    "sort": 70,
    "tvBoxParseType": 3,
    "tvboxClickSelector": "",
    "tvboxExt": "",
    "tvboxLocalSpiderPath": "/storage/emulated/0/Android/data/com.wbg.video/files/TvBox/B19522668AE5FDAF8D8E62A46191D4F6.jar",
    "tvboxRemoteSpiderUrl": "https://fs-im-kefu.7moor-fs1.com/ly/4d2c3f00-7d4c-11e5-af15-41bf63ae4ea0/1716971833099/fan.txt",
    "tvboxUrl": "https://盒子迷.top/禁止贩卖",
    "updateTime": 1717893857868
  },
  {
    "api": "csp_Anime1",
    "apiDetail": "csp_Anime1",
    "apiDetailJiexiUrl": "",
    "apiDetailParsePlayUrlTemplate": 0,
    "apiDetailParseTemplate": 0,
    "apiDetailParseType": 3,
    "apiSearch": "csp_Anime1",
    "apiSearchParseTemplate": 0,
    "apiSearchParseType": 3,
    "apiType": 1,
    "createTime": 1717893857869,
    "enable": true,
    "group": "tvbox",
    "id": 0,
    "isActive": true,
    "isFound": true,
    "key": "Anime1",
    "name": "🐾日本┃动漫",
    "searchable": 1,
    "sort": 70,
    "tvBoxParseType": 3,
    "tvboxClickSelector": "",
    "tvboxExt": "",
    "tvboxLocalSpiderPath": "/storage/emulated/0/Android/data/com.wbg.video/files/TvBox/B19522668AE5FDAF8D8E62A46191D4F6.jar",
    "tvboxRemoteSpiderUrl": "https://fs-im-kefu.7moor-fs1.com/ly/4d2c3f00-7d4c-11e5-af15-41bf63ae4ea0/1716971833099/fan.txt",
    "tvboxUrl": "https://盒子迷.top/禁止贩卖",
    "updateTime": 1717893857869
  },
  {
    "api": "csp_Kanqiu",
    "apiDetail": "csp_Kanqiu",
    "apiDetailJiexiUrl": "",
    "apiDetailParsePlayUrlTemplate": 0,
    "apiDetailParseTemplate": 0,
    "apiDetailParseType": 3,
    "apiSearch": "csp_Kanqiu",
    "apiSearchParseTemplate": 0,
    "apiSearchParseType": 3,
    "apiType": 1,
    "createTime": 1717893857869,
    "enable": true,
    "group": "tvbox",
    "id": 0,
    "isActive": true,
    "isFound": true,
    "key": "88js",
    "name": "⚽ 88┃看球",
    "searchable": 0,
    "sort": 70,
    "tvBoxParseType": 3,
    "tvboxClickSelector": "",
    "tvboxExt": "",
    "tvboxLocalSpiderPath": "/storage/emulated/0/Android/data/com.wbg.video/files/TvBox/B19522668AE5FDAF8D8E62A46191D4F6.jar",
    "tvboxRemoteSpiderUrl": "https://fs-im-kefu.7moor-fs1.com/ly/4d2c3f00-7d4c-11e5-af15-41bf63ae4ea0/1716971833099/fan.txt",
    "tvboxUrl": "https://盒子迷.top/禁止贩卖",
    "updateTime": 1717893857869
  },
  {
    "api": "https://gitlab.com/fantaiying/ext/-/raw/main/drpy2.min.js",
    "apiDetail": "https://gitlab.com/fantaiying/ext/-/raw/main/drpy2.min.js",
    "apiDetailJiexiUrl": "",
    "apiDetailParsePlayUrlTemplate": 0,
    "apiDetailParseTemplate": 0,
    "apiDetailParseType": 3,
    "apiSearch": "https://gitlab.com/fantaiying/ext/-/raw/main/drpy2.min.js",
    "apiSearchParseTemplate": 0,
    "apiSearchParseType": 3,
    "apiType": 1,
    "createTime": 1717893857870,
    "enable": true,
    "group": "tvbox",
    "id": 0,
    "isActive": true,
    "isFound": true,
    "key": "Jrsjs",
    "name": "⚽ Jrs┃球迷",
    "searchable": 0,
    "sort": 70,
    "tvBoxParseType": 3,
    "tvboxClickSelector": "",
    "tvboxExt": "https://gitlab.com/fantaiying/ext/-/raw/main/jrk.js",
    "tvboxLocalSpiderPath": "/storage/emulated/0/Android/data/com.wbg.video/files/TvBox/B19522668AE5FDAF8D8E62A46191D4F6.jar",
    "tvboxRemoteSpiderUrl": "https://fs-im-kefu.7moor-fs1.com/ly/4d2c3f00-7d4c-11e5-af15-41bf63ae4ea0/1716971833099/fan.txt",
    "tvboxUrl": "https://盒子迷.top/禁止贩卖",
    "updateTime": 1717893857870
  },
  {
    "api": "https://gitlab.com/fantaiying/ext/-/raw/main/drpy2.min.js",
    "apiDetail": "https://gitlab.com/fantaiying/ext/-/raw/main/drpy2.min.js",
    "apiDetailJiexiUrl": "",
    "apiDetailParsePlayUrlTemplate": 0,
    "apiDetailParseTemplate": 0,
    "apiDetailParseType": 3,
    "apiSearch": "https://gitlab.com/fantaiying/ext/-/raw/main/drpy2.min.js",
    "apiSearchParseTemplate": 0,
    "apiSearchParseType": 3,
    "apiType": 1,
    "createTime": 1717893857871,
    "enable": true,
    "group": "tvbox",
    "id": 0,
    "isActive": true,
    "isFound": true,
    "key": "310js",
    "name": "⚽310┃看球",
    "searchable": 0,
    "sort": 70,
    "tvBoxParseType": 3,
    "tvboxClickSelector": "",
    "tvboxExt": "https://gitlab.com/fantaiying/ext/-/raw/main/310直播.js",
    "tvboxLocalSpiderPath": "/storage/emulated/0/Android/data/com.wbg.video/files/TvBox/B19522668AE5FDAF8D8E62A46191D4F6.jar",
    "tvboxRemoteSpiderUrl": "https://fs-im-kefu.7moor-fs1.com/ly/4d2c3f00-7d4c-11e5-af15-41bf63ae4ea0/1716971833099/fan.txt",
    "tvboxUrl": "https://盒子迷.top/禁止贩卖",
    "updateTime": 1717893857871
  },
  {
    "api": "csp_XPath",
    "apiDetail": "csp_XPath",
    "apiDetailJiexiUrl": "",
    "apiDetailParsePlayUrlTemplate": 0,
    "apiDetailParseTemplate": 0,
    "apiDetailParseType": 3,
    "apiSearch": "csp_XPath",
    "apiSearchParseTemplate": 0,
    "apiSearchParseType": 3,
    "apiType": 1,
    "createTime": 1717893857871,
    "enable": true,
    "group": "tvbox",
    "id": 0,
    "isActive": true,
    "isFound": true,
    "key": "企鹅体育xp",
    "name": "🐧鹅鹅┃体育",
    "searchable": 0,
    "sort": 70,
    "tvBoxParseType": 3,
    "tvboxClickSelector": "",
    "tvboxExt": "https://gitlab.com/fantaiying/ext/-/raw/main/企鹅直播.json",
    "tvboxLocalSpiderPath": "/storage/emulated/0/Android/data/com.wbg.video/files/TvBox/B19522668AE5FDAF8D8E62A46191D4F6.jar",
    "tvboxRemoteSpiderUrl": "https://fs-im-kefu.7moor-fs1.com/ly/4d2c3f00-7d4c-11e5-af15-41bf63ae4ea0/1716971833099/fan.txt",
    "tvboxUrl": "https://盒子迷.top/禁止贩卖",
    "updateTime": 1717893857871
  },
  {
    "api": "https://gitlab.com/fantaiying/ext/-/raw/main/drpy2.min.js",
    "apiDetail": "https://gitlab.com/fantaiying/ext/-/raw/main/drpy2.min.js",
    "apiDetailJiexiUrl": "",
    "apiDetailParsePlayUrlTemplate": 0,
    "apiDetailParseTemplate": 0,
    "apiDetailParseType": 3,
    "apiSearch": "https://gitlab.com/fantaiying/ext/-/raw/main/drpy2.min.js",
    "apiSearchParseTemplate": 0,
    "apiSearchParseType": 3,
    "apiType": 1,
    "createTime": 1717893857871,
    "enable": true,
    "group": "tvbox",
    "id": 0,
    "isActive": true,
    "isFound": true,
    "key": "酷奇",
    "name": "🎤酷奇┃MV",
    "searchable": 0,
    "sort": 70,
    "tvBoxParseType": 3,
    "tvboxClickSelector": "",
    "tvboxExt": "https://gitlab.com/fantaiying/ext/-/raw/main/酷奇MV.js",
    "tvboxLocalSpiderPath": "/storage/emulated/0/Android/data/com.wbg.video/files/TvBox/B19522668AE5FDAF8D8E62A46191D4F6.jar",
    "tvboxRemoteSpiderUrl": "https://fs-im-kefu.7moor-fs1.com/ly/4d2c3f00-7d4c-11e5-af15-41bf63ae4ea0/1716971833099/fan.txt",
    "tvboxUrl": "https://盒子迷.top/禁止贩卖",
    "updateTime": 1717893857871
  },
  {
    "api": "csp_Bili",
    "apiDetail": "csp_Bili",
    "apiDetailJiexiUrl": "",
    "apiDetailParsePlayUrlTemplate": 0,
    "apiDetailParseTemplate": 0,
    "apiDetailParseType": 3,
    "apiSearch": "csp_Bili",
    "apiSearchParseTemplate": 0,
    "apiSearchParseType": 3,
    "apiType": 1,
    "createTime": 1717893857872,
    "enable": true,
    "group": "tvbox",
    "id": 0,
    "isActive": true,
    "isFound": true,
    "key": "MTV",
    "name": "🎧明星┃MV",
    "searchable": 0,
    "sort": 70,
    "tvBoxParseType": 3,
    "tvboxClickSelector": "",
    "tvboxExt": "https://gitlab.com/fantaiying/ext/-/raw/main/MTV.json",
    "tvboxLocalSpiderPath": "/storage/emulated/0/Android/data/com.wbg.video/files/TvBox/B19522668AE5FDAF8D8E62A46191D4F6.jar",
    "tvboxRemoteSpiderUrl": "https://fs-im-kefu.7moor-fs1.com/ly/4d2c3f00-7d4c-11e5-af15-41bf63ae4ea0/1716971833099/fan.txt",
    "tvboxUrl": "https://盒子迷.top/禁止贩卖",
    "updateTime": 1717893857872
  },
  {
    "api": "csp_Yj1211",
    "apiDetail": "csp_Yj1211",
    "apiDetailJiexiUrl": "",
    "apiDetailParsePlayUrlTemplate": 0,
    "apiDetailParseTemplate": 0,
    "apiDetailParseType": 3,
    "apiSearch": "csp_Yj1211",
    "apiSearchParseTemplate": 0,
    "apiSearchParseType": 3,
    "apiType": 1,
    "createTime": 1717893857873,
    "enable": true,
    "group": "tvbox",
    "id": 0,
    "isActive": true,
    "isFound": true,
    "key": "csp_Yj1211",
    "name": "📽️网红┃直播",
    "searchable": 0,
    "sort": 70,
    "tvBoxParseType": 3,
    "tvboxClickSelector": "",
    "tvboxExt": "",
    "tvboxLocalSpiderPath": "/storage/emulated/0/Android/data/com.wbg.video/files/TvBox/B19522668AE5FDAF8D8E62A46191D4F6.jar",
    "tvboxRemoteSpiderUrl": "https://fs-im-kefu.7moor-fs1.com/ly/4d2c3f00-7d4c-11e5-af15-41bf63ae4ea0/1716971833099/fan.txt",
    "tvboxUrl": "https://盒子迷.top/禁止贩卖",
    "updateTime": 1717893857873
  },
  {
    "api": "https://gitlab.com/fantaiying/ext/-/raw/main/drpy2.min.js",
    "apiDetail": "https://gitlab.com/fantaiying/ext/-/raw/main/drpy2.min.js",
    "apiDetailJiexiUrl": "",
    "apiDetailParsePlayUrlTemplate": 0,
    "apiDetailParseTemplate": 0,
    "apiDetailParseType": 3,
    "apiSearch": "https://gitlab.com/fantaiying/ext/-/raw/main/drpy2.min.js",
    "apiSearchParseTemplate": 0,
    "apiSearchParseType": 3,
    "apiType": 1,
    "createTime": 1717893857874,
    "enable": true,
    "group": "tvbox",
    "id": 0,
    "isActive": true,
    "isFound": true,
    "key": "虎牙直播js",
    "name": "🐯虎牙┃直播",
    "searchable": 0,
    "sort": 70,
    "tvBoxParseType": 3,
    "tvboxClickSelector": "",
    "tvboxExt": "https://gitlab.com/fantaiying/ext/-/raw/main/huya2.js",
    "tvboxLocalSpiderPath": "/storage/emulated/0/Android/data/com.wbg.video/files/TvBox/B19522668AE5FDAF8D8E62A46191D4F6.jar",
    "tvboxRemoteSpiderUrl": "https://fs-im-kefu.7moor-fs1.com/ly/4d2c3f00-7d4c-11e5-af15-41bf63ae4ea0/1716971833099/fan.txt",
    "tvboxUrl": "https://盒子迷.top/禁止贩卖",
    "updateTime": 1717893857874
  },
  {
    "api": "https://gitlab.com/fantaiying/ext/-/raw/main/drpy2.min.js",
    "apiDetail": "https://gitlab.com/fantaiying/ext/-/raw/main/drpy2.min.js",
    "apiDetailJiexiUrl": "",
    "apiDetailParsePlayUrlTemplate": 0,
    "apiDetailParseTemplate": 0,
    "apiDetailParseType": 3,
    "apiSearch": "https://gitlab.com/fantaiying/ext/-/raw/main/drpy2.min.js",
    "apiSearchParseTemplate": 0,
    "apiSearchParseType": 3,
    "apiType": 1,
    "createTime": 1717893857874,
    "enable": true,
    "group": "tvbox",
    "id": 0,
    "isActive": true,
    "isFound": true,
    "key": "斗鱼js",
    "name": "🐟斗鱼┃直播",
    "searchable": 0,
    "sort": 70,
    "tvBoxParseType": 3,
    "tvboxClickSelector": "",
    "tvboxExt": "https://gitlab.com/fantaiying/ext/-/raw/main/斗鱼直播.js",
    "tvboxLocalSpiderPath": "/storage/emulated/0/Android/data/com.wbg.video/files/TvBox/B19522668AE5FDAF8D8E62A46191D4F6.jar",
    "tvboxRemoteSpiderUrl": "https://fs-im-kefu.7moor-fs1.com/ly/4d2c3f00-7d4c-11e5-af15-41bf63ae4ea0/1716971833099/fan.txt",
    "tvboxUrl": "https://盒子迷.top/禁止贩卖",
    "updateTime": 1717893857874
  },
  {
    "api": "https://gitlab.com/fantaiying/ext/-/raw/main/drpy2.min.js",
    "apiDetail": "https://gitlab.com/fantaiying/ext/-/raw/main/drpy2.min.js",
    "apiDetailJiexiUrl": "",
    "apiDetailParsePlayUrlTemplate": 0,
    "apiDetailParseTemplate": 0,
    "apiDetailParseType": 3,
    "apiSearch": "https://gitlab.com/fantaiying/ext/-/raw/main/drpy2.min.js",
    "apiSearchParseTemplate": 0,
    "apiSearchParseType": 3,
    "apiType": 1,
    "createTime": 1717893857875,
    "enable": true,
    "group": "tvbox",
    "id": 0,
    "isActive": true,
    "isFound": true,
    "key": "聚短视频js",
    "name": "📽️聚短┃视频",
    "searchable": 0,
    "sort": 70,
    "tvBoxParseType": 3,
    "tvboxClickSelector": "",
    "tvboxExt": "https://gitlab.com/fantaiying/ext/-/raw/main/短视频.js",
    "tvboxLocalSpiderPath": "/storage/emulated/0/Android/data/com.wbg.video/files/TvBox/B19522668AE5FDAF8D8E62A46191D4F6.jar",
    "tvboxRemoteSpiderUrl": "https://fs-im-kefu.7moor-fs1.com/ly/4d2c3f00-7d4c-11e5-af15-41bf63ae4ea0/1716971833099/fan.txt",
    "tvboxUrl": "https://盒子迷.top/禁止贩卖",
    "updateTime": 1717893857875
  },
  {
    "api": "https://gitlab.com/fantaiying/ext/-/raw/main/drpy2.min.js",
    "apiDetail": "https://gitlab.com/fantaiying/ext/-/raw/main/drpy2.min.js",
    "apiDetailJiexiUrl": "",
    "apiDetailParsePlayUrlTemplate": 0,
    "apiDetailParseTemplate": 0,
    "apiDetailParseType": 3,
    "apiSearch": "https://gitlab.com/fantaiying/ext/-/raw/main/drpy2.min.js",
    "apiSearchParseTemplate": 0,
    "apiSearchParseType": 3,
    "apiType": 1,
    "createTime": 1717893857875,
    "enable": true,
    "group": "tvbox",
    "id": 0,
    "isActive": true,
    "isFound": true,
    "key": "有声小说js",
    "name": "🎧有声┃小说",
    "searchable": 0,
    "sort": 70,
    "tvBoxParseType": 3,
    "tvboxClickSelector": "",
    "tvboxExt": "https://gitlab.com/fantaiying/ext/-/raw/main/有声小说吧.js",
    "tvboxLocalSpiderPath": "/storage/emulated/0/Android/data/com.wbg.video/files/TvBox/B19522668AE5FDAF8D8E62A46191D4F6.jar",
    "tvboxRemoteSpiderUrl": "https://fs-im-kefu.7moor-fs1.com/ly/4d2c3f00-7d4c-11e5-af15-41bf63ae4ea0/1716971833099/fan.txt",
    "tvboxUrl": "https://盒子迷.top/禁止贩卖",
    "updateTime": 1717893857875
  },
  {
    "api": "csp_FirstAid",
    "apiDetail": "csp_FirstAid",
    "apiDetailJiexiUrl": "",
    "apiDetailParsePlayUrlTemplate": 0,
    "apiDetailParseTemplate": 0,
    "apiDetailParseType": 3,
    "apiSearch": "csp_FirstAid",
    "apiSearchParseTemplate": 0,
    "apiSearchParseType": 3,
    "apiType": 1,
    "createTime": 1717893857876,
    "enable": true,
    "group": "tvbox",
    "id": 0,
    "isActive": true,
    "isFound": true,
    "key": "Aid",
    "name": "🚑急救┃教学",
    "searchable": 0,
    "sort": 70,
    "tvBoxParseType": 3,
    "tvboxClickSelector": "",
    "tvboxExt": "",
    "tvboxLocalSpiderPath": "/storage/emulated/0/Android/data/com.wbg.video/files/TvBox/B19522668AE5FDAF8D8E62A46191D4F6.jar",
    "tvboxRemoteSpiderUrl": "https://fs-im-kefu.7moor-fs1.com/ly/4d2c3f00-7d4c-11e5-af15-41bf63ae4ea0/1716971833099/fan.txt",
    "tvboxUrl": "https://盒子迷.top/禁止贩卖",
    "updateTime": 1717893857876
  },
  {
    "api": "csp_MIPanSo",
    "apiDetail": "csp_MIPanSo",
    "apiDetailJiexiUrl": "",
    "apiDetailParsePlayUrlTemplate": 0,
    "apiDetailParseTemplate": 0,
    "apiDetailParseType": 3,
    "apiSearch": "csp_MIPanSo",
    "apiSearchParseTemplate": 0,
    "apiSearchParseType": 3,
    "apiType": 1,
    "createTime": 1717893857876,
    "enable": true,
    "group": "tvbox",
    "id": 0,
    "isActive": true,
    "isFound": true,
    "key": "米搜",
    "name": "🦋米搜┃搜索",
    "searchable": 1,
    "sort": 70,
    "tvBoxParseType": 3,
    "tvboxClickSelector": "",
    "tvboxExt": "{\"pan\":\"quark\",\"quarkCookie\":\"tvfan/cookie.txt\",\"from\":\"4k|auto|fhd\"}",
    "tvboxLocalSpiderPath": "/storage/emulated/0/Android/data/com.wbg.video/files/TvBox/B19522668AE5FDAF8D8E62A46191D4F6.jar",
    "tvboxRemoteSpiderUrl": "https://fs-im-kefu.7moor-fs1.com/ly/4d2c3f00-7d4c-11e5-af15-41bf63ae4ea0/1716971833099/fan.txt",
    "tvboxUrl": "https://盒子迷.top/禁止贩卖",
    "updateTime": 1717893857876
  },
  {
    "api": "csp_PanSearch",
    "apiDetail": "csp_PanSearch",
    "apiDetailJiexiUrl": "",
    "apiDetailParsePlayUrlTemplate": 0,
    "apiDetailParseTemplate": 0,
    "apiDetailParseType": 3,
    "apiSearch": "csp_PanSearch",
    "apiSearchParseTemplate": 0,
    "apiSearchParseType": 3,
    "apiType": 1,
    "createTime": 1717893857877,
    "enable": true,
    "group": "tvbox",
    "id": 0,
    "isActive": true,
    "isFound": true,
    "key": "夸搜",
    "name": "🐌夸搜┃搜索",
    "searchable": 1,
    "sort": 70,
    "tvBoxParseType": 3,
    "tvboxClickSelector": "",
    "tvboxExt": "{\"pan\":\"quark\",\"quarkCookie\":\"tvfan/cookie.txt\",\"from\":\"4k|auto|fhd\"}",
    "tvboxLocalSpiderPath": "/storage/emulated/0/Android/data/com.wbg.video/files/TvBox/B19522668AE5FDAF8D8E62A46191D4F6.jar",
    "tvboxRemoteSpiderUrl": "https://fs-im-kefu.7moor-fs1.com/ly/4d2c3f00-7d4c-11e5-af15-41bf63ae4ea0/1716971833099/fan.txt",
    "tvboxUrl": "https://盒子迷.top/禁止贩卖",
    "updateTime": 1717893857877
  },
  {
    "api": "csp_YiSo",
    "apiDetail": "csp_YiSo",
    "apiDetailJiexiUrl": "",
    "apiDetailParsePlayUrlTemplate": 0,
    "apiDetailParseTemplate": 0,
    "apiDetailParseType": 3,
    "apiSearch": "csp_YiSo",
    "apiSearchParseTemplate": 0,
    "apiSearchParseType": 3,
    "apiType": 1,
    "createTime": 1717893857878,
    "enable": true,
    "group": "tvbox",
    "id": 0,
    "isActive": true,
    "isFound": true,
    "key": "YiSo",
    "name": "😹易搜┃搜索",
    "searchable": 1,
    "sort": 70,
    "tvBoxParseType": 3,
    "tvboxClickSelector": "",
    "tvboxExt": "{\"aliToken\":\"tvfan/token.txt\",\"from\":\"4k|auto|fhd\"}",
    "tvboxLocalSpiderPath": "/storage/emulated/0/Android/data/com.wbg.video/files/TvBox/B19522668AE5FDAF8D8E62A46191D4F6.jar",
    "tvboxRemoteSpiderUrl": "https://fs-im-kefu.7moor-fs1.com/ly/4d2c3f00-7d4c-11e5-af15-41bf63ae4ea0/1716971833099/fan.txt",
    "tvboxUrl": "https://盒子迷.top/禁止贩卖",
    "updateTime": 1717893857878
  },
  {
    "api": "csp_PanSou",
    "apiDetail": "csp_PanSou",
    "apiDetailJiexiUrl": "",
    "apiDetailParsePlayUrlTemplate": 0,
    "apiDetailParseTemplate": 0,
    "apiDetailParseType": 3,
    "apiSearch": "csp_PanSou",
    "apiSearchParseTemplate": 0,
    "apiSearchParseType": 3,
    "apiType": 1,
    "createTime": 1717893857878,
    "enable": true,
    "group": "tvbox",
    "id": 0,
    "isActive": true,
    "isFound": true,
    "key": "PanSou",
    "name": "🦊盘搜┃搜索",
    "searchable": 1,
    "sort": 70,
    "tvBoxParseType": 3,
    "tvboxClickSelector": "",
    "tvboxExt": "{\"aliToken\":\"tvfan/token.txt\",\"from\":\"4k|auto|fhd\"}",
    "tvboxLocalSpiderPath": "/storage/emulated/0/Android/data/com.wbg.video/files/TvBox/B19522668AE5FDAF8D8E62A46191D4F6.jar",
    "tvboxRemoteSpiderUrl": "https://fs-im-kefu.7moor-fs1.com/ly/4d2c3f00-7d4c-11e5-af15-41bf63ae4ea0/1716971833099/fan.txt",
    "tvboxUrl": "https://盒子迷.top/禁止贩卖",
    "updateTime": 1717893857878
  },
  {
    "api": "csp_PanSearch",
    "apiDetail": "csp_PanSearch",
    "apiDetailJiexiUrl": "",
    "apiDetailParsePlayUrlTemplate": 0,
    "apiDetailParseTemplate": 0,
    "apiDetailParseType": 3,
    "apiSearch": "csp_PanSearch",
    "apiSearchParseTemplate": 0,
    "apiSearchParseType": 3,
    "apiType": 1,
    "createTime": 1717893857878,
    "enable": true,
    "group": "tvbox",
    "id": 0,
    "isActive": true,
    "isFound": true,
    "key": "PanSearch",
    "name": "🙀盘Se┃搜索",
    "searchable": 1,
    "sort": 70,
    "tvBoxParseType": 3,
    "tvboxClickSelector": "",
    "tvboxExt": "{\"aliToken\":\"tvfan/token.txt\",\"from\":\"4k|auto|fhd\"}",
    "tvboxLocalSpiderPath": "/storage/emulated/0/Android/data/com.wbg.video/files/TvBox/B19522668AE5FDAF8D8E62A46191D4F6.jar",
    "tvboxRemoteSpiderUrl": "https://fs-im-kefu.7moor-fs1.com/ly/4d2c3f00-7d4c-11e5-af15-41bf63ae4ea0/1716971833099/fan.txt",
    "tvboxUrl": "https://盒子迷.top/禁止贩卖",
    "updateTime": 1717893857878
  },
  {
    "api": "csp_Push",
    "apiDetail": "csp_Push",
    "apiDetailJiexiUrl": "",
    "apiDetailParsePlayUrlTemplate": 0,
    "apiDetailParseTemplate": 0,
    "apiDetailParseType": 3,
    "apiSearch": "csp_Push",
    "apiSearchParseTemplate": 0,
    "apiSearchParseType": 3,
    "apiType": 1,
    "createTime": 1717893857879,
    "enable": true,
    "group": "tvbox",
    "id": 0,
    "isActive": true,
    "isFound": true,
    "key": "push_agent",
    "name": "🛴手机┃推送",
    "searchable": 0,
    "sort": 70,
    "tvBoxParseType": 3,
    "tvboxClickSelector": "",
    "tvboxExt": "{\"aliToken\":\"tvfan/token.txt\",\"quarkCookie\":\"tvfan/cookie.txt\",\"from\":\"4k|auto|fhd\"}",
    "tvboxLocalSpiderPath": "/storage/emulated/0/Android/data/com.wbg.video/files/TvBox/B19522668AE5FDAF8D8E62A46191D4F6.jar",
    "tvboxRemoteSpiderUrl": "https://fs-im-kefu.7moor-fs1.com/ly/4d2c3f00-7d4c-11e5-af15-41bf63ae4ea0/1716971833099/fan.txt",
    "tvboxUrl": "https://盒子迷.top/禁止贩卖",
    "updateTime": 1717893857879
  },
  {
    "api": "csp_Bili",
    "apiDetail": "csp_Bili",
    "apiDetailJiexiUrl": "",
    "apiDetailParsePlayUrlTemplate": 0,
    "apiDetailParseTemplate": 0,
    "apiDetailParseType": 3,
    "apiSearch": "csp_Bili",
    "apiSearchParseTemplate": 0,
    "apiSearchParseType": 3,
    "apiType": 1,
    "createTime": 1717893857880,
    "enable": true,
    "group": "tvbox",
    "id": 0,
    "isActive": true,
    "isFound": true,
    "key": "Bili",
    "name": "🅱哔哔┃合集",
    "searchable": 1,
    "sort": 70,
    "tvBoxParseType": 3,
    "tvboxClickSelector": "",
    "tvboxExt": "https://gitlab.com/fantaiying/ext/-/raw/main/bilibili.json",
    "tvboxLocalSpiderPath": "/storage/emulated/0/Android/data/com.wbg.video/files/TvBox/B19522668AE5FDAF8D8E62A46191D4F6.jar",
    "tvboxRemoteSpiderUrl": "https://fs-im-kefu.7moor-fs1.com/ly/4d2c3f00-7d4c-11e5-af15-41bf63ae4ea0/1716971833099/fan.txt",
    "tvboxUrl": "https://盒子迷.top/禁止贩卖",
    "updateTime": 1717893857880
  },
  {
    "api": "csp_Bili",
    "apiDetail": "csp_Bili",
    "apiDetailJiexiUrl": "",
    "apiDetailParsePlayUrlTemplate": 0,
    "apiDetailParseTemplate": 0,
    "apiDetailParseType": 3,
    "apiSearch": "csp_Bili",
    "apiSearchParseTemplate": 0,
    "apiSearchParseType": 3,
    "apiType": 1,
    "createTime": 1717893857880,
    "enable": true,
    "group": "tvbox",
    "id": 0,
    "isActive": true,
    "isFound": true,
    "key": "Biliych",
    "name": "🅱明星┃演唱会",
    "searchable": 1,
    "sort": 70,
    "tvBoxParseType": 3,
    "tvboxClickSelector": "",
    "tvboxExt": "https://gitlab.com/fantaiying/ext/-/raw/main/biliych.json",
    "tvboxLocalSpiderPath": "/storage/emulated/0/Android/data/com.wbg.video/files/TvBox/B19522668AE5FDAF8D8E62A46191D4F6.jar",
    "tvboxRemoteSpiderUrl": "https://fs-im-kefu.7moor-fs1.com/ly/4d2c3f00-7d4c-11e5-af15-41bf63ae4ea0/1716971833099/fan.txt",
    "tvboxUrl": "https://盒子迷.top/禁止贩卖",
    "updateTime": 1717893857880
  },
  {
    "api": "https://gitlab.com/fantaiying/ext/-/raw/main/drpy2.min.js",
    "apiDetail": "https://gitlab.com/fantaiying/ext/-/raw/main/drpy2.min.js",
    "apiDetailJiexiUrl": "",
    "apiDetailParsePlayUrlTemplate": 0,
    "apiDetailParseTemplate": 0,
    "apiDetailParseType": 3,
    "apiSearch": "https://gitlab.com/fantaiying/ext/-/raw/main/drpy2.min.js",
    "apiSearchParseTemplate": 0,
    "apiSearchParseType": 3,
    "apiType": 1,
    "createTime": 1717893857881,
    "enable": true,
    "group": "tvbox",
    "id": 0,
    "isActive": true,
    "isFound": true,
    "key": "dr_兔小贝",
    "name": "📚儿童┃启蒙",
    "searchable": 0,
    "sort": 70,
    "tvBoxParseType": 3,
    "tvboxClickSelector": "",
    "tvboxExt": "https://gitlab.com/fantaiying/ext/-/raw/main/%E5%85%94%E5%B0%8F%E8%B4%9D.js",
    "tvboxLocalSpiderPath": "/storage/emulated/0/Android/data/com.wbg.video/files/TvBox/B19522668AE5FDAF8D8E62A46191D4F6.jar",
    "tvboxRemoteSpiderUrl": "https://fs-im-kefu.7moor-fs1.com/ly/4d2c3f00-7d4c-11e5-af15-41bf63ae4ea0/1716971833099/fan.txt",
    "tvboxUrl": "https://盒子迷.top/禁止贩卖",
    "updateTime": 1717893857881
  },
  {
    "api": "csp_Bili",
    "apiDetail": "csp_Bili",
    "apiDetailJiexiUrl": "",
    "apiDetailParsePlayUrlTemplate": 0,
    "apiDetailParseTemplate": 0,
    "apiDetailParseType": 3,
    "apiSearch": "csp_Bili",
    "apiSearchParseTemplate": 0,
    "apiSearchParseType": 3,
    "apiType": 1,
    "createTime": 1717893857881,
    "enable": true,
    "group": "tvbox",
    "id": 0,
    "isActive": true,
    "isFound": true,
    "key": "少儿教育",
    "name": "📚少儿┃教育",
    "searchable": 0,
    "sort": 70,
    "tvBoxParseType": 3,
    "tvboxClickSelector": "",
    "tvboxExt": "https://gitlab.com/fantaiying/ext/-/raw/main/少儿教育.json",
    "tvboxLocalSpiderPath": "/storage/emulated/0/Android/data/com.wbg.video/files/TvBox/B19522668AE5FDAF8D8E62A46191D4F6.jar",
    "tvboxRemoteSpiderUrl": "https://fs-im-kefu.7moor-fs1.com/ly/4d2c3f00-7d4c-11e5-af15-41bf63ae4ea0/1716971833099/fan.txt",
    "tvboxUrl": "https://盒子迷.top/禁止贩卖",
    "updateTime": 1717893857881
  },
  {
    "api": "csp_Bili",
    "apiDetail": "csp_Bili",
    "apiDetailJiexiUrl": "",
    "apiDetailParsePlayUrlTemplate": 0,
    "apiDetailParseTemplate": 0,
    "apiDetailParseType": 3,
    "apiSearch": "csp_Bili",
    "apiSearchParseTemplate": 0,
    "apiSearchParseType": 3,
    "apiType": 1,
    "createTime": 1717893857882,
    "enable": true,
    "group": "tvbox",
    "id": 0,
    "isActive": true,
    "isFound": true,
    "key": "小学课堂",
    "name": "📚小学┃课堂",
    "searchable": 0,
    "sort": 70,
    "tvBoxParseType": 3,
    "tvboxClickSelector": "",
    "tvboxExt": "https://gitlab.com/fantaiying/ext/-/raw/main/小学课堂.json",
    "tvboxLocalSpiderPath": "/storage/emulated/0/Android/data/com.wbg.video/files/TvBox/B19522668AE5FDAF8D8E62A46191D4F6.jar",
    "tvboxRemoteSpiderUrl": "https://fs-im-kefu.7moor-fs1.com/ly/4d2c3f00-7d4c-11e5-af15-41bf63ae4ea0/1716971833099/fan.txt",
    "tvboxUrl": "https://盒子迷.top/禁止贩卖",
    "updateTime": 1717893857882
  },
  {
    "api": "csp_Bili",
    "apiDetail": "csp_Bili",
    "apiDetailJiexiUrl": "",
    "apiDetailParsePlayUrlTemplate": 0,
    "apiDetailParseTemplate": 0,
    "apiDetailParseType": 3,
    "apiSearch": "csp_Bili",
    "apiSearchParseTemplate": 0,
    "apiSearchParseType": 3,
    "apiType": 1,
    "createTime": 1717893857882,
    "enable": true,
    "group": "tvbox",
    "id": 0,
    "isActive": true,
    "isFound": true,
    "key": "初中课堂",
    "name": "📚初中┃课堂",
    "searchable": 0,
    "sort": 70,
    "tvBoxParseType": 3,
    "tvboxClickSelector": "",
    "tvboxExt": "https://gitlab.com/fantaiying/ext/-/raw/main/初中课堂.json",
    "tvboxLocalSpiderPath": "/storage/emulated/0/Android/data/com.wbg.video/files/TvBox/B19522668AE5FDAF8D8E62A46191D4F6.jar",
    "tvboxRemoteSpiderUrl": "https://fs-im-kefu.7moor-fs1.com/ly/4d2c3f00-7d4c-11e5-af15-41bf63ae4ea0/1716971833099/fan.txt",
    "tvboxUrl": "https://盒子迷.top/禁止贩卖",
    "updateTime": 1717893857882
  },
  {
    "api": "csp_Bili",
    "apiDetail": "csp_Bili",
    "apiDetailJiexiUrl": "",
    "apiDetailParsePlayUrlTemplate": 0,
    "apiDetailParseTemplate": 0,
    "apiDetailParseType": 3,
    "apiSearch": "csp_Bili",
    "apiSearchParseTemplate": 0,
    "apiSearchParseType": 3,
    "apiType": 1,
    "createTime": 1717893857883,
    "enable": true,
    "group": "tvbox",
    "id": 0,
    "isActive": true,
    "isFound": true,
    "key": "高中教育",
    "name": "📚高中┃课堂",
    "searchable": 0,
    "sort": 70,
    "tvBoxParseType": 3,
    "tvboxClickSelector": "",
    "tvboxExt": "https://gitlab.com/fantaiying/ext/-/raw/main/高中课堂.json",
    "tvboxLocalSpiderPath": "/storage/emulated/0/Android/data/com.wbg.video/files/TvBox/B19522668AE5FDAF8D8E62A46191D4F6.jar",
    "tvboxRemoteSpiderUrl": "https://fs-im-kefu.7moor-fs1.com/ly/4d2c3f00-7d4c-11e5-af15-41bf63ae4ea0/1716971833099/fan.txt",
    "tvboxUrl": "https://盒子迷.top/禁止贩卖",
    "updateTime": 1717893857883
  },
  {
    "api": "csp_NiNi",
    "apiDetail": "csp_NiNi",
    "apiDetailJiexiUrl": "",
    "apiDetailParsePlayUrlTemplate": 0,
    "apiDetailParseTemplate": 0,
    "apiDetailParseType": 3,
    "apiSearch": "csp_NiNi",
    "apiSearchParseTemplate": 0,
    "apiSearchParseType": 3,
    "apiType": 1,
    "createTime": 1717893857883,
    "enable": true,
    "group": "tvbox",
    "id": 0,
    "isActive": true,
    "isFound": true,
    "key": "Nbys",
    "name": "🛫泥巴┃飞",
    "searchable": 1,
    "sort": 70,
    "tvBoxParseType": 3,
    "tvboxClickSelector": "",
    "tvboxExt": "",
    "tvboxLocalSpiderPath": "/storage/emulated/0/Android/data/com.wbg.video/files/TvBox/B19522668AE5FDAF8D8E62A46191D4F6.jar",
    "tvboxRemoteSpiderUrl": "https://fs-im-kefu.7moor-fs1.com/ly/4d2c3f00-7d4c-11e5-af15-41bf63ae4ea0/1716971833099/fan.txt",
    "tvboxUrl": "https://盒子迷.top/禁止贩卖",
    "updateTime": 1717893857883
  },
  {
    "api": "csp_XPath",
    "apiDetail": "csp_XPath",
    "apiDetailJiexiUrl": "",
    "apiDetailParsePlayUrlTemplate": 0,
    "apiDetailParseTemplate": 0,
    "apiDetailParseType": 3,
    "apiSearch": "csp_XPath",
    "apiSearchParseTemplate": 0,
    "apiSearchParseType": 3,
    "apiType": 1,
    "createTime": 1717893857884,
    "enable": true,
    "group": "tvbox",
    "id": 0,
    "isActive": true,
    "isFound": true,
    "key": "fan",
    "name": "导航 https://饭太硬.com",
    "searchable": 1,
    "sort": 70,
    "tvBoxParseType": 3,
    "tvboxClickSelector": "",
    "tvboxExt": "",
    "tvboxLocalSpiderPath": "/storage/emulated/0/Android/data/com.wbg.video/files/TvBox/B19522668AE5FDAF8D8E62A46191D4F6.jar",
    "tvboxRemoteSpiderUrl": "https://fs-im-kefu.7moor-fs1.com/ly/4d2c3f00-7d4c-11e5-af15-41bf63ae4ea0/1716971833099/fan.txt",
    "tvboxUrl": "https://盒子迷.top/禁止贩卖",
    "updateTime": 1717893857884
  },
  {
    "api": "csp_XPath",
    "apiDetail": "csp_XPath",
    "apiDetailJiexiUrl": "",
    "apiDetailParsePlayUrlTemplate": 0,
    "apiDetailParseTemplate": 0,
    "apiDetailParseType": 3,
    "apiSearch": "csp_XPath",
    "apiSearchParseTemplate": 0,
    "apiSearchParseType": 3,
    "apiType": 1,
    "createTime": 1717893857884,
    "enable": true,
    "group": "tvbox",
    "id": 0,
    "isActive": true,
    "isFound": true,
    "key": "cc",
    "name": "请勿相信视频中广告",
    "searchable": 0,
    "sort": 70,
    "tvBoxParseType": 3,
    "tvboxClickSelector": "",
    "tvboxExt": "",
    "tvboxLocalSpiderPath": "/storage/emulated/0/Android/data/com.wbg.video/files/TvBox/B19522668AE5FDAF8D8E62A46191D4F6.jar",
    "tvboxRemoteSpiderUrl": "https://fs-im-kefu.7moor-fs1.com/ly/4d2c3f00-7d4c-11e5-af15-41bf63ae4ea0/1716971833099/fan.txt",
    "tvboxUrl": "https://盒子迷.top/禁止贩卖",
    "updateTime": 1717893857884
  }
]