[
  {
    "createTime": 1695369318234,
    "id": 0,
    "updateTime": 1695369318234,
    "url": "http://wywywy.zhaojiuwanwu.top/api/GetDownUrlMu/7a5a66f2ea8e4f7b8fd798d7d38e4628/14ff830dec274699af9e9ccacf5487eb.m3u8"
  },
  {
    "createTime": 1702995037213,
    "id": 0,
    "updateTime": 1702995037213,
    "url": "http://api.qfffbw.cn:81/content.php?vid\u003dLzdsN1xHvlGOO0OOjzhv3b3BtDBKQQjcX5SSD6XeXeTAmDX2EuQPN7O000O4Ttp8w3CXT429BtRcHLnEjfItdi0gnGFoO000OA0O0O00O0O0\u0026type\u003dlzm3u8"
  },
  {
    "createTime": 1702995068302,
    "id": 0,
    "updateTime": 1702995068302,
    "url": "tvbox-xg:ftp://a.gbl.114s.com:20320/2657/三大队先导预告.mp4"
  },
  {
    "createTime": 1702995213199,
    "id": 0,
    "updateTime": 1702995213199,
    "url": "http://127.0.0.1:-1/proxy?do\u003dali\u0026type\u003dm3u8\u0026file_id\u003d656be383c245d88ba54448c4baa61e1d0643f495\u0026flag\u003d智能"
  },
  {
    "createTime": 1702995213660,
    "id": 0,
    "updateTime": 1702995213660,
    "url": "http://127.0.0.1:-1/proxy?do\u003dali\u0026type\u003dm3u8\u0026file_id\u003d656be383c245d88ba54448c4baa61e1d0643f495\u0026flag\u003d普画"
  },
  {
    "createTime": 1705025691050,
    "id": 0,
    "updateTime": 1705025691050,
    "url": "tvbox-xg:ftp://a.gbl.114s.com:20320/7254/年会不能停！先导预告.mp4"
  },
  {
    "createTime": 1705025715968,
    "id": 0,
    "updateTime": 1705025715968,
    "url": "https://v3.szjal.cn/20191201/VKZfIpLj/index.m3u8"
  },
  {
    "createTime": 1714474955004,
    "id": 0,
    "updateTime": 1714474955004,
    "url": "http%3A%2F%2F117.24.14.14%3A32061%2F%3Furl%3Dhttps%3A%2F%2Fvip.ffzy-play2.com%2F20240428%2F60087_753beab6%2Findex.m3u8"
  }
]