[
  {
    "area": "大陆",
    "createTime": 1702995149245,
    "current": 18615,
    "id": 0,
    "jsonStr": "{\"actor\":\"张译 / 李晨 / 魏晨 / 曹炳琨 / 王骁 / 张子贤 / 杨新鸣 / 陈创 / 黄璐 / 艾丽娅 / 张新成 / 高叶 / 张本煜\",\"area\":\"大陆\",\"des\":\"刑侦大队队长程兵（张译饰）带领的三大队在办理一起恶性案件的过程中导致嫌犯之一意外死亡，被判入狱。出狱后依然坚持以普通人身份追踪在逃嫌犯的故事。电影根据真实事件改编，原载于“网易人间工作室”作者深蓝的… 详情 \",\"director\":\"\",\"endSkipTime\":0,\"head\":\"{\\\"user-agent\\\":\\\"Mozilla/5.0 (Linux; Android 13; Xiaomi 13 Pro) AppleWebKit/537.36 (KHTML, like Gecko) Chrome/113.0.5672.131 Mobile Safari/537.36\\\"}\",\"id\":\"三大队$$$https://img.lzzyimg.com/upload/vod/20230923-1/c59f88e8782415b4538764c0cc17f653.jpg$$$http://kan8.tv/edu-38505.html\",\"jiexiUrl\":\"\",\"name\":\"三大队\",\"pic\":\"https://img.lzzyimg.com/upload/vod/20230923-1/c59f88e8782415b4538764c0cc17f653.jpg\",\"playManagerCore\":0,\"searchGroup\":\"tvbox\",\"searchSort\":70,\"sourceKey\":\"看吧TV\",\"sourceName\":\"🚛看吧TV\",\"sourceType\":3,\"startSkipTime\":0,\"status\":\"\",\"videoLineList\":[{\"name\":\"优酷视频\",\"videoList\":[{\"name\":\"第01集\",\"playUrl\":\"http://kan8.tv/gov-38505-0-0.html\",\"sel\":true}]}],\"year\":\"2023\"}",
    "linePosition": 0,
    "name": "三大队",
    "partIndex": 0,
    "partName": "第01集",
    "pic": "https://img.lzzyimg.com/upload/vod/20230923-1/c59f88e8782415b4538764c0cc17f653.jpg",
    "status": ""
  },
  {
    "createTime": 1702995319090,
    "current": 17219,
    "id": 0,
    "jsonStr": "{\"debugSearchHtml\":\"\u003cli class\u003d\\\"cf list-width\\\"\u003e\\n \u003cdiv class\u003d\\\"top list-hide l\\\"\u003e\u003ca class\u003d\\\"img lazy eclazy br\\\" data-original\u003d\\\"https://sss.image8899.net/upload/vod/20221211-1/cdbb8c6321000598029eb3dd2ea17579.jpg\\\" style\u003d\\\"background-image: url(/template/Ds-wap/img/load.gif);\\\" href\u003d\\\"/voddetail/233127.html\\\" title\u003d\\\"海贼王\\\"\u003e \u003cspan class\u003d\\\"pack-bg br-bt\\\"\u003e\u003c/span\u003e \u003cspan class\u003d\\\"list-remarks hidden\\\"\u003e更新至第1088集\u003c/span\u003e \u003c/a\u003e\\n \u003c/div\u003e\\n \u003cdiv class\u003d\\\"detail r cor4\\\"\u003e\u003ca class\u003d\\\"searchkey\\\" href\u003d\\\"/voddetail/233127.html\\\"\u003e海贼王\u003c/a\u003e\\n  \u003cp\u003e连续剧 / 美国 / 2023\u003c/p\u003e\\n  \u003cp\u003e未知\u003c/p\u003e \u003ca href\u003d\\\"/voddetail/233127.html\\\" class\u003d\\\"btn ol1\\\"\u003e\u003ci class\u003d\\\"fa r-2\\\"\u003e\u003c/i\u003e立即播放\u003c/a\u003e\\n \u003c/div\u003e\u003c/li\u003e\",\"endSkipTime\":0,\"head\":\"{}\",\"name\":\"海贼王\",\"pic\":\"https://sss.image8899.net/upload/vod/20221211-1/cdbb8c6321000598029eb3dd2ea17579.jpg\",\"playManagerCore\":0,\"searchGroup\":\"网页源\",\"searchSort\":200,\"sourceKey\":\"348电影\",\"sourceLink\":\"https://www.348z.com/voddetail/233127.html\",\"sourceName\":\"348电影\",\"sourceType\":1,\"startSkipTime\":0,\"status\":\"\"}",
    "linePosition": 0,
    "name": "海贼王",
    "partIndex": 0,
    "partName": "第01集",
    "pic": "https://sss.image8899.net/upload/vod/20221211-1/cdbb8c6321000598029eb3dd2ea17579.jpg",
    "status": ""
  },
  {
    "area": "美国",
    "createTime": 1702995369235,
    "current": 0,
    "id": 0,
    "jsonStr": "{\"actor\":\"JoeDeBartolo;DarinBowman;MylesValentine;BobbyBozek;琳恩·劳里;GarySoumar;AndreBoyd;LillianLamour;JimmyShay;BillH.Bailey;SamanthaMarie;MichaelHolub;GiannaScheiblein;JayJewitt;PortiaChellelynn;DonnyMartinez;ChantellyJohnson;NixonVicci;莉莲·勒摩尔\",\"area\":\"美国\",\"director\":\"Derek Braasch\",\"doubanId\":\"34856249\",\"endSkipTime\":0,\"head\":\"{}\",\"name\":\"肉体折磨\",\"pic\":\"https://img04.sogoucdn.com/v2/thumb/retype_exclude_gif/ext/auto/q/80/crop/xy/ai/w/258/h/360/resize/w/258?appid\u003d201005\u0026sign\u003d107c8f1c0f7d4574a5e4b619d6d2f313\u0026url\u003dhttp%3A%2F%2Fimg03.sogoucdn.com%2Fapp%2Fa%2F200803%2Fa606ac22bccaf576c3ba3f37d820b0ef\",\"playManagerCore\":0,\"score\":\"\",\"searchSort\":0,\"sourceKey\":\"placehold\",\"sourceType\":0,\"startSkipTime\":0,\"tags\":\"恐怖\",\"year\":\"2023\"}",
    "linePosition": 0,
    "name": "肉体折磨",
    "partIndex": 0,
    "partName": "",
    "pic": "https://img04.sogoucdn.com/v2/thumb/retype_exclude_gif/ext/auto/q/80/crop/xy/ai/w/258/h/360/resize/w/258?appid\u003d201005\u0026sign\u003d107c8f1c0f7d4574a5e4b619d6d2f313\u0026url\u003dhttp%3A%2F%2Fimg03.sogoucdn.com%2Fapp%2Fa%2F200803%2Fa606ac22bccaf576c3ba3f37d820b0ef"
  },
  {
    "area": "中国大陆",
    "createTime": 1705025695107,
    "current": 0,
    "id": 0,
    "jsonStr": "{\"actor\":\"[a\u003dcr:{\\\"id\\\":\\\"大鹏/{pg}\\\",\\\"name\\\":\\\"大鹏\\\"}/]大鹏[/a] [a\u003dcr:{\\\"id\\\":\\\"白客/{pg}\\\",\\\"name\\\":\\\"白客\\\"}/]白客[/a] [a\u003dcr:{\\\"id\\\":\\\"庄达菲/{pg}\\\",\\\"name\\\":\\\"庄达菲\\\"}/]庄达菲[/a] [a\u003dcr:{\\\"id\\\":\\\"王迅/{pg}\\\",\\\"name\\\":\\\"王迅\\\"}/]王迅[/a] [a\u003dcr:{\\\"id\\\":\\\"孙艺洲/{pg}\\\",\\\"name\\\":\\\"孙艺洲\\\"}/]孙艺洲[/a] [a\u003dcr:{\\\"id\\\":\\\"李乃文/{pg}\\\",\\\"name\\\":\\\"李乃文\\\"}/]李乃文[/a]\",\"area\":\"中国大陆\",\"des\":\"集团裁员风波之下，人心惶惶，底层钳工胡建林（大鹏 饰）却被阴差阳错调入集团总部！裹挟在“错调”事件中的人事经理马杰（白客 饰）诚惶诚恐，为保饭碗被迫为其周旋隐瞒。从“工厂”到“大厂”，从“蓝领”变“金领”，胡建林因与大厂环境格格不入而笑料百出，也像一面“职场照妖镜”照出众生相……胡建林为何能在裁员之际一路升职加薪制霸大厂？马杰又能否在“错调”事件中全身而退？这对“天选打工双侠”会引发怎样轰轰烈烈的职场大整顿？\",\"director\":\"[a\u003dcr:{\\\"id\\\":\\\"董润年/{pg}\\\",\\\"name\\\":\\\"董润年\\\"}/]董润年[/a]\",\"endSkipTime\":0,\"head\":\"{}\",\"id\":\"562374\",\"jiexiUrl\":\"\",\"name\":\"年会不能停！\",\"pic\":\"http://dkyd.kcxgtzg.cn/upload/video/2023/11/15/66b7d5f8aed973372b7e24340a9d9d49.JPG@Referer\u003dwww.jianpianapp.com@User-Agent\u003djianpian-version362\",\"playManagerCore\":1,\"searchGroup\":\"tvbox\",\"searchSort\":70,\"sourceKey\":\"huahai\",\"sourceName\":\"4K-HDR🐟花海|弹幕\",\"sourceType\":3,\"startSkipTime\":0,\"status\":\"先导预告\",\"videoLineList\":[{\"name\":\"Jianpian\",\"videoList\":[{\"name\":\"先导预告\",\"playUrl\":\"tvbox-xg:ftp://a.gbl.114s.com:20320/7254/年会不能停！先导预告.mp4\",\"sel\":true}]}],\"year\":\"2023\"}",
    "linePosition": 0,
    "name": "年会不能停！",
    "partIndex": 0,
    "partName": "先导预告",
    "pic": "http://dkyd.kcxgtzg.cn/upload/video/2023/11/15/66b7d5f8aed973372b7e24340a9d9d49.JPG@Referer\u003dwww.jianpianapp.com@User-Agent\u003djianpian-version362",
    "status": "先导预告"
  },
  {
    "area": "大陆香港",
    "createTime": 1705025715969,
    "current": 0,
    "id": 0,
    "jsonStr": "{\"actor\":\"王钟,李修贤,金兴贤,林崇正,宋金来,约翰·拉达尔斯基,吕良伟,张家辉,郑则仕,任达华\",\"area\":\"大陆香港\",\"des\":\"王鍾初次執導《金手指》，叫人刮目相看。繼承了張徹陽剛勇猛的電影風格，將男性情誼發揮成新一代警隊精神。「金手指」意指向警方告密的線人。販毒集團殺害線人啞巴。警方找到啞巴的好友李修賢作臥底，修為友報仇，甘冒險挺身與警方合作，提供線索，追查真兇，最後找出集團主腦，卻是另有其人。八十年代，市民做證人的題材，非常大膽，《金手指》開創寫實警匪片的電影主流，直接影響李修賢後來執導的《公僕》和《皇家飯》。王鍾處理飛車鎗戰場面，火爆刺激，故事峰迴路轉，節奏明快。\",\"director\":\"王钟\",\"endSkipTime\":0,\"head\":\"{}\",\"lang\":\"无\",\"name\":\"金手指\",\"pic\":\"https://pic.monidai.com/img/251a2e6bef08750e66928272bf0ad3cc.jpg\",\"playManagerCore\":1,\"score\":\"1.0\",\"searchGroup\":\"CAT\",\"searchSort\":80,\"sourceKey\":\"csp_普通_看剧吧\",\"sourceLink\":\"\",\"sourceName\":\"CAT_普通_看剧吧(M)\",\"sourceType\":0,\"startSkipTime\":0,\"status\":\"HD\",\"tags\":\"剧情片,情电影\",\"type\":\"剧情片,情电影\",\"videoLineList\":[{\"name\":\"bjm3u8\",\"videoList\":[{\"name\":\"HD\",\"playUrl\":\"https://v3.szjal.cn/20191201/VKZfIpLj/index.m3u8\",\"sel\":true}]}],\"year\":\"1980\"}",
    "linePosition": 0,
    "name": "金手指",
    "partIndex": 0,
    "partName": "HD",
    "pic": "https://pic.monidai.com/img/251a2e6bef08750e66928272bf0ad3cc.jpg",
    "status": "HD",
    "type": "剧情片,情电影"
  },
  {
    "area": "",
    "createTime": 1706335837934,
    "current": 0,
    "id": 0,
    "jsonStr": "{\"actor\":\"危天行\",\"area\":\"\",\"des\":\"高中生吕树在一场车祸中改变了自己的人生轨迹，他不但在车祸中毫发无伤，还觉醒了异能！在这个灵气复苏，全民修行的时代，吕树却通过「怼人」「气人」「噎人」来收集负能量，通过将负能量转化为修行资源的方式不断变强，凭借一张嘴，最终成为了地表最强「大魔王」！\",\"director\":\"动作爱情剧情国产动漫\",\"doubanId\":\"36053744\",\"endSkipTime\":0,\"head\":\"{}\",\"id\":\"https://www.yu992.com/lyd/161921.html\",\"jiexiUrl\":\"\",\"name\":\"大王饶命2\",\"pic\":\"https://pic1.yzzyimg.com/upload/vod/2023-12-30/17039024611.jpg\",\"playManagerCore\":0,\"searchGroup\":\"tvbox\",\"searchSort\":70,\"sourceKey\":\"drpy_js_乐鱼影视\",\"sourceName\":\"💥┃乐鱼2k┃秒播\",\"sourceType\":3,\"startSkipTime\":0,\"status\":\"◎时间：2024-01-21\",\"videoLineList\":[{\"name\":\"乐鱼奇虎\",\"videoList\":[{\"name\":\"1\",\"playUrl\":\"https://www.yu992.com/lyp/161921-6-1.html\",\"sel\":true},{\"name\":\"3\",\"playUrl\":\"https://www.yu992.com/lyp/161921-6-2.html\",\"sel\":false},{\"name\":\"4\",\"playUrl\":\"https://www.yu992.com/lyp/161921-6-3.html\",\"sel\":false}]},{\"name\":\"乐鱼暴雪\",\"videoList\":[{\"name\":\"第01集\",\"playUrl\":\"https://www.yu992.com/lyp/161921-2-1.html\",\"sel\":false},{\"name\":\"第02集\",\"playUrl\":\"https://www.yu992.com/lyp/161921-2-2.html\",\"sel\":false},{\"name\":\"第03集\",\"playUrl\":\"https://www.yu992.com/lyp/161921-2-3.html\",\"sel\":false},{\"name\":\"第04集\",\"playUrl\":\"https://www.yu992.com/lyp/161921-2-4.html\",\"sel\":false},{\"name\":\"第05集\",\"playUrl\":\"https://www.yu992.com/lyp/161921-2-5.html\",\"sel\":false}]},{\"name\":\"乐鱼1080\",\"videoList\":[{\"name\":\"第01集\",\"playUrl\":\"https://www.yu992.com/lyp/161921-3-1.html\",\"sel\":false},{\"name\":\"第02集\",\"playUrl\":\"https://www.yu992.com/lyp/161921-3-2.html\",\"sel\":false},{\"name\":\"第03集\",\"playUrl\":\"https://www.yu992.com/lyp/161921-3-3.html\",\"sel\":false},{\"name\":\"第04集\",\"playUrl\":\"https://www.yu992.com/lyp/161921-3-4.html\",\"sel\":false},{\"name\":\"第05集\",\"playUrl\":\"https://www.yu992.com/lyp/161921-3-5.html\",\"sel\":false}]},{\"name\":\"乐鱼优质\",\"videoList\":[{\"name\":\"第01集\",\"playUrl\":\"https://www.yu992.com/lyp/161921-1-1.html\",\"sel\":false},{\"name\":\"第02集\",\"playUrl\":\"https://www.yu992.com/lyp/161921-1-2.html\",\"sel\":false},{\"name\":\"第03集\",\"playUrl\":\"https://www.yu992.com/lyp/161921-1-3.html\",\"sel\":false},{\"name\":\"第04集\",\"playUrl\":\"https://www.yu992.com/lyp/161921-1-4.html\",\"sel\":false},{\"name\":\"第05集\",\"playUrl\":\"https://www.yu992.com/lyp/161921-1-5.html\",\"sel\":false}]},{\"name\":\"乐鱼极速\",\"videoList\":[{\"name\":\"1\",\"playUrl\":\"https://www.yu992.com/lyp/161921-4-1.html\",\"sel\":false},{\"name\":\"2\",\"playUrl\":\"https://www.yu992.com/lyp/161921-4-2.html\",\"sel\":false},{\"name\":\"3\",\"playUrl\":\"https://www.yu992.com/lyp/161921-4-3.html\",\"sel\":false},{\"name\":\"4\",\"playUrl\":\"https://www.yu992.com/lyp/161921-4-4.html\",\"sel\":false},{\"name\":\"5\",\"playUrl\":\"https://www.yu992.com/lyp/161921-4-5.html\",\"sel\":false}]},{\"name\":\"乐鱼高速\",\"videoList\":[{\"name\":\"1\",\"playUrl\":\"https://www.yu992.com/lyp/161921-5-1.html\",\"sel\":false},{\"name\":\"2\",\"playUrl\":\"https://www.yu992.com/lyp/161921-5-2.html\",\"sel\":false},{\"name\":\"3\",\"playUrl\":\"https://www.yu992.com/lyp/161921-5-3.html\",\"sel\":false},{\"name\":\"4\",\"playUrl\":\"https://www.yu992.com/lyp/161921-5-4.html\",\"sel\":false},{\"name\":\"5\",\"playUrl\":\"https://www.yu992.com/lyp/161921-5-5.html\",\"sel\":false}]}],\"year\":\"\"}",
    "linePosition": 0,
    "name": "大王饶命2",
    "partIndex": 0,
    "partName": "1",
    "pic": "https://pic1.yzzyimg.com/upload/vod/2023-12-30/17039024611.jpg",
    "status": "◎时间：2024-01-21"
  },
  {
    "area": "中国大陆",
    "createTime": 1716187105146,
    "current": 361127,
    "id": 0,
    "jsonStr": "{\"actor\":\"杨天翔,赵爽,阿杰,刘琮\",\"area\":\"中国大陆\",\"des\":\"😎公众号【神秘的哥哥们】免费分享：《大王饶命》改编自阅文著名作家“会说话的肘子”同名小说，讲述了高中生吕树在一场车祸中改变了自己的人生轨迹，他不但在车祸中毫发无伤，还觉醒了异能！在这个灵气复苏，全民修行的时代，吕树却通过「怼人」「气人」「噎人」来收集负能量，通过将负能量转化为修行资源的方式不断变强，凭借一张嘴，最终成为了地表最强「大魔王」！\",\"director\":\"\",\"doubanId\":\"36053744\",\"endSkipTime\":0,\"head\":\"{}\",\"id\":\"209578\",\"jiexiUrl\":\"\",\"name\":\"大王饶命第二季\",\"pic\":\"https://puui.qpic.cn/vcover_vt_pic/0/mzc00200fod41ms1694836557556/0\",\"playManagerCore\":0,\"searchGroup\":\"tvbox\",\"searchSort\":70,\"sourceKey\":\"嘿嘿\",\"sourceName\":\"💡嘿嘿┃App\",\"sourceType\":3,\"startSkipTime\":0,\"status\":\"12集全\",\"videoLineList\":[{\"name\":\"腾讯视频【遇限速,重新进】\",\"videoList\":[{\"name\":\"第1集\",\"playUrl\":\"https://json.oorl.cn/clynb/qq_302/1d90c4a98129867a24a2062c62efce38.m3u8?vkey\u003d4f3285e6c6d4da3c714d0bb2ebcd8cf4\",\"sel\":false},{\"name\":\"第2集\",\"playUrl\":\"https://v.qq.com/x/cover/mzc00200fod41ms/t0047ckd93q.html@qq\",\"sel\":false},{\"name\":\"第3集\",\"playUrl\":\"https://v.qq.com/x/cover/mzc00200fod41ms/a00479dvm8d.html@qq\",\"sel\":false},{\"name\":\"第4集\",\"playUrl\":\"https://v.qq.com/x/cover/mzc00200fod41ms/n0047437ta0.html@qq\",\"sel\":false},{\"name\":\"第5集\",\"playUrl\":\"https://v.qq.com/x/cover/mzc00200fod41ms/e0048oeylej.html@qq\",\"sel\":false}]},{\"name\":\"嘿嘿专列【稳定更新快】\",\"videoList\":[{\"name\":\"1\",\"playUrl\":\"SMDDn5ks-Jl1qjlQafNYUCU7uTWM4WnEwZ2gzUm1MYTdDdmVWVDJrd3p6YnlQY01TSzZnVXd1@seven\",\"sel\":false},{\"name\":\"2\",\"playUrl\":\"SMDD4bT4U3USuPjB47gTkwPwnTWM4WnEwZ2gzUm1MYTdDdmVWVDJreER6YnlQY05qMjQxZ2sw@seven\",\"sel\":false},{\"name\":\"3\",\"playUrl\":\"SMDDdXBcKWqjMeW8vITJ-gs_jTWM4WnEwZ2gzUm1MYTdDdmVWVDJrd1h6YnlQY2JES3FnZ0lo@seven\",\"sel\":false},{\"name\":\"4\",\"playUrl\":\"SMDA8fh_DqOOvOTd29qYq874-TWM4WnEwZ2gzUm1MYTdDdmVWVDJrd3J6YnlQY1lXWHJtMXQx@seven\",\"sel\":false},{\"name\":\"5\",\"playUrl\":\"SMDA6ofZZhrIxzWCaTnypmNVMTWM4WnEwZ2gzUm1MYTdDdmVWVDJrd0h6YnlQVE9qT2xnMTh2@seven\",\"sel\":false},{\"name\":\"6\",\"playUrl\":\"SMDCmJbLvaaXJlZTZmvzD1prdTWM4WnEwZ2gzUm1MYTdDdmVWVDJrd0h6YnlQVE9pZWwyRll5@seven\",\"sel\":false},{\"name\":\"7\",\"playUrl\":\"SMDBqBKDujPoEMgik4j4IH8OiTWM4WnEwZ2gzUm1MYTdDdmVWVDJreEx6YnlQVFpUSHVsa0F5@seven\",\"sel\":false},{\"name\":\"8\",\"playUrl\":\"SMDD9aAYkd7l8aQH58rMc-P9pTWM4WnEwZ2gzUm1MYTdDdmVWVDJreFB6YnlQVE1TQ3JoMUUw@seven\",\"sel\":false},{\"name\":\"9\",\"playUrl\":\"SMDD2xd4maymZyuIDi5fMggv1TWM4WnEwZ2gzUm1MYTdDdmVWVDJreGJ6YnlQVFlpVzNna00x@seven\",\"sel\":false},{\"name\":\"10\",\"playUrl\":\"SMDDikHsqN7bU5JFA7jvOCQHtTWM4WnEwZ2gzUm1MYTdDdmVWVDJreDd6YnlQVFp6ZTZnMUp5@seven\",\"sel\":false},{\"name\":\"11\",\"playUrl\":\"SMDBi-yF27RD8H97qSyVz1NsMTWM4WnEwZ2gzUm1MYTdDdmVWVDJrd0h6YnlQVEl6Vy8yVkE4@seven\",\"sel\":false},{\"name\":\"12\",\"playUrl\":\"SMDDyFeuIxpG3viNGmYCrmHMXTWM4WnEwZ2gzUm1MYTdDdmVWVDJreEx6YnlQVEpDUHFoa0lp@seven\",\"sel\":false}]},{\"name\":\"外剧专用\",\"videoList\":[{\"name\":\"第01集\",\"playUrl\":\"Feiyun-cYmW|2Bo3Pf8z4R05q5bK|2BROcyMegpbBTDbsI9qy6WOJpkcmQmRpDyX|2BobaO3YJ5XWRVyomfdTYgJwJYj4|2F0iC8MFdoV9G4ioGIm66OiX2tR8|3D-FYNB@FYNB\",\"sel\":false},{\"name\":\"第02集\",\"playUrl\":\"Feiyun-cYmW|2Bo3Pf8z4R05q5bK|2BROcyMegpbBTDbsI9qy6WOJoymrYP|2FwSnlmOhU5jC9kWhY52yTRDTPph|2FJL2hb18GrFxUYcdVdOsooqSQtwtKEkA|3D-FYNB@FYNB\",\"sel\":false},{\"name\":\"第03集\",\"playUrl\":\"Feiyun-cYmW|2Bo3Pf8z4R05q5bK|2BROcyMegpbBTDbsI9qy6WOJrkefzNDt5PW2x0|2BseTLv3aoXemuRYBNEvZbkZIEcHar|2BW5Gc08LNynZufpP0caIfw|3D-FYNB@FYNB\",\"sel\":false},{\"name\":\"第05集\",\"playUrl\":\"Feiyun-cYmW|2Bo3Pf8z4R05q5bK|2BROcyMegpbBTDbsI9qy6WOJq6rJ5UCnZuSTWyR4crA38AU95O|2FikL4lVT8sBf|2BL886PvH3JpPJ356ONKH08QtJbQ|3D-FYNB@FYNB\",\"sel\":false},{\"name\":\"第05集\",\"playUrl\":\"Feiyun-cYmW|2Bo3Pf8z4R05q5bK|2BROcyMegpbBTDbsI9qy6WOJoUqVF10TWgfdpk5OF3eKFhzB5GK5axpYvNK92uKqpnFMeyQa3PO2tOVudttex7x5A|3D-FYNB@FYNB\",\"sel\":false},{\"name\":\"第06集\",\"playUrl\":\"Feiyun-cYmW|2Bo3Pf8z4R05q5bK|2BROcyMegpbBTDbsI9qy6WOJrDrkM|2FS|2FDN4h29avr0S4iYPB0dtwR|2BfcM6Jm|2FZKqtNDxAir27FA7xaHyP671nRL|2Bs|3D-FYNB@FYNB\",\"sel\":false}]},{\"name\":\"嘿嘿专线一\",\"videoList\":[{\"name\":\"1\",\"playUrl\":\"NBY-d32f80123eca9c43df10f686cfa1d6ba@NBY\",\"sel\":false},{\"name\":\"2\",\"playUrl\":\"NBY-f1835db1663f13146baa0863e1574bb6@NBY\",\"sel\":false},{\"name\":\"3\",\"playUrl\":\"NBY-a521e08fe372e17b59ea66a595cee3b5@NBY\",\"sel\":false},{\"name\":\"4\",\"playUrl\":\"NBY-6d4dac1a978c51576cd43327fabffedc@NBY\",\"sel\":false},{\"name\":\"5\",\"playUrl\":\"http://121.62.63.181:8080/nby/m3u8/getM3u8?name\u003djx.91by.top\u0026time\u003d1706335903241\u0026url\u003dNBY-cf66ed0d29bc87934c1f6f66c4984131.m3u8\",\"sel\":true}]},{\"name\":\"备用线路\",\"videoList\":[{\"name\":\"第01集\",\"playUrl\":\"canglan-a56648113707155a42fdb00aafe80d0c@CL4K\",\"sel\":false},{\"name\":\"第02集\",\"playUrl\":\"canglan-45b7cd53bae167bf54a30e45af672139@CL4K\",\"sel\":false}]}],\"year\":\"2023\"}",
    "linePosition": 0,
    "name": "大王饶命第二季",
    "partIndex": 4,
    "partName": "5",
    "pic": "https://puui.qpic.cn/vcover_vt_pic/0/mzc00200fod41ms1694836557556/0",
    "status": "12集全"
  }
]