{
  "wbg.video.ad.end.date": "2024-05-20",
  "wbg.video.hot.word.anime": "[\"间谍过家家 代号：白\",\"鬼灭之刃 柱训练篇\",\"你想活出怎样的人生\",\"迷宫饭\",\"怪兽8号\",\"排球少年！！垃圾场决战\",\"哈尔的移动城堡\",\"一起来睡觉\",\"少女乐队的呐喊\",\"葬送的芙莉莲\",\"不时用俄语小声说真心话的邻桌艾莉同学\",\"窗边的小豆豆\",\"间谍过家家 第二季\",\"蓦然回首\",\"机动战士高达SEED FREEDOM\",\"失忆投捕\",\"北极百货店的接待员\",\"无职转生Ⅱ 到了异世界就拿出真本事 Part 2\",\"吹响悠风号3\",\"哆啦A梦：大雄的地球交响乐\"]",
  "wbg.video.hot.word.tv": "[\"唐朝诡事录之西行\",\"少年白马醉春风\",\"错位\",\"长相思 第二季\",\"莲花楼\",\"唐朝诡事录\",\"向阳之处必有声\",\"我们的秘密\",\"你比星光美丽\",\"喜人奇妙夜\",\"玫瑰的故事\",\"黑袍纠察队 第四季\",\"天行健\",\"度华年\",\"是偶然吗?\",\"墨雨云间\",\"夏日咖啡男友\",\"庆余年 第二季\",\"我的阿勒泰\",\"甜蜜家园3\"]",
  "wbg.video.first.open": false,
  "wbg.video.browse.traceless": true,
  "wbg.video.user.agent": "Mozilla/5.0 (Windows NT 10.0; WOW64) AppleWebKit/537.36 (KHTML, like Gecko) Chrome/75.0.3770.145 Safari/537.36 Vivaldi/2.6.1566.49",
  "wbg.video.theme.mode": 0,
  "wbg.video.found.key": "大师兄影视",
  "wbg.video.menu.bottom.live": false,
  "wbg.video.auto.subscribe": false,
  "wbg.video.search.mode": false,
  "wbg.video.hot.word.movie": "[\"抓娃娃\",\"龙卷风\",\"落凡尘\",\"默杀\",\"谈判专家\",\"走走停停\",\"神偷奶爸4\",\"头脑特工队2\",\"泳者之心\",\"传说\",\"喜羊羊与灰太狼之守护\",\"云边有个小卖部\"]",
  "wbg.video.browse.watch.mode": true,
  "wbg.video.announcement": "2024-07-25",
  "wsg.video.app.version": "0.1.28",
  "wbg.video.hot.word.variety": "[\"信用中国\",\"五十公里桃花坞第四季\",\"经典传奇\",\"爱情保卫战\",\"传奇故事\",\"养生堂\",\"这就是中国\",\"新老娘舅\",\"x诊所\",\"第三调解室\",\"欢乐集结号\",\"名医话养生\",\"健康大问诊\",\"群英会\",\"笑动剧场\",\"社会传真\",\"天天七点综\",\"男生女生向前冲第十四季\"]",
  "wbg.search.history.keyword": "[\"大王饶命第二季\",\"大王饶命\",\"大王饶命2\",\"海贼王\"]"
}