[
  {
    "author": "路飞",
    "baseUrl": "https://www.kuyun.app",
    "createTime": 1693468662660,
    "detailAfterInjectJs": "",
    "detailBeforeInjectJs": "",
    "detailPlayLineNameRule": "//ul[@class\u003d\"nav1 nav-tabs active\"]//a/text()",
    "detailPlayLineRule": "//ul[@class\u003d\"myui-content__list scrollbar sort-list clearfix\"]",
    "detailPlayNameRule": "//li/a/text()",
    "detailPlayUrlRule": "//li/a/@href",
    "detailSmartSniff": true,
    "detailUrl": "//a//@href",
    "detailWebview": true,
    "enable": false,
    "enabledExplore": true,
    "exploreWebview": true,
    "group": "网页源",
    "id": 0,
    "isActive": false,
    "key": "酷云影视(网)",
    "name": "酷云影视(网)",
    "note": "",
    "resultNameRule": "//@title",
    "resultParentRule": "//li[@class\u003d\"fed-list-item fed-padding fed-col-xs4 fed-col-sm3 fed-col-md2\"]",
    "resultPicRule": "//@data-original",
    "resultStatusRule": "//a//text()",
    "searchUrl": "https://www.kuyun.app/search.php?searchword\u003d{wd}",
    "searchWebview": false,
    "sort": 200,
    "updateTime": 1716187064579,
    "userAgentType": 1
  },
  {
    "author": "路飞",
    "baseUrl": "http://www.mxdm8.com",
    "createTime": 1693468662661,
    "detailAfterInjectJs": "",
    "detailBeforeInjectJs": "",
    "detailPlayLineNameRule": "//div[@data-dropdown-value]/span/text()",
    "detailPlayLineRule": "//div[@class\u003d\"scroll-content\"]",
    "detailPlayNameRule": "//a/span/text()",
    "detailPlayUrlRule": "//a/@href",
    "detailSmartSniff": true,
    "detailUrl": "//a//@href",
    "detailWebview": true,
    "enable": false,
    "enabledExplore": true,
    "exploreWebview": true,
    "group": "网页源",
    "id": 0,
    "isActive": false,
    "key": "MX动漫",
    "name": "MX动漫",
    "note": "",
    "resultNameRule": "//h3/a/text()",
    "resultParentRule": "//div[@class\u003d\"module-search-item\"]",
    "resultPicRule": "//div[@class\u003d\"module-item-pic\"]/img/@data-src",
    "resultStatusRule": "//div[@class\u003d\"video-info-header\"]/a/text()",
    "searchUrl": "http://www.mxdm8.com/search/{wd}-------------.html",
    "searchWebview": false,
    "sort": 200,
    "updateTime": 1716187064311,
    "userAgentType": 1
  },
  {
    "author": "路飞",
    "baseUrl": "http://www.ntdm8.com",
    "createTime": 1693468662662,
    "detailAfterInjectJs": "",
    "detailBeforeInjectJs": "",
    "detailPlayLineNameRule": "//ul[@class\u003d\"menu0 title\" ]/li/text()",
    "detailPlayLineRule": "//div[@class\u003d\"movurl mod\"]",
    "detailPlayNameRule": "//li/a/text()",
    "detailPlayUrlRule": "//li/a/@href",
    "detailSmartSniff": true,
    "detailUrl": "//a/@href",
    "detailWebview": true,
    "enable": true,
    "enabledExplore": true,
    "exploreWebview": true,
    "group": "网页源",
    "id": 0,
    "isActive": true,
    "key": "NT动漫(主线1080)",
    "name": "NT动漫(主线1080)",
    "note": "",
    "resultNameRule": "//a[@class\u003d\"cell_imform_name\"]/text()",
    "resultParentRule": "//div[@class\u003d\"cell blockdif2\"]",
    "resultPicRule": "//@src",
    "resultStatusRule": "//a/span[@class\u003d\"newname\"]/text()",
    "searchUrl": "http://www.ntdm8.com/search/-------------.html?wd\u003d{wd}\u0026page\u003d1",
    "searchWebview": false,
    "sort": 200,
    "updateTime": 1716187065157,
    "userAgentType": 1
  },
  {
    "author": "路飞",
    "baseUrl": "https://www.citydy.com",
    "createTime": 1693468662662,
    "detailAfterInjectJs": "",
    "detailBeforeInjectJs": "",
    "detailPlayLineNameRule": "//ul[@class\u003d\"details-play-nav my-tab\"]/li[not(contains(@id,\"app\"))]/a/text()",
    "detailPlayLineRule": "//div[contains(@class,\"play-div-oa\")]",
    "detailPlayNameRule": "//li[not(contains(@class,\"open\"))]/a/text()",
    "detailPlayUrlRule": "//li[not(contains(@class,\"open\"))]/a/@href",
    "detailSmartSniff": true,
    "detailUrl": "//a//@href",
    "detailWebview": true,
    "enable": false,
    "enabledExplore": true,
    "exploreWebview": true,
    "group": "网页源",
    "id": 0,
    "isActive": false,
    "key": "城市电影🌐⭐⭐⭐⭐",
    "name": "城市电影🌐⭐⭐⭐⭐",
    "note": "",
    "resultNameRule": "//h2/a/text()",
    "resultParentRule": "//li[@class\u003d\"col-xs-1\"]",
    "resultPicRule": "//img/@data-original",
    "resultStatusRule": "//a/span[@class\u003d\"title text-center text-overflow\"]/text()",
    "searchUrl": "https://www.citydy.com/search.html?wd\u003d{wd}",
    "searchWebview": false,
    "sort": 200,
    "updateTime": 1716187072696,
    "userAgentType": 1
  },
  {
    "author": "路飞",
    "baseUrl": "http://www.huamaotv.com",
    "createTime": 1693468662662,
    "detailAfterInjectJs": "",
    "detailBeforeInjectJs": "",
    "detailPlayLineNameRule": "//div[@class\u003d\"stui-pannel__head clearfix\"]/h3/text()",
    "detailPlayLineRule": "//ul[@class\u003d\"stui-content__playlist clearfix\"]",
    "detailPlayNameRule": "//li/a/text()",
    "detailPlayUrlRule": "//li/a/@href",
    "detailSmartSniff": true,
    "detailUrl": "//a//@href",
    "detailWebview": true,
    "enable": true,
    "enabledExplore": true,
    "exploreWebview": true,
    "group": "网页源",
    "id": 0,
    "isActive": true,
    "key": "花猫TV🌐⭐⭐⭐⭐",
    "name": "花猫TV🌐⭐⭐⭐⭐",
    "note": "",
    "resultNameRule": "//@title",
    "resultParentRule": "//a[@class\u003d\"stui-vodlist__thumb lazyload\"]",
    "resultPicRule": "//@data-original",
    "resultStatusRule": "//a/span/text()",
    "searchUrl": "http://www.huamaotv.com/index.php?m\u003dvod-search\u0026wd\u003d{wd}",
    "searchWebview": false,
    "sort": 200,
    "updateTime": 1716187064721,
    "userAgentType": 1
  },
  {
    "author": "路飞",
    "baseUrl": "http://www.viplanguang.com",
    "createTime": 1693468662663,
    "detailAfterInjectJs": "",
    "detailBeforeInjectJs": "",
    "detailPlayLineNameRule": "//div[@class\u003d\"module-tab-content\"]/div/span/text()",
    "detailPlayLineRule": "//div[@class\u003d\"module-blocklist scroll-box scroll-box-y\"]/div",
    "detailPlayNameRule": "//a/span/text()",
    "detailPlayUrlRule": "//a/@href",
    "detailSmartSniff": true,
    "detailUrl": "//div[@class\u003d\"video-info-header\"]/a[@class\u003d\"video-serial\"]/@href",
    "detailWebview": true,
    "enable": true,
    "enabledExplore": true,
    "exploreWebview": true,
    "group": "网页源",
    "id": 0,
    "isActive": true,
    "key": "Vip蓝光🌐⭐⭐⭐⭐",
    "name": "Vip蓝光🌐⭐⭐⭐⭐",
    "note": "",
    "resultNameRule": "//div[@class\u003d\"video-info-header\"]/a[@class\u003d\"video-serial\"]/@title",
    "resultParentRule": "//div[@class\u003d\"module-search-item\"]",
    "resultPicRule": "//div/div [@class\u003d\"module-item-pic\"]/img/@data-src",
    "resultStatusRule": "//div[@class\u003d\"video-info-header\"]/a[@class\u003d\"video-serial\"]/text ()",
    "searchUrl": "http://www.viplanguang.com/index.php/vod/search.html?wd\u003d{wd}",
    "searchWebview": false,
    "sort": 200,
    "updateTime": 1716187064393,
    "userAgentType": 1
  },
  {
    "author": "路飞",
    "baseUrl": "https://www.348z.com",
    "createTime": 1693468662663,
    "detailAfterInjectJs": "",
    "detailBeforeInjectJs": "",
    "detailPlayLineNameRule": "//div[contains(@id,\u0027tag\u0027)]/a/@alt",
    "detailPlayLineRule": "//div[contains(@id,\u0027playsx\u0027)]",
    "detailPlayNameRule": "//li/a/text()",
    "detailPlayUrlRule": "//li/a/@href",
    "detailSmartSniff": true,
    "detailUrl": "//a//@href",
    "detailWebview": true,
    "enable": true,
    "enabledExplore": true,
    "exploreWebview": true,
    "group": "网页源",
    "id": 0,
    "isActive": true,
    "key": "348电影",
    "name": "348电影",
    "note": "",
    "resultNameRule": "//@title",
    "resultParentRule": "//li[@class\u003d\"cf list-width\"]",
    "resultPicRule": "//@data-original",
    "resultStatusRule": "//a//text()",
    "searchUrl": "https://www.348z.com/vodsearch.html?wd\u003d{wd}",
    "searchWebview": false,
    "sort": 200,
    "updateTime": 1716187066169,
    "userAgentType": 1
  }
]