[
  {
    "createTime": 1714462648563,
    "enable": true,
    "id": 0,
    "localSpiderPath": "/storage/emulated/0/Android/data/com.wbg.video/files/TvBox/CB3761C252D8536AD9F6D346D6CB4D5F.jar",
    "remoteSpiderUrl": "https://fs-im-kefu.7moor-fs1.com/ly/4d2c3f00-7d4c-11e5-af15-41bf63ae4ea0/1715881821088/fan.txt",
    "updateTime": 1715938591892,
    "url": "http://饭太硬.top/tv"
  },
  {
    "createTime": 1714462654769,
    "enable": false,
    "id": 0,
    "localSpiderPath": "/storage/emulated/0/Android/data/com.wbg.video/files/TvBox/54CD308D8C465F82BFDE57B77DE7C284.jar",
    "remoteSpiderUrl": "https://fs-im-kefu.7moor-fs1.com/ly/4d2c3f00-7d4c-11e5-af15-41bf63ae4ea0/1713263749769/fan.txt",
    "updateTime": 1715938429715,
    "url": "http://xhww.fun:63/小米/DEMO.json"
  },
  {
    "createTime": 1714462898768,
    "enable": true,
    "id": 0,
    "localSpiderPath": "/storage/emulated/0/Android/data/com.wbg.video/files/TvBox/9840203BDC3A1DB0E6DCA40DB45CCA86.jar",
    "remoteSpiderUrl": "https://gitee.com/tvbox_2_0/ziji/raw/master/fty.jar",
    "updateTime": 1716186890680,
    "url": "https://gitee.com/tvbox_2_0/ziji/raw/master/ziji.json"
  },
  {
    "createTime": 1717767608707,
    "enable": true,
    "id": 0,
    "localSpiderPath": "/storage/emulated/0/Android/data/com.wbg.video/files/TvBox/11A43049817B238E1263839181690793.jar",
    "remoteSpiderUrl": "https://cloud.lxweb.cn/f/VAbjFr/PandaQ240605.jar",
    "updateTime": 1717767623513,
    "url": "http://肥猫.live"
  },
  {
    "createTime": 1717767629129,
    "enable": true,
    "id": 0,
    "localSpiderPath": "/storage/emulated/0/Android/data/com.wbg.video/files/TvBox/506E9550C0DB9CAF116A9F42C176731E.jar",
    "remoteSpiderUrl": "https://ghproxy.net/raw.githubusercontent.com/CandyMuj/ResourceInterface/main/TVBox/candymuj.jar",
    "updateTime": 1717767635381,
    "url": "https://gitlab.com/noimank/tvbox/-/raw/main/tvbox1.json"
  },
  {
    "createTime": 1717767750973,
    "enable": true,
    "id": 0,
    "localSpiderPath": "/storage/emulated/0/Android/data/com.wbg.video/files/TvBox/D4C9F8DCB98299DEE1B7EA44E142E018.jar",
    "remoteSpiderUrl": "https://files.zohopublic.com.cn/public/workdrive-public/download/gd5ic01b6d4922692401eac6018178d033d06",
    "updateTime": 1717767751874,
    "url": "https://100km.top/0"
  }
]