[
  {
    "area": "美国,英国,中国香港",
    "createTime": 1717672133393,
    "current": 7398,
    "id": 0,
    "jsonStr": "{\"actor\":\"克里斯·帕拉特,塞缪尔·杰克逊,汉娜·沃丁厄姆,文·瑞姆斯,尼古拉斯·霍尔特,塞西莉·斯特朗,哈维·吉兰,博特·高登斯汀,杨伯文,史努比狗狗,贾内尔·詹姆斯 ,安格斯·克劳德,杰夫·福克斯沃西,尤吉尼亚·克鲁索,卢克·辛克·怀特,马克·基弗,马克·汀戴尔\",\"area\":\"美国,英国,中国香港\",\"des\":\"\u003cp\u003e加菲猫（克里斯·帕拉特ChrisPratt配音），这只全球闻名、厌恶星期一、对千层面情有独钟的宅猫，正准备开启一段疯狂的户外奇遇！在与他失散多年的亲生猫爸——不羁的流浪猫维克（塞缪尔·杰克逊SamuelL.Jackson配音）意外重聚后，加菲猫和他的狗狗伙伴欧迪被迫告别了安逸舒适的生活，卷入了一场搞笑又充满刺激的大冒险，而一直娇生惯养的加菲猫，将在这次冒险之旅中蜕变成为上天入地的“猫猫特工”，带着家族直面挑战、化解危机。\u003c/p\u003e\",\"director\":\"马克·汀戴尔\",\"endSkipTime\":0,\"head\":\"{}\",\"jiexiUrl\":\"\",\"lang\":\"英语\",\"name\":\"加菲猫家族\",\"pic\":\"https://www.imgikzy.com/upload/vod/20240601-3/cbc8972ec988b9a2ff8fdf37cfa52863.jpg\",\"playManagerCore\":0,\"score\":\"2.3\",\"searchGroup\":\"tvbox\",\"searchSort\":50,\"sourceKey\":\"csp_xml_ikun\",\"sourceLink\":\"https://ikunzyapi.com/api.php/provide/vod/from/ikm3u8/at/json?ac\u003ddetail\u0026ids\u003d57588\",\"sourceName\":\"爱坤🐔短剧\",\"sourceType\":0,\"startSkipTime\":0,\"status\":\"正片\",\"tags\":\"\",\"type\":\"动画片\",\"videoLineList\":[{\"name\":\"爱坤🐔短剧\",\"videoList\":[{\"name\":\"TC\",\"playUrl\":\"https://ikcdn01.ikzybf.com/20240601/HeIL9cOT/index.m3u8\",\"sel\":true}]}],\"year\":\"2024\"}",
    "linePosition": 0,
    "name": "加菲猫家族",
    "partIndex": 0,
    "partName": "TC",
    "pic": "https://www.imgikzy.com/upload/vod/20240601-3/cbc8972ec988b9a2ff8fdf37cfa52863.jpg",
    "status": "正片",
    "type": "动画片"
  }
]