[
  {
    "createTime": 1717671924494,
    "enable": true,
    "id": 0,
    "localSpiderPath": "/storage/emulated/0/Android/data/com.wbg.video/files/TvBox/046305DEBAE447482EF0F4C1E477BE6D.jar",
    "remoteSpiderUrl": "https://gitee.com/tvbox_2_0/ziji/raw/master/spider.jar",
    "updateTime": 1717671927084,
    "url": "https://gitee.com/tvbox_2_0/ziji/raw/master/ziji.json"
  },
  {
    "createTime": 1717671960191,
    "enable": true,
    "id": 0,
    "updateTime": 1717671960191,
    "url": "http://饭太硬.top/tv"
  },
  {
    "createTime": 1717671977954,
    "enable": true,
    "id": 0,
    "localSpiderPath": "/storage/emulated/0/Android/data/com.wbg.video/files/TvBox/5E77B6E4B5FEE9F90D77B63893F99B23.jar",
    "remoteSpiderUrl": "https://weixine.net/YSC.jar",
    "updateTime": 1717671980445,
    "url": "https://weixine.net/ysc.json"
  }
]