{
  "wbg.video.hot.word.tv": "[\"玫瑰的故事\",\"度华年\",\"熊家餐馆 第三季\",\"我们的秘密\",\"向阳之处必有声\",\"墨雨云间\",\"喜人奇妙夜\",\"庆余年 第二季\",\"颜心记\",\"人生复本 第一季\",\"金庸武侠世界\",\"龙之家族 第二季\",\"我的阿勒泰\",\"黑袍纠察队 第四季\",\"看不见影子的少年\",\"夜色将明\",\"背着善宰跑\",\"天行健\",\"时光代理人\",\"鬼灭之刃 柱训练篇\"]",
  "wbg.video.hot.word.anime": "[\"你想活出怎样的人生\",\"间谍过家家 代号：白\",\"迷宫饭\",\"葬送的芙莉莲\",\"排球少年！！垃圾场决战\",\"哈尔的移动城堡\",\"一起来睡觉\",\"鬼灭之刃 柱训练篇\",\"怪兽8号\",\"憧憬成为魔法少女\",\"少女乐队的呐喊\",\"间谍过家家 第二季\",\"我独自升级\",\"药屋少女的呢喃\",\"名侦探柯南：黑铁的鱼影\",\"窗边的小豆豆\",\"夜晚的水母不会游泳\",\"机动战士高达SEED FREEDOM\",\"北极百货店的接待员\",\"物理魔法使马修 神觉者候补选拔试验篇\"]",
  "wbg.video.first.open": false,
  "wbg.video.hot.word.movie": "[\"寂静之地：入侵日\",\"海关战线\",\"头脑特工队2\",\"来福大酒店\",\"云边有个小卖部\",\"疯狂的麦克斯：狂暴女神\",\"走走停停\",\"机器人之梦\",\"狗阵\",\"谈判专家\",\"绝地战警：生死与共\",\"排球少年！！垃圾场决战\"]",
  "wbg.video.announcement": "2024-06-30",
  "wbg.video.user.agent": "Mozilla/5.0 (Windows NT 10.0; Win64; x64) AppleWebKit/537.36 (KHTML, like Gecko) Chrome/76.0.3809.87 Safari/537.36",
  "wsg.video.app.version": "0.1.28",
  "wbg.video.auto.subscribe": false,
  "wbg.video.hot.word.variety": "[\"信用中国\",\"五十公里桃花坞第四季\",\"养生堂\",\"传奇故事\",\"新老娘舅\",\"第三调解室\",\"经典传奇\",\"欢乐集结号\",\"幸福来敲门\",\"名医话养生\",\"笑动剧场\",\"社会传真\",\"味道掌门\",\"天天七点综\",\"疯狂食验室\",\"男生女生向前冲第十四季\",\"开始推理吧第二季\",\"国家宝藏第四季\"]"
}