[
  {
    "api": "http://api.888484.xyz/神秘哥哥/super.php?v\u003d",
    "apiDetailParseTemplate": 0,
    "apiDetailParseType": 1,
    "builtIn": true,
    "createTime": 1717689410971,
    "enable": false,
    "id": 0,
    "isActive": false,
    "key": "神秘的哥哥们",
    "name": "神秘的哥哥们",
    "sniff": false,
    "sort": 0,
    "tvboxUrl": "https://gitee.com/tvbox_2_0/ziji/raw/master/ziji.json",
    "updateTime": 1717689512419
  },
  {
    "api": "https://api.tyun77.cn/api.php/provide/parseDicturl?url\u003d",
    "apiDetailParseTemplate": 0,
    "apiDetailParseType": 1,
    "builtIn": true,
    "createTime": 1717689410974,
    "enable": false,
    "id": 0,
    "isActive": false,
    "key": "公众号",
    "name": "公众号",
    "sniff": false,
    "sort": 0,
    "tvboxUrl": "https://gitee.com/tvbox_2_0/ziji/raw/master/ziji.json",
    "updateTime": 1717689508472
  },
  {
    "api": "http://xiutan.shiyifacai.com/json/qingfeng.php?url\u003d",
    "apiDetailParseTemplate": 0,
    "apiDetailParseType": 1,
    "builtIn": true,
    "createTime": 1717689410975,
    "enable": false,
    "id": 0,
    "isActive": false,
    "key": "东辰影视",
    "name": "东辰影视",
    "sniff": false,
    "sort": 0,
    "tvboxUrl": "https://gitee.com/tvbox_2_0/ziji/raw/master/ziji.json",
    "updateTime": 1717689508497
  },
  {
    "api": "http://pan.qiaoji8.com/tvbox/neibu.php?url\u003d",
    "apiDetailParseTemplate": 0,
    "apiDetailParseType": 1,
    "builtIn": true,
    "createTime": 1717689410976,
    "enable": false,
    "id": 0,
    "isActive": false,
    "key": "巧技",
    "name": "巧技",
    "sniff": false,
    "sort": 0,
    "tvboxUrl": "https://gitee.com/tvbox_2_0/ziji/raw/master/ziji.json",
    "updateTime": 1717689508622
  },
  {
    "api": "http://pan.qiaoji8.com/tvbox/gouzi.php?url\u003d",
    "apiDetailParseTemplate": 0,
    "apiDetailParseType": 1,
    "builtIn": true,
    "createTime": 1717689410978,
    "enable": false,
    "id": 0,
    "isActive": false,
    "key": "巧技二",
    "name": "巧技二",
    "sniff": false,
    "sort": 0,
    "tvboxUrl": "https://gitee.com/tvbox_2_0/ziji/raw/master/ziji.json",
    "updateTime": 1717689508603
  },
  {
    "api": "https://www.playm3u8.cn/jiexi.php?url\u003d",
    "apiDetailParseTemplate": 0,
    "apiDetailParseType": 1,
    "builtIn": true,
    "createTime": 1717689410981,
    "enable": false,
    "id": 0,
    "isActive": false,
    "key": "手动解析",
    "name": "手动解析",
    "sniff": false,
    "sort": 0,
    "tvboxUrl": "https://gitee.com/tvbox_2_0/ziji/raw/master/ziji.json",
    "updateTime": 1717689508680
  },
  {
    "api": "https://jx.jsonplayer.com/player/?url\u003d",
    "apiDetailParseTemplate": 0,
    "apiDetailParseType": 1,
    "builtIn": true,
    "createTime": 1717689410980,
    "enable": false,
    "id": 0,
    "isActive": false,
    "key": "夜雨聆风",
    "name": "夜雨聆风",
    "sniff": false,
    "sort": 0,
    "tvboxUrl": "https://gitee.com/tvbox_2_0/ziji/raw/master/ziji.json",
    "updateTime": 1717689508661
  },
  {
    "api": "http://42.157.129.144:2323/CH/caihong_1993138546.php?url\u003d",
    "apiDetailParseTemplate": 0,
    "apiDetailParseType": 1,
    "builtIn": true,
    "createTime": 1717689410982,
    "enable": false,
    "id": 0,
    "isActive": false,
    "key": "路飞解析",
    "name": "路飞解析",
    "sniff": false,
    "sort": 0,
    "tvboxUrl": "https://gitee.com/tvbox_2_0/ziji/raw/master/ziji.json",
    "updateTime": 1717689508494
  },
  {
    "api": "https://vip.mosangkeji.com/api/?key\u003dafcQ0C7vUiNOy4tnvG\u0026url\u003d",
    "apiDetailParseTemplate": 0,
    "apiDetailParseType": 1,
    "builtIn": true,
    "createTime": 1717689410982,
    "enable": false,
    "id": 0,
    "isActive": false,
    "key": "布鲁克解析",
    "name": "布鲁克解析",
    "sniff": false,
    "sort": 0,
    "tvboxUrl": "https://gitee.com/tvbox_2_0/ziji/raw/master/ziji.json",
    "updateTime": 1717689508506
  },
  {
    "api": "http://119.91.123.253:2345/Api/yun.php?url\u003d",
    "apiDetailParseTemplate": 0,
    "apiDetailParseType": 1,
    "builtIn": true,
    "createTime": 1717689410984,
    "enable": false,
    "id": 0,
    "isActive": false,
    "key": "乌索普解析",
    "name": "乌索普解析",
    "sniff": false,
    "sort": 0,
    "tvboxUrl": "https://gitee.com/tvbox_2_0/ziji/raw/master/ziji.json",
    "updateTime": 1717689512437
  },
  {
    "api": "http://api.888484.xyz/神秘哥哥/super.php?v\u003d",
    "apiDetailParseTemplate": 0,
    "apiDetailParseType": 1,
    "builtIn": true,
    "createTime": 1717689410984,
    "enable": false,
    "id": 0,
    "isActive": false,
    "key": "鹰眼",
    "name": "鹰眼",
    "sniff": false,
    "sort": 0,
    "tvboxUrl": "https://gitee.com/tvbox_2_0/ziji/raw/master/ziji.json",
    "updateTime": 1717689512446
  },
  {
    "api": "https://json.jienuowl.top/api/?key\u003datqEQhcRiNNEwzjltg\u0026url\u003d",
    "apiDetailParseTemplate": 0,
    "apiDetailParseType": 1,
    "builtIn": true,
    "createTime": 1717689410985,
    "enable": false,
    "id": 0,
    "isActive": false,
    "key": "官方资源专用",
    "name": "官方资源专用",
    "sniff": false,
    "sort": 0,
    "tvboxUrl": "https://gitee.com/tvbox_2_0/ziji/raw/master/ziji.json",
    "updateTime": 1717689508590
  },
  {
    "api": "https://daina.hk/api/?key\u003dc7db78b604d8cfd8932086f72d25529a\u0026url\u003d",
    "apiDetailParseTemplate": 0,
    "apiDetailParseType": 1,
    "builtIn": true,
    "createTime": 1717689410986,
    "enable": false,
    "id": 0,
    "isActive": false,
    "key": "独家云播专用",
    "name": "独家云播专用",
    "sniff": false,
    "sort": 0,
    "tvboxUrl": "https://gitee.com/tvbox_2_0/ziji/raw/master/ziji.json",
    "updateTime": 1717689508517
  },
  {
    "api": "http://119.91.123.253:2345/Api/yun.php?url\u003d",
    "apiDetailParseTemplate": 0,
    "apiDetailParseType": 1,
    "builtIn": true,
    "createTime": 1717689410987,
    "enable": false,
    "id": 0,
    "isActive": false,
    "key": "🌎DB",
    "name": "🌎DB",
    "sniff": false,
    "sort": 0,
    "tvboxUrl": "https://gitee.com/tvbox_2_0/ziji/raw/master/ziji.json",
    "updateTime": 1717689512452
  },
  {
    "api": "https://yinshi.eatuo.com/index.php/mvod/jx2?url\u003d",
    "apiDetailParseTemplate": 0,
    "apiDetailParseType": 1,
    "builtIn": true,
    "createTime": 1717689410988,
    "enable": false,
    "id": 0,
    "isActive": false,
    "key": "乐酷蓝光",
    "name": "乐酷蓝光",
    "sniff": false,
    "sort": 0,
    "tvboxUrl": "https://gitee.com/tvbox_2_0/ziji/raw/master/ziji.json",
    "updateTime": 1717689508700
  },
  {
    "api": "https://jx.playerjy.com/?bli\u003d1\u0026url\u003d",
    "apiDetailParseTemplate": 0,
    "apiDetailParseType": 1,
    "builtIn": true,
    "createTime": 1717689410989,
    "enable": false,
    "id": 0,
    "isActive": false,
    "key": "探探2",
    "name": "探探2",
    "sniff": false,
    "sort": 0,
    "tvboxUrl": "https://gitee.com/tvbox_2_0/ziji/raw/master/ziji.json",
    "updateTime": 1717689509713
  },
  {
    "api": "https://yparse.ik9.cc/index.php?url\u003d\u0026url\u003d",
    "apiDetailParseTemplate": 0,
    "apiDetailParseType": 1,
    "builtIn": true,
    "createTime": 1717689410990,
    "enable": false,
    "id": 0,
    "isActive": false,
    "key": "探探3",
    "name": "探探3",
    "sniff": false,
    "sort": 0,
    "tvboxUrl": "https://gitee.com/tvbox_2_0/ziji/raw/master/ziji.json",
    "updateTime": 1717689508642
  }
]