{
  "wbg.video.hot.word.tv": "[\"墨雨云间\",\"庆余年 第二季\",\"自由大放送：真实监狱实验\",\"看不见影子的少年\",\"我的阿勒泰\",\"狐妖小红娘·月红篇\",\"背着善宰跑\",\"黑社会的我成为了高中生\",\"天行健\",\"驯鹿宝贝\",\"新生\",\"庆余年 第一季\",\"9号秘事 第九季\",\"毕业\",\"职业替身\",\"人生复本 第一季\",\"歌手2024\",\"快乐老友记 第二季\",\"时光正好\",\"鬼灭之刃 柱训练篇\"]",
  "wbg.video.hot.word.anime": "[\"你想活出怎样的人生\",\"间谍过家家 代号：白\",\"葬送的芙莉莲\",\"一起来睡觉\",\"哈尔的移动城堡\",\"迷宫饭\",\"憧憬成为魔法少女\",\"鬼灭之刃 柱训练篇\",\"怪兽8号\",\"间谍过家家 第二季\",\"药屋少女的呢喃\",\"灌篮高手\",\"我独自升级\",\"名侦探柯南：黑铁的鱼影\",\"少女乐队的呐喊\",\"明明是个碍事配角、却被王子给宠爱了\",\"物理魔法使马修 神觉者候补选拔试验篇\",\"忍者神威\",\"排球少年！！垃圾场决战\",\"间谍过家家 第一季\"]",
  "wbg.video.first.open": false,
  "wbg.video.browse.traceless": false,
  "wbg.video.user.agent": "Mozilla/5.0 (Windows NT 10.0; WOW64) AppleWebKit/537.36 (KHTML, like Gecko) Chrome/75.0.3770.143 YaBrowser/19.7.2.470 Yowser/2.5 Safari/537.36",
  "wbg.video.found.key": "素白白",
  "wbg.video.auto.subscribe": false,
  "wbg.video.search.mode": false,
  "wbg.video.hot.word.movie": "[\"疯狂的麦克斯：狂暴女神\",\"美国内战\",\"走走停停\",\"谈判专家\",\"我们一起摇太阳\",\"盟军敢死队\",\"母亲的直觉\",\"哆啦A梦：大雄的地球交响乐\",\"草木人间\",\"特技狂人\",\"异星战境\",\"凶兆前传\",\"错过你的那些年\",\"末路狂花钱\",\"挑战者\",\"猩球崛起：新世界\",\"对你的想象\",\"老狐狸\",\"窗边的小豆豆\",\"破墓\"]",
  "wbg.video.browse.watch.mode": false,
  "wbg.video.announcement": "2024-06-09",
  "wsg.video.app.version": "0.1.28",
  "wbg.video.hot.word.variety": "[\"龙舟竞渡家国端午\",\"一城不止一味—跟着舌尖去旅行\",\"何以端午\",\"旅行任意门\",\"温暖的客栈乐活季\",\"怦怦蹦蹦大课间\",\"第14届全国海洋知识竞赛\",\"益智工程车玩具动画第三季\",\"人气美食\",\"国风超有戏\",\"猫咖营业中\",\"乘风2024训练室全纪录\",\"信用中国\",\"品质中国\",\"势均力敌的我们\",\"乘风2024\",\"法治在线\",\"小小智慧树\"]",
  "wbg.search.history.keyword": "[\"九龙城寨之围城\"]"
}