[
  {
    "createTime": 1717409002409,
    "enable": true,
    "epg": "",
    "id": 1,
    "logo": "",
    "playerType": 0,
    "sort": 50,
    "subLiveUrl": "https://mirror.ghproxy.com/https://raw.githubusercontent.com/qirenzhidao/tvbox18/main/json/adult_2023.txt",
    "subLiveUrlName": "adult_2023",
    "subTvboxUrl": "https://mirror.ghproxy.com/https://raw.githubusercontent.com/qirenzhidao/tvbox18/main/adult.json",
    "type": 0,
    "ua": "okhttp/3.15",
    "updateTime": 1717409002409
  },
  {
    "createTime": 1717409002409,
    "enable": true,
    "epg": "",
    "id": 2,
    "logo": "",
    "playerType": 0,
    "sort": 50,
    "subLiveUrl": "https://mirror.ghproxy.com/https://raw.githubusercontent.com/qirenzhidao/tvbox18/main/json/madou.txt",
    "subLiveUrlName": "madou",
    "subTvboxUrl": "https://mirror.ghproxy.com/https://raw.githubusercontent.com/qirenzhidao/tvbox18/main/adult.json",
    "type": 0,
    "ua": "okhttp/3.15",
    "updateTime": 1717409002409
  },
  {
    "createTime": 1717409002409,
    "enable": true,
    "epg": "",
    "id": 3,
    "logo": "",
    "playerType": 0,
    "sort": 50,
    "subLiveUrl": "https://mirror.ghproxy.com/https://raw.githubusercontent.com/qirenzhidao/tvbox18/main/json/18_adult.txt",
    "subLiveUrlName": "18_adult",
    "subTvboxUrl": "https://mirror.ghproxy.com/https://raw.githubusercontent.com/qirenzhidao/tvbox18/main/adult.json",
    "type": 0,
    "ua": "okhttp/3.15",
    "updateTime": 1717409002409
  },
  {
    "createTime": 1717409002409,
    "enable": true,
    "epg": "",
    "id": 4,
    "logo": "",
    "playerType": 0,
    "sort": 50,
    "subLiveUrl": "https://mirror.ghproxy.com/https://raw.githubusercontent.com/qirenzhidao/tvbox18/main/json/adult.txt",
    "subLiveUrlName": "adult",
    "subTvboxUrl": "https://mirror.ghproxy.com/https://raw.githubusercontent.com/qirenzhidao/tvbox18/main/adult.json",
    "type": 0,
    "ua": "okhttp/3.15",
    "updateTime": 1717409002409
  }
]