[
  {
    "createTime": 1717409002800,
    "enable": true,
    "hide": false,
    "id": 1,
    "name": "🔞🈲精品玩偶",
    "sort": 50,
    "subUrl": "https://mirror.ghproxy.com/https://raw.githubusercontent.com/qirenzhidao/tvbox18/main/adult.json",
    "updateTime": 1717409002800
  },
  {
    "createTime": 1717409002905,
    "enable": true,
    "hide": false,
    "id": 2,
    "name": "🔞🈲射区独家",
    "sort": 50,
    "subUrl": "https://mirror.ghproxy.com/https://raw.githubusercontent.com/qirenzhidao/tvbox18/main/adult.json",
    "updateTime": 1717409002905
  },
  {
    "createTime": 1717409002955,
    "enable": true,
    "hide": false,
    "id": 3,
    "name": "🔞🈲精品MSD",
    "sort": 50,
    "subUrl": "https://mirror.ghproxy.com/https://raw.githubusercontent.com/qirenzhidao/tvbox18/main/adult.json",
    "updateTime": 1717409002955
  },
  {
    "createTime": 1717409003110,
    "enable": true,
    "hide": false,
    "id": 4,
    "name": "🔞🈲精品MSD7月",
    "sort": 50,
    "subUrl": "https://mirror.ghproxy.com/https://raw.githubusercontent.com/qirenzhidao/tvbox18/main/adult.json",
    "updateTime": 1717409003110
  },
  {
    "createTime": 1717409003250,
    "enable": true,
    "hide": false,
    "id": 5,
    "name": "🔞🈲精品MSD星",
    "sort": 50,
    "subUrl": "https://mirror.ghproxy.com/https://raw.githubusercontent.com/qirenzhidao/tvbox18/main/adult.json",
    "updateTime": 1717409003250
  },
  {
    "createTime": 1717409003465,
    "enable": true,
    "hide": false,
    "id": 6,
    "name": "🔞🈲精品MSD1",
    "sort": 50,
    "subUrl": "https://mirror.ghproxy.com/https://raw.githubusercontent.com/qirenzhidao/tvbox18/main/adult.json",
    "updateTime": 1717409003465
  },
  {
    "createTime": 1717409003678,
    "enable": true,
    "hide": false,
    "id": 7,
    "name": "🔞🈲精品MSD2",
    "sort": 50,
    "subUrl": "https://mirror.ghproxy.com/https://raw.githubusercontent.com/qirenzhidao/tvbox18/main/adult.json",
    "updateTime": 1717409003678
  },
  {
    "createTime": 1717409003899,
    "enable": true,
    "hide": false,
    "id": 8,
    "name": "🔞🈲精品MSD4",
    "sort": 50,
    "subUrl": "https://mirror.ghproxy.com/https://raw.githubusercontent.com/qirenzhidao/tvbox18/main/adult.json",
    "updateTime": 1717409003899
  },
  {
    "createTime": 1717409004260,
    "enable": true,
    "hide": false,
    "id": 9,
    "name": "🔞🈲精品MSD6",
    "sort": 50,
    "subUrl": "https://mirror.ghproxy.com/https://raw.githubusercontent.com/qirenzhidao/tvbox18/main/adult.json",
    "updateTime": 1717409004260
  },
  {
    "createTime": 1717409004434,
    "enable": true,
    "hide": false,
    "id": 10,
    "name": "🔞🈲精品MSD7",
    "sort": 50,
    "subUrl": "https://mirror.ghproxy.com/https://raw.githubusercontent.com/qirenzhidao/tvbox18/main/adult.json",
    "updateTime": 1717409004434
  },
  {
    "createTime": 1717409004807,
    "enable": true,
    "hide": false,
    "id": 11,
    "name": "🔞🈲精品MSD9",
    "sort": 50,
    "subUrl": "https://mirror.ghproxy.com/https://raw.githubusercontent.com/qirenzhidao/tvbox18/main/adult.json",
    "updateTime": 1717409004807
  },
  {
    "createTime": 1717409004935,
    "enable": true,
    "hide": false,
    "id": 12,
    "name": "🔞🈲精品MSD11",
    "sort": 50,
    "subUrl": "https://mirror.ghproxy.com/https://raw.githubusercontent.com/qirenzhidao/tvbox18/main/adult.json",
    "updateTime": 1717409004935
  },
  {
    "createTime": 1717409005318,
    "enable": true,
    "hide": false,
    "id": 13,
    "name": "🔞🈲精品MSD12",
    "sort": 50,
    "subUrl": "https://mirror.ghproxy.com/https://raw.githubusercontent.com/qirenzhidao/tvbox18/main/adult.json",
    "updateTime": 1717409005318
  },
  {
    "createTime": 1717409005531,
    "enable": true,
    "hide": false,
    "id": 14,
    "name": "🔞🈲老逗频道",
    "sort": 50,
    "subUrl": "https://mirror.ghproxy.com/https://raw.githubusercontent.com/qirenzhidao/tvbox18/main/adult.json",
    "updateTime": 1717409005531
  },
  {
    "createTime": 1717409005629,
    "enable": true,
    "hide": false,
    "id": 15,
    "name": "🔞三級倫理",
    "sort": 50,
    "subUrl": "https://mirror.ghproxy.com/https://raw.githubusercontent.com/qirenzhidao/tvbox18/main/adult.json",
    "updateTime": 1717409005629
  },
  {
    "createTime": 1717409006898,
    "enable": true,
    "hide": false,
    "id": 16,
    "name": "🔞一本道",
    "sort": 50,
    "subUrl": "https://mirror.ghproxy.com/https://raw.githubusercontent.com/qirenzhidao/tvbox18/main/adult.json",
    "updateTime": 1717409006898
  },
  {
    "createTime": 1717409007601,
    "enable": true,
    "hide": false,
    "id": 17,
    "name": "🔞亚洲无码",
    "sort": 50,
    "subUrl": "https://mirror.ghproxy.com/https://raw.githubusercontent.com/qirenzhidao/tvbox18/main/adult.json",
    "updateTime": 1717409007601
  },
  {
    "createTime": 1717409008670,
    "enable": true,
    "hide": false,
    "id": 18,
    "name": "🔞激情壹区",
    "sort": 50,
    "subUrl": "https://mirror.ghproxy.com/https://raw.githubusercontent.com/qirenzhidao/tvbox18/main/adult.json",
    "updateTime": 1717409008670
  },
  {
    "createTime": 1717409009284,
    "enable": true,
    "hide": false,
    "id": 19,
    "name": "🔞激情贰区",
    "sort": 50,
    "subUrl": "https://mirror.ghproxy.com/https://raw.githubusercontent.com/qirenzhidao/tvbox18/main/adult.json",
    "updateTime": 1717409009284
  },
  {
    "createTime": 1717409009334,
    "enable": true,
    "hide": false,
    "id": 20,
    "name": "🔞激情叁区",
    "sort": 50,
    "subUrl": "https://mirror.ghproxy.com/https://raw.githubusercontent.com/qirenzhidao/tvbox18/main/adult.json",
    "updateTime": 1717409009334
  },
  {
    "createTime": 1717409009504,
    "enable": true,
    "hide": false,
    "id": 21,
    "name": "🔞激情肆区",
    "sort": 50,
    "subUrl": "https://mirror.ghproxy.com/https://raw.githubusercontent.com/qirenzhidao/tvbox18/main/adult.json",
    "updateTime": 1717409009504
  },
  {
    "createTime": 1717409009646,
    "enable": true,
    "hide": false,
    "id": 22,
    "name": "🔞钓老熟女",
    "sort": 50,
    "subUrl": "https://mirror.ghproxy.com/https://raw.githubusercontent.com/qirenzhidao/tvbox18/main/adult.json",
    "updateTime": 1717409009646
  },
  {
    "createTime": 1717409009938,
    "enable": true,
    "hide": false,
    "id": 23,
    "name": "🔞麻豆映画1",
    "sort": 50,
    "subUrl": "https://mirror.ghproxy.com/https://raw.githubusercontent.com/qirenzhidao/tvbox18/main/adult.json",
    "updateTime": 1717409009938
  },
  {
    "createTime": 1717409010249,
    "enable": true,
    "hide": false,
    "id": 24,
    "name": "🔞麻豆映画2",
    "sort": 50,
    "subUrl": "https://mirror.ghproxy.com/https://raw.githubusercontent.com/qirenzhidao/tvbox18/main/adult.json",
    "updateTime": 1717409010249
  },
  {
    "createTime": 1717409014840,
    "enable": true,
    "hide": false,
    "id": 34,
    "name": "【葫芦娃8.27】",
    "sort": 50,
    "subUrl": "https://mirror.ghproxy.com/https://raw.githubusercontent.com/qirenzhidao/tvbox18/main/adult.json",
    "updateTime": 1717409014840
  },
  {
    "createTime": 1717409190007,
    "enable": true,
    "hide": false,
    "id": 35,
    "name": " 【测试2】",
    "sort": 50,
    "subUrl": "https://mirror.ghproxy.com/https://raw.githubusercontent.com/qirenzhidao/tvbox18/main/adult.json",
    "updateTime": 1717409190007
  },
  {
    "createTime": 1717409228913,
    "enable": true,
    "hide": false,
    "id": 36,
    "name": "??SP欧",
    "sort": 50,
    "subUrl": "https://mirror.ghproxy.com/https://raw.githubusercontent.com/qirenzhidao/tvbox18/main/adult.json",
    "updateTime": 1717409228913
  },
  {
    "createTime": 1717409232345,
    "enable": true,
    "hide": false,
    "id": 37,
    "name": "【麻豆映画】",
    "sort": 50,
    "subUrl": "https://mirror.ghproxy.com/https://raw.githubusercontent.com/qirenzhidao/tvbox18/main/adult.json",
    "updateTime": 1717409232345
  },
  {
    "createTime": 1717409235574,
    "enable": true,
    "hide": false,
    "id": 40,
    "name": "【麻豆映画06】",
    "sort": 50,
    "subUrl": "https://mirror.ghproxy.com/https://raw.githubusercontent.com/qirenzhidao/tvbox18/main/adult.json",
    "updateTime": 1717409235574
  },
  {
    "createTime": 1717409261977,
    "enable": true,
    "hide": false,
    "id": 48,
    "name": "【麻豆映画14】",
    "sort": 50,
    "subUrl": "https://mirror.ghproxy.com/https://raw.githubusercontent.com/qirenzhidao/tvbox18/main/adult.json",
    "updateTime": 1717409261977
  },
  {
    "createTime": 1717409264040,
    "enable": true,
    "hide": false,
    "id": 49,
    "name": "【中文无码】",
    "sort": 50,
    "subUrl": "https://mirror.ghproxy.com/https://raw.githubusercontent.com/qirenzhidao/tvbox18/main/adult.json",
    "updateTime": 1717409264040
  },
  {
    "createTime": 1717409265538,
    "enable": true,
    "hide": false,
    "id": 50,
    "name": "【日本AV】",
    "sort": 50,
    "subUrl": "https://mirror.ghproxy.com/https://raw.githubusercontent.com/qirenzhidao/tvbox18/main/adult.json",
    "updateTime": 1717409265538
  },
  {
    "createTime": 1717409266675,
    "enable": true,
    "hide": false,
    "id": 51,
    "name": "【一本道AV】",
    "sort": 50,
    "subUrl": "https://mirror.ghproxy.com/https://raw.githubusercontent.com/qirenzhidao/tvbox18/main/adult.json",
    "updateTime": 1717409266675
  },
  {
    "createTime": 1717409269640,
    "enable": true,
    "hide": false,
    "id": 52,
    "name": "【东热AV】",
    "sort": 50,
    "subUrl": "https://mirror.ghproxy.com/https://raw.githubusercontent.com/qirenzhidao/tvbox18/main/adult.json",
    "updateTime": 1717409269640
  },
  {
    "createTime": 1717409281312,
    "enable": true,
    "hide": false,
    "id": 54,
    "name": "【AV直播】",
    "sort": 50,
    "subUrl": "https://mirror.ghproxy.com/https://raw.githubusercontent.com/qirenzhidao/tvbox18/main/adult.json",
    "updateTime": 1717409281312
  },
  {
    "createTime": 1717409285805,
    "enable": true,
    "hide": false,
    "id": 55,
    "name": "玩轉原力",
    "sort": 50,
    "subUrl": "https://mirror.ghproxy.com/https://raw.githubusercontent.com/qirenzhidao/tvbox18/main/adult.json",
    "updateTime": 1717409285805
  },
  {
    "createTime": 1717409292655,
    "enable": true,
    "hide": false,
    "id": 56,
    "name": "丝袜资源网【日本无码】",
    "sort": 50,
    "subUrl": "https://mirror.ghproxy.com/https://raw.githubusercontent.com/qirenzhidao/tvbox18/main/adult.json",
    "updateTime": 1717409292655
  },
  {
    "createTime": 1717409294103,
    "enable": true,
    "hide": false,
    "id": 59,
    "name": "丝袜资源网【中文字幕】",
    "sort": 50,
    "subUrl": "https://mirror.ghproxy.com/https://raw.githubusercontent.com/qirenzhidao/tvbox18/main/adult.json",
    "updateTime": 1717409294103
  },
  {
    "createTime": 1717409321245,
    "enable": true,
    "hide": false,
    "id": 60,
    "name": "杂项",
    "sort": 50,
    "subUrl": "https://mirror.ghproxy.com/https://raw.githubusercontent.com/qirenzhidao/tvbox18/main/adult.json",
    "updateTime": 1717409321245
  },
  {
    "createTime": 1717409629845,
    "enable": true,
    "hide": false,
    "id": 61,
    "name": "月球",
    "sort": 50,
    "subUrl": "https://mirror.ghproxy.com/https://raw.githubusercontent.com/qirenzhidao/tvbox18/main/adult.json",
    "updateTime": 1717409629845
  },
  {
    "createTime": 1717409629929,
    "enable": true,
    "hide": false,
    "id": 63,
    "name": "【小红帽直播】",
    "sort": 50,
    "subUrl": "https://mirror.ghproxy.com/https://raw.githubusercontent.com/qirenzhidao/tvbox18/main/adult.json",
    "updateTime": 1717409629929
  },
  {
    "createTime": 1717409630465,
    "enable": true,
    "hide": false,
    "id": 64,
    "name": "🌐伦理资源",
    "sort": 50,
    "subUrl": "https://mirror.ghproxy.com/https://raw.githubusercontent.com/qirenzhidao/tvbox18/main/adult.json",
    "updateTime": 1717409630465
  },
  {
    "createTime": 1717409631583,
    "enable": true,
    "hide": false,
    "id": 65,
    "name": "🍪老麻豆",
    "sort": 50,
    "subUrl": "https://mirror.ghproxy.com/https://raw.githubusercontent.com/qirenzhidao/tvbox18/main/adult.json",
    "updateTime": 1717409631583
  },
  {
    "createTime": 1717409634712,
    "enable": true,
    "hide": false,
    "id": 66,
    "name": "  🍯",
    "sort": 50,
    "subUrl": "https://mirror.ghproxy.com/https://raw.githubusercontent.com/qirenzhidao/tvbox18/main/adult.json",
    "updateTime": 1717409634712
  },
  {
    "createTime": 1717409635039,
    "enable": true,
    "hide": false,
    "id": 67,
    "name": "3️⃣级经典",
    "sort": 50,
    "subUrl": "https://mirror.ghproxy.com/https://raw.githubusercontent.com/qirenzhidao/tvbox18/main/adult.json",
    "updateTime": 1717409635039
  },
  {
    "createTime": 1717409635504,
    "enable": true,
    "hide": false,
    "id": 68,
    "name": "🅱️🈵🈵 ",
    "sort": 50,
    "subUrl": "https://mirror.ghproxy.com/https://raw.githubusercontent.com/qirenzhidao/tvbox18/main/adult.json",
    "updateTime": 1717409635504
  },
  {
    "createTime": 1717409636266,
    "enable": true,
    "hide": false,
    "id": 69,
    "name": "🔍公众号",
    "sort": 50,
    "subUrl": "https://mirror.ghproxy.com/https://raw.githubusercontent.com/qirenzhidao/tvbox18/main/adult.json",
    "updateTime": 1717409636266
  },
  {
    "createTime": 1717409636569,
    "enable": true,
    "hide": false,
    "id": 70,
    "name": "📱空格爱分享",
    "sort": 50,
    "subUrl": "https://mirror.ghproxy.com/https://raw.githubusercontent.com/qirenzhidao/tvbox18/main/adult.json",
    "updateTime": 1717409636569
  },
  {
    "createTime": 1717409637548,
    "enable": true,
    "hide": false,
    "id": 71,
    "name": "🆘天果东欧本 ",
    "sort": 50,
    "subUrl": "https://mirror.ghproxy.com/https://raw.githubusercontent.com/qirenzhidao/tvbox18/main/adult.json",
    "updateTime": 1717409637548
  },
  {
    "createTime": 1717409639013,
    "enable": true,
    "hide": false,
    "id": 72,
    "name": "🎎ABMTUCR类",
    "sort": 50,
    "subUrl": "https://mirror.ghproxy.com/https://raw.githubusercontent.com/qirenzhidao/tvbox18/main/adult.json",
    "updateTime": 1717409639013
  },
  {
    "createTime": 1717409643309,
    "enable": true,
    "hide": false,
    "id": 73,
    "name": "🎎杂乱类",
    "sort": 50,
    "subUrl": "https://mirror.ghproxy.com/https://raw.githubusercontent.com/qirenzhidao/tvbox18/main/adult.json",
    "updateTime": 1717409643309
  },
  {
    "createTime": 1717409644139,
    "enable": true,
    "hide": false,
    "id": 74,
    "name": "会员1",
    "sort": 50,
    "subUrl": "https://mirror.ghproxy.com/https://raw.githubusercontent.com/qirenzhidao/tvbox18/main/adult.json",
    "updateTime": 1717409644139
  },
  {
    "createTime": 1717409644384,
    "enable": true,
    "hide": false,
    "id": 75,
    "name": "会员2",
    "sort": 50,
    "subUrl": "https://mirror.ghproxy.com/https://raw.githubusercontent.com/qirenzhidao/tvbox18/main/adult.json",
    "updateTime": 1717409644384
  },
  {
    "createTime": 1717409644633,
    "enable": true,
    "hide": false,
    "id": 76,
    "name": "会员3",
    "sort": 50,
    "subUrl": "https://mirror.ghproxy.com/https://raw.githubusercontent.com/qirenzhidao/tvbox18/main/adult.json",
    "updateTime": 1717409644633
  },
  {
    "createTime": 1717409645130,
    "enable": true,
    "hide": false,
    "id": 77,
    "name": "🌈彩虹頻道",
    "sort": 50,
    "subUrl": "https://mirror.ghproxy.com/https://raw.githubusercontent.com/qirenzhidao/tvbox18/main/adult.json",
    "updateTime": 1717409645130
  },
  {
    "createTime": 1717409645351,
    "enable": true,
    "hide": false,
    "id": 78,
    "name": "👠｜VIP麻豆资源",
    "sort": 50,
    "subUrl": "https://mirror.ghproxy.com/https://raw.githubusercontent.com/qirenzhidao/tvbox18/main/adult.json",
    "updateTime": 1717409645351
  },
  {
    "createTime": 1717409645866,
    "enable": true,
    "hide": false,
    "id": 81,
    "name": "👠VIP高清秒播11",
    "sort": 50,
    "subUrl": "https://mirror.ghproxy.com/https://raw.githubusercontent.com/qirenzhidao/tvbox18/main/adult.json",
    "updateTime": 1717409645866
  },
  {
    "createTime": 1717409646998,
    "enable": true,
    "hide": false,
    "id": 83,
    "name": "👠VIP高清秒播3",
    "sort": 50,
    "subUrl": "https://mirror.ghproxy.com/https://raw.githubusercontent.com/qirenzhidao/tvbox18/main/adult.json",
    "updateTime": 1717409646998
  },
  {
    "createTime": 1717409647360,
    "enable": true,
    "hide": false,
    "id": 85,
    "name": "👠｜VIP欧美1",
    "sort": 50,
    "subUrl": "https://mirror.ghproxy.com/https://raw.githubusercontent.com/qirenzhidao/tvbox18/main/adult.json",
    "updateTime": 1717409647360
  },
  {
    "createTime": 1717409648374,
    "enable": true,
    "hide": false,
    "id": 86,
    "name": "黄色仓库",
    "sort": 50,
    "subUrl": "https://mirror.ghproxy.com/https://raw.githubusercontent.com/qirenzhidao/tvbox18/main/adult.json",
    "updateTime": 1717409648374
  },
  {
    "createTime": 1717409649044,
    "enable": true,
    "hide": false,
    "id": 87,
    "name": "安全屋628",
    "pwd": "",
    "sort": 50,
    "subUrl": "https://mirror.ghproxy.com/https://raw.githubusercontent.com/qirenzhidao/tvbox18/main/adult.json",
    "updateTime": 1717409649044
  },
  {
    "createTime": 1717409650918,
    "enable": true,
    "hide": false,
    "id": 88,
    "name": "玩偶姐姐",
    "pwd": "",
    "sort": 50,
    "subUrl": "https://mirror.ghproxy.com/https://raw.githubusercontent.com/qirenzhidao/tvbox18/main/adult.json",
    "updateTime": 1717409650918
  },
  {
    "createTime": 1717409651405,
    "enable": true,
    "hide": false,
    "id": 89,
    "name": "91製片廠",
    "pwd": "",
    "sort": 50,
    "subUrl": "https://mirror.ghproxy.com/https://raw.githubusercontent.com/qirenzhidao/tvbox18/main/adult.json",
    "updateTime": 1717409651405
  },
  {
    "createTime": 1717409667529,
    "enable": true,
    "hide": false,
    "id": 90,
    "name": "天美傳媒",
    "pwd": "",
    "sort": 50,
    "subUrl": "https://mirror.ghproxy.com/https://raw.githubusercontent.com/qirenzhidao/tvbox18/main/adult.json",
    "updateTime": 1717409667529
  },
  {
    "createTime": 1717409668546,
    "enable": true,
    "hide": false,
    "id": 91,
    "name": "蜜桃傳媒",
    "pwd": "",
    "sort": 50,
    "subUrl": "https://mirror.ghproxy.com/https://raw.githubusercontent.com/qirenzhidao/tvbox18/main/adult.json",
    "updateTime": 1717409668546
  },
  {
    "createTime": 1717409669225,
    "enable": true,
    "hide": false,
    "id": 92,
    "name": "星空傳媒",
    "pwd": "",
    "sort": 50,
    "subUrl": "https://mirror.ghproxy.com/https://raw.githubusercontent.com/qirenzhidao/tvbox18/main/adult.json",
    "updateTime": 1717409669225
  },
  {
    "createTime": 1717409670246,
    "enable": true,
    "hide": false,
    "id": 93,
    "name": "葫蘆影業",
    "pwd": "",
    "sort": 50,
    "subUrl": "https://mirror.ghproxy.com/https://raw.githubusercontent.com/qirenzhidao/tvbox18/main/adult.json",
    "updateTime": 1717409670246
  },
  {
    "createTime": 1717409673666,
    "enable": true,
    "hide": false,
    "id": 94,
    "name": "麻豆傳媒",
    "pwd": "",
    "sort": 50,
    "subUrl": "https://mirror.ghproxy.com/https://raw.githubusercontent.com/qirenzhidao/tvbox18/main/adult.json",
    "updateTime": 1717409673666
  },
  {
    "createTime": 1717409680663,
    "enable": true,
    "hide": false,
    "id": 95,
    "name": "国产传媒",
    "pwd": "",
    "sort": 50,
    "subUrl": "https://mirror.ghproxy.com/https://raw.githubusercontent.com/qirenzhidao/tvbox18/main/adult.json",
    "updateTime": 1717409680663
  },
  {
    "createTime": 1717409691400,
    "enable": true,
    "hide": false,
    "id": 96,
    "name": "果凍傳媒",
    "pwd": "",
    "sort": 50,
    "subUrl": "https://mirror.ghproxy.com/https://raw.githubusercontent.com/qirenzhidao/tvbox18/main/adult.json",
    "updateTime": 1717409691400
  },
  {
    "createTime": 1717409698591,
    "enable": true,
    "hide": false,
    "id": 99,
    "name": "番號",
    "pwd": "",
    "sort": 50,
    "subUrl": "https://mirror.ghproxy.com/https://raw.githubusercontent.com/qirenzhidao/tvbox18/main/adult.json",
    "updateTime": 1717409698591
  },
  {
    "createTime": 1717409734216,
    "enable": true,
    "hide": false,
    "id": 100,
    "name": "瑜伽褲",
    "pwd": "",
    "sort": 50,
    "subUrl": "https://mirror.ghproxy.com/https://raw.githubusercontent.com/qirenzhidao/tvbox18/main/adult.json",
    "updateTime": 1717409734216
  },
  {
    "createTime": 1717409742865,
    "enable": true,
    "hide": false,
    "id": 101,
    "name": "野外系列",
    "pwd": "",
    "sort": 50,
    "subUrl": "https://mirror.ghproxy.com/https://raw.githubusercontent.com/qirenzhidao/tvbox18/main/adult.json",
    "updateTime": 1717409742865
  },
  {
    "createTime": 1717409758175,
    "enable": true,
    "hide": false,
    "id": 102,
    "name": "學生中出",
    "pwd": "",
    "sort": 50,
    "subUrl": "https://mirror.ghproxy.com/https://raw.githubusercontent.com/qirenzhidao/tvbox18/main/adult.json",
    "updateTime": 1717409758175
  },
  {
    "createTime": 1717409778268,
    "enable": true,
    "hide": false,
    "id": 103,
    "name": "性感人妻",
    "pwd": "",
    "sort": 50,
    "subUrl": "https://mirror.ghproxy.com/https://raw.githubusercontent.com/qirenzhidao/tvbox18/main/adult.json",
    "updateTime": 1717409778268
  },
  {
    "createTime": 1717409818087,
    "enable": true,
    "hide": false,
    "id": 104,
    "name": "性感旗袍",
    "pwd": "",
    "sort": 50,
    "subUrl": "https://mirror.ghproxy.com/https://raw.githubusercontent.com/qirenzhidao/tvbox18/main/adult.json",
    "updateTime": 1717409818087
  },
  {
    "createTime": 1717409830019,
    "enable": true,
    "hide": false,
    "id": 105,
    "name": "性感港姐",
    "pwd": "",
    "sort": 50,
    "subUrl": "https://mirror.ghproxy.com/https://raw.githubusercontent.com/qirenzhidao/tvbox18/main/adult.json",
    "updateTime": 1717409830019
  },
  {
    "createTime": 1717409851991,
    "enable": true,
    "hide": false,
    "id": 106,
    "name": "童真蘿莉",
    "pwd": "",
    "sort": 50,
    "subUrl": "https://mirror.ghproxy.com/https://raw.githubusercontent.com/qirenzhidao/tvbox18/main/adult.json",
    "updateTime": 1717409851991
  },
  {
    "createTime": 1717409886088,
    "enable": true,
    "hide": false,
    "id": 107,
    "name": "童顏巨乳",
    "pwd": "",
    "sort": 50,
    "subUrl": "https://mirror.ghproxy.com/https://raw.githubusercontent.com/qirenzhidao/tvbox18/main/adult.json",
    "updateTime": 1717409886088
  },
  {
    "createTime": 1717409935052,
    "enable": true,
    "hide": false,
    "id": 108,
    "name": "絲襪OL",
    "pwd": "",
    "sort": 50,
    "subUrl": "https://mirror.ghproxy.com/https://raw.githubusercontent.com/qirenzhidao/tvbox18/main/adult.json",
    "updateTime": 1717409935052
  },
  {
    "createTime": 1717409989354,
    "enable": true,
    "hide": false,
    "id": 109,
    "name": "作品",
    "pwd": "",
    "sort": 50,
    "subUrl": "https://mirror.ghproxy.com/https://raw.githubusercontent.com/qirenzhidao/tvbox18/main/adult.json",
    "updateTime": 1717409989354
  },
  {
    "createTime": 1717410003111,
    "enable": true,
    "hide": false,
    "id": 110,
    "name": "騷貨護士",
    "pwd": "",
    "sort": 50,
    "subUrl": "https://mirror.ghproxy.com/https://raw.githubusercontent.com/qirenzhidao/tvbox18/main/adult.json",
    "updateTime": 1717410003111
  },
  {
    "createTime": 1717410032557,
    "enable": true,
    "hide": false,
    "id": 111,
    "name": "多P3P",
    "pwd": "",
    "sort": 50,
    "subUrl": "https://mirror.ghproxy.com/https://raw.githubusercontent.com/qirenzhidao/tvbox18/main/adult.json",
    "updateTime": 1717410032557
  },
  {
    "createTime": 1717410082687,
    "enable": true,
    "hide": false,
    "id": 112,
    "name": "情色",
    "pwd": "",
    "sort": 50,
    "subUrl": "https://mirror.ghproxy.com/https://raw.githubusercontent.com/qirenzhidao/tvbox18/main/adult.json",
    "updateTime": 1717410082687
  },
  {
    "createTime": 1717410108133,
    "enable": true,
    "hide": false,
    "id": 113,
    "name": "口爆顏射",
    "pwd": "",
    "sort": 50,
    "subUrl": "https://mirror.ghproxy.com/https://raw.githubusercontent.com/qirenzhidao/tvbox18/main/adult.json",
    "updateTime": 1717410108133
  },
  {
    "createTime": 1717410151537,
    "enable": true,
    "hide": false,
    "id": 114,
    "name": "戀腿癖",
    "pwd": "",
    "sort": 50,
    "subUrl": "https://mirror.ghproxy.com/https://raw.githubusercontent.com/qirenzhidao/tvbox18/main/adult.json",
    "updateTime": 1717410151537
  },
  {
    "createTime": 1717410180034,
    "enable": true,
    "hide": false,
    "id": 115,
    "name": "凌辱束縛",
    "pwd": "",
    "sort": 50,
    "subUrl": "https://mirror.ghproxy.com/https://raw.githubusercontent.com/qirenzhidao/tvbox18/main/adult.json",
    "updateTime": 1717410180034
  },
  {
    "createTime": 1717410204348,
    "enable": true,
    "hide": false,
    "id": 116,
    "name": "女僕系列",
    "pwd": "",
    "sort": 50,
    "subUrl": "https://mirror.ghproxy.com/https://raw.githubusercontent.com/qirenzhidao/tvbox18/main/adult.json",
    "updateTime": 1717410204348
  },
  {
    "createTime": 1717410237186,
    "enable": true,
    "hide": false,
    "id": 117,
    "name": "女同人妖",
    "pwd": "",
    "sort": 50,
    "subUrl": "https://mirror.ghproxy.com/https://raw.githubusercontent.com/qirenzhidao/tvbox18/main/adult.json",
    "updateTime": 1717410237186
  },
  {
    "createTime": 1717410253878,
    "enable": true,
    "hide": false,
    "id": 118,
    "name": "強姦亂倫",
    "pwd": "",
    "sort": 50,
    "subUrl": "https://mirror.ghproxy.com/https://raw.githubusercontent.com/qirenzhidao/tvbox18/main/adult.json",
    "updateTime": 1717410253878
  },
  {
    "createTime": 1717410312061,
    "enable": true,
    "hide": false,
    "id": 119,
    "name": "日本片商",
    "pwd": "",
    "sort": 50,
    "subUrl": "https://mirror.ghproxy.com/https://raw.githubusercontent.com/qirenzhidao/tvbox18/main/adult.json",
    "updateTime": 1717410312061
  },
  {
    "createTime": 1717410354745,
    "enable": true,
    "hide": false,
    "id": 120,
    "name": "刺激彩蛋",
    "sort": 50,
    "subUrl": "https://mirror.ghproxy.com/https://raw.githubusercontent.com/qirenzhidao/tvbox18/main/adult.json",
    "updateTime": 1717410354745
  },
  {
    "createTime": 1717410362443,
    "enable": true,
    "hide": false,
    "id": 121,
    "name": "日本無碼",
    "pwd": "",
    "sort": 50,
    "subUrl": "https://mirror.ghproxy.com/https://raw.githubusercontent.com/qirenzhidao/tvbox18/main/adult.json",
    "updateTime": 1717410362443
  },
  {
    "createTime": 1717410501867,
    "enable": true,
    "hide": false,
    "id": 122,
    "name": "日本有碼",
    "pwd": "",
    "sort": 50,
    "subUrl": "https://mirror.ghproxy.com/https://raw.githubusercontent.com/qirenzhidao/tvbox18/main/adult.json",
    "updateTime": 1717410501867
  },
  {
    "createTime": 1717410593574,
    "enable": true,
    "hide": false,
    "id": 125,
    "name": "无码",
    "pwd": "",
    "sort": 50,
    "subUrl": "https://mirror.ghproxy.com/https://raw.githubusercontent.com/qirenzhidao/tvbox18/main/adult.json",
    "updateTime": 1717410593574
  },
  {
    "createTime": 1717410676468,
    "enable": true,
    "hide": false,
    "id": 127,
    "name": "永濑女神专场",
    "pwd": "",
    "sort": 50,
    "subUrl": "https://mirror.ghproxy.com/https://raw.githubusercontent.com/qirenzhidao/tvbox18/main/adult.json",
    "updateTime": 1717410676468
  },
  {
    "createTime": 1717410677002,
    "enable": true,
    "hide": false,
    "id": 128,
    "name": "新绿茶",
    "pwd": "",
    "sort": 50,
    "subUrl": "https://mirror.ghproxy.com/https://raw.githubusercontent.com/qirenzhidao/tvbox18/main/adult.json",
    "updateTime": 1717410677002
  },
  {
    "createTime": 1717410776026,
    "enable": true,
    "hide": false,
    "id": 129,
    "name": "一本",
    "pwd": "",
    "sort": 50,
    "subUrl": "https://mirror.ghproxy.com/https://raw.githubusercontent.com/qirenzhidao/tvbox18/main/adult.json",
    "updateTime": 1717410776026
  },
  {
    "createTime": 1717410789664,
    "enable": true,
    "hide": false,
    "id": 130,
    "name": "动漫",
    "pwd": "",
    "sort": 50,
    "subUrl": "https://mirror.ghproxy.com/https://raw.githubusercontent.com/qirenzhidao/tvbox18/main/adult.json",
    "updateTime": 1717410789664
  },
  {
    "createTime": 1717410798231,
    "enable": true,
    "hide": false,
    "id": 131,
    "name": "AI亦菲",
    "pwd": "",
    "sort": 50,
    "subUrl": "https://mirror.ghproxy.com/https://raw.githubusercontent.com/qirenzhidao/tvbox18/main/adult.json",
    "updateTime": 1717410798231
  },
  {
    "createTime": 1717410804907,
    "enable": true,
    "hide": false,
    "id": 132,
    "name": "AI幂",
    "pwd": "",
    "sort": 50,
    "subUrl": "https://mirror.ghproxy.com/https://raw.githubusercontent.com/qirenzhidao/tvbox18/main/adult.json",
    "updateTime": 1717410804907
  },
  {
    "createTime": 1717410811432,
    "enable": true,
    "hide": false,
    "id": 133,
    "name": "IA热",
    "pwd": "",
    "sort": 50,
    "subUrl": "https://mirror.ghproxy.com/https://raw.githubusercontent.com/qirenzhidao/tvbox18/main/adult.json",
    "updateTime": 1717410811432
  },
  {
    "createTime": 1717410823189,
    "enable": true,
    "hide": false,
    "id": 134,
    "name": "IA其他",
    "pwd": "",
    "sort": 50,
    "subUrl": "https://mirror.ghproxy.com/https://raw.githubusercontent.com/qirenzhidao/tvbox18/main/adult.json",
    "updateTime": 1717410823189
  },
  {
    "createTime": 1717410832116,
    "enable": true,
    "hide": false,
    "id": 135,
    "name": "苍",
    "pwd": "",
    "sort": 50,
    "subUrl": "https://mirror.ghproxy.com/https://raw.githubusercontent.com/qirenzhidao/tvbox18/main/adult.json",
    "updateTime": 1717410832116
  },
  {
    "createTime": 1717410835943,
    "enable": true,
    "hide": false,
    "id": 136,
    "name": "椎名空",
    "pwd": "",
    "sort": 50,
    "subUrl": "https://mirror.ghproxy.com/https://raw.githubusercontent.com/qirenzhidao/tvbox18/main/adult.json",
    "updateTime": 1717410835943
  },
  {
    "createTime": 1717410840429,
    "enable": true,
    "hide": false,
    "id": 137,
    "name": "絵色千佳",
    "pwd": "",
    "sort": 50,
    "subUrl": "https://mirror.ghproxy.com/https://raw.githubusercontent.com/qirenzhidao/tvbox18/main/adult.json",
    "updateTime": 1717410840429
  },
  {
    "createTime": 1717410841609,
    "enable": true,
    "hide": false,
    "id": 138,
    "name": "佐佐木亚希",
    "pwd": "",
    "sort": 50,
    "subUrl": "https://mirror.ghproxy.com/https://raw.githubusercontent.com/qirenzhidao/tvbox18/main/adult.json",
    "updateTime": 1717410841609
  },
  {
    "createTime": 1717410848933,
    "enable": true,
    "hide": false,
    "id": 139,
    "name": "希岛爱理",
    "pwd": "",
    "sort": 50,
    "subUrl": "https://mirror.ghproxy.com/https://raw.githubusercontent.com/qirenzhidao/tvbox18/main/adult.json",
    "updateTime": 1717410848933
  },
  {
    "createTime": 1717410854812,
    "enable": true,
    "hide": false,
    "id": 140,
    "name": "夏目彩春",
    "pwd": "",
    "sort": 50,
    "subUrl": "https://mirror.ghproxy.com/https://raw.githubusercontent.com/qirenzhidao/tvbox18/main/adult.json",
    "updateTime": 1717410854812
  },
  {
    "createTime": 1717410857865,
    "enable": true,
    "hide": false,
    "id": 141,
    "name": "向井藍",
    "pwd": "",
    "sort": 50,
    "subUrl": "https://mirror.ghproxy.com/https://raw.githubusercontent.com/qirenzhidao/tvbox18/main/adult.json",
    "updateTime": 1717410857865
  },
  {
    "createTime": 1717410861685,
    "enable": true,
    "hide": false,
    "id": 142,
    "name": "河南実里",
    "pwd": "",
    "sort": 50,
    "subUrl": "https://mirror.ghproxy.com/https://raw.githubusercontent.com/qirenzhidao/tvbox18/main/adult.json",
    "updateTime": 1717410861685
  },
  {
    "createTime": 1717410863708,
    "enable": true,
    "hide": false,
    "id": 143,
    "name": "吉沢明歩",
    "pwd": "",
    "sort": 50,
    "subUrl": "https://mirror.ghproxy.com/https://raw.githubusercontent.com/qirenzhidao/tvbox18/main/adult.json",
    "updateTime": 1717410863708
  },
  {
    "createTime": 1717410868198,
    "enable": true,
    "hide": false,
    "id": 144,
    "name": "波多野結衣",
    "pwd": "",
    "sort": 50,
    "subUrl": "https://mirror.ghproxy.com/https://raw.githubusercontent.com/qirenzhidao/tvbox18/main/adult.json",
    "updateTime": 1717410868198
  },
  {
    "createTime": 1717410877906,
    "enable": true,
    "hide": false,
    "id": 145,
    "name": "君岛美绪",
    "pwd": "",
    "sort": 50,
    "subUrl": "https://mirror.ghproxy.com/https://raw.githubusercontent.com/qirenzhidao/tvbox18/main/adult.json",
    "updateTime": 1717410877906
  },
  {
    "createTime": 1717410884413,
    "enable": true,
    "hide": false,
    "id": 146,
    "name": "相泽南",
    "pwd": "",
    "sort": 50,
    "subUrl": "https://mirror.ghproxy.com/https://raw.githubusercontent.com/qirenzhidao/tvbox18/main/adult.json",
    "updateTime": 1717410884413
  },
  {
    "createTime": 1717410886304,
    "enable": true,
    "hide": false,
    "id": 147,
    "name": "小岛南",
    "pwd": "",
    "sort": 50,
    "subUrl": "https://mirror.ghproxy.com/https://raw.githubusercontent.com/qirenzhidao/tvbox18/main/adult.json",
    "updateTime": 1717410886304
  },
  {
    "createTime": 1717410890887,
    "enable": true,
    "hide": false,
    "id": 148,
    "name": "其他",
    "pwd": "",
    "sort": 50,
    "subUrl": "https://mirror.ghproxy.com/https://raw.githubusercontent.com/qirenzhidao/tvbox18/main/adult.json",
    "updateTime": 1717410890887
  },
  {
    "createTime": 1717410898444,
    "enable": true,
    "hide": false,
    "id": 149,
    "name": "9.7",
    "pwd": "",
    "sort": 50,
    "subUrl": "https://mirror.ghproxy.com/https://raw.githubusercontent.com/qirenzhidao/tvbox18/main/adult.json",
    "updateTime": 1717410898444
  },
  {
    "createTime": 1717411178604,
    "enable": true,
    "hide": false,
    "id": 150,
    "name": "最近更新",
    "sort": 50,
    "subUrl": "https://mirror.ghproxy.com/https://raw.githubusercontent.com/qirenzhidao/tvbox18/main/adult.json",
    "updateTime": 1717411178604
  },
  {
    "createTime": 1717411201754,
    "enable": true,
    "hide": false,
    "id": 152,
    "name": "无码中文",
    "sort": 50,
    "subUrl": "https://mirror.ghproxy.com/https://raw.githubusercontent.com/qirenzhidao/tvbox18/main/adult.json",
    "updateTime": 1717411201754
  },
  {
    "createTime": 1717411234385,
    "enable": true,
    "hide": false,
    "id": 154,
    "name": "国产视频1",
    "sort": 50,
    "subUrl": "https://mirror.ghproxy.com/https://raw.githubusercontent.com/qirenzhidao/tvbox18/main/adult.json",
    "updateTime": 1717411234385
  },
  {
    "createTime": 1717411256251,
    "enable": true,
    "hide": false,
    "id": 155,
    "name": "国产视频2",
    "sort": 50,
    "subUrl": "https://mirror.ghproxy.com/https://raw.githubusercontent.com/qirenzhidao/tvbox18/main/adult.json",
    "updateTime": 1717411256251
  },
  {
    "createTime": 1717411278825,
    "enable": true,
    "hide": false,
    "id": 156,
    "name": "国产视频3",
    "sort": 50,
    "subUrl": "https://mirror.ghproxy.com/https://raw.githubusercontent.com/qirenzhidao/tvbox18/main/adult.json",
    "updateTime": 1717411278825
  },
  {
    "createTime": 1717411300982,
    "enable": true,
    "hide": false,
    "id": 157,
    "name": "国产视频4",
    "sort": 50,
    "subUrl": "https://mirror.ghproxy.com/https://raw.githubusercontent.com/qirenzhidao/tvbox18/main/adult.json",
    "updateTime": 1717411300982
  },
  {
    "createTime": 1717411323004,
    "enable": true,
    "hide": false,
    "id": 158,
    "name": "国产视频5",
    "sort": 50,
    "subUrl": "https://mirror.ghproxy.com/https://raw.githubusercontent.com/qirenzhidao/tvbox18/main/adult.json",
    "updateTime": 1717411323004
  },
  {
    "createTime": 1717411346191,
    "enable": true,
    "hide": false,
    "id": 159,
    "name": "国产视频6",
    "sort": 50,
    "subUrl": "https://mirror.ghproxy.com/https://raw.githubusercontent.com/qirenzhidao/tvbox18/main/adult.json",
    "updateTime": 1717411346191
  },
  {
    "createTime": 1717411368916,
    "enable": true,
    "hide": false,
    "id": 160,
    "name": "国产视频7",
    "sort": 50,
    "subUrl": "https://mirror.ghproxy.com/https://raw.githubusercontent.com/qirenzhidao/tvbox18/main/adult.json",
    "updateTime": 1717411368916
  },
  {
    "createTime": 1717411391706,
    "enable": true,
    "hide": false,
    "id": 161,
    "name": "国产视频8",
    "sort": 50,
    "subUrl": "https://mirror.ghproxy.com/https://raw.githubusercontent.com/qirenzhidao/tvbox18/main/adult.json",
    "updateTime": 1717411391706
  },
  {
    "createTime": 1717411593123,
    "enable": true,
    "hide": false,
    "id": 170,
    "name": "精品推荐",
    "sort": 50,
    "subUrl": "https://mirror.ghproxy.com/https://raw.githubusercontent.com/qirenzhidao/tvbox18/main/adult.json",
    "updateTime": 1717411593123
  },
  {
    "createTime": 1717411637173,
    "enable": true,
    "hide": false,
    "id": 171,
    "name": "国产色情",
    "sort": 50,
    "subUrl": "https://mirror.ghproxy.com/https://raw.githubusercontent.com/qirenzhidao/tvbox18/main/adult.json",
    "updateTime": 1717411637173
  },
  {
    "createTime": 1717411665753,
    "enable": true,
    "hide": false,
    "id": 172,
    "name": "亚洲无码",
    "sort": 50,
    "subUrl": "https://mirror.ghproxy.com/https://raw.githubusercontent.com/qirenzhidao/tvbox18/main/adult.json",
    "updateTime": 1717411665753
  },
  {
    "createTime": 1717411712108,
    "enable": true,
    "hide": false,
    "id": 173,
    "name": "中文字幕",
    "sort": 50,
    "subUrl": "https://mirror.ghproxy.com/https://raw.githubusercontent.com/qirenzhidao/tvbox18/main/adult.json",
    "updateTime": 1717411712108
  },
  {
    "createTime": 1717411749594,
    "enable": true,
    "hide": false,
    "id": 174,
    "name": "人妻熟女",
    "sort": 50,
    "subUrl": "https://mirror.ghproxy.com/https://raw.githubusercontent.com/qirenzhidao/tvbox18/main/adult.json",
    "updateTime": 1717411749594
  },
  {
    "createTime": 1717411785974,
    "enable": true,
    "hide": false,
    "id": 175,
    "name": "强奸乱伦",
    "sort": 50,
    "subUrl": "https://mirror.ghproxy.com/https://raw.githubusercontent.com/qirenzhidao/tvbox18/main/adult.json",
    "updateTime": 1717411785974
  },
  {
    "createTime": 1717411818148,
    "enable": true,
    "hide": false,
    "id": 176,
    "name": "欧美精品",
    "sort": 50,
    "subUrl": "https://mirror.ghproxy.com/https://raw.githubusercontent.com/qirenzhidao/tvbox18/main/adult.json",
    "updateTime": 1717411818148
  },
  {
    "createTime": 1717411901316,
    "enable": true,
    "hide": false,
    "id": 177,
    "name": "萝莉少女",
    "sort": 50,
    "subUrl": "https://mirror.ghproxy.com/https://raw.githubusercontent.com/qirenzhidao/tvbox18/main/adult.json",
    "updateTime": 1717411901316
  },
  {
    "createTime": 1717411939534,
    "enable": true,
    "hide": false,
    "id": 178,
    "name": "制服丝袜",
    "sort": 50,
    "subUrl": "https://mirror.ghproxy.com/https://raw.githubusercontent.com/qirenzhidao/tvbox18/main/adult.json",
    "updateTime": 1717411939534
  },
  {
    "createTime": 1717411980729,
    "enable": true,
    "hide": false,
    "id": 179,
    "name": "口交颜射",
    "sort": 50,
    "subUrl": "https://mirror.ghproxy.com/https://raw.githubusercontent.com/qirenzhidao/tvbox18/main/adult.json",
    "updateTime": 1717411980729
  },
  {
    "createTime": 1717412020991,
    "enable": true,
    "hide": false,
    "id": 180,
    "name": "日本精品",
    "sort": 50,
    "subUrl": "https://mirror.ghproxy.com/https://raw.githubusercontent.com/qirenzhidao/tvbox18/main/adult.json",
    "updateTime": 1717412020991
  },
  {
    "createTime": 1717412076256,
    "enable": true,
    "hide": false,
    "id": 181,
    "name": "台湾辣妹",
    "sort": 50,
    "subUrl": "https://mirror.ghproxy.com/https://raw.githubusercontent.com/qirenzhidao/tvbox18/main/adult.json",
    "updateTime": 1717412076256
  },
  {
    "createTime": 1717412108810,
    "enable": true,
    "hide": false,
    "id": 182,
    "name": "韩国御姐",
    "sort": 50,
    "subUrl": "https://mirror.ghproxy.com/https://raw.githubusercontent.com/qirenzhidao/tvbox18/main/adult.json",
    "updateTime": 1717412108810
  },
  {
    "createTime": 1717412146724,
    "enable": true,
    "hide": false,
    "id": 183,
    "name": "唯美港姐",
    "sort": 50,
    "subUrl": "https://mirror.ghproxy.com/https://raw.githubusercontent.com/qirenzhidao/tvbox18/main/adult.json",
    "updateTime": 1717412146724
  },
  {
    "createTime": 1717412184160,
    "enable": true,
    "hide": false,
    "id": 184,
    "name": "东南亚AV",
    "sort": 50,
    "subUrl": "https://mirror.ghproxy.com/https://raw.githubusercontent.com/qirenzhidao/tvbox18/main/adult.json",
    "updateTime": 1717412184160
  },
  {
    "createTime": 1717412219787,
    "enable": true,
    "hide": false,
    "id": 185,
    "name": "欺辱凌辱",
    "sort": 50,
    "subUrl": "https://mirror.ghproxy.com/https://raw.githubusercontent.com/qirenzhidao/tvbox18/main/adult.json",
    "updateTime": 1717412219787
  },
  {
    "createTime": 1717412258084,
    "enable": true,
    "hide": false,
    "id": 186,
    "name": "女优系列",
    "sort": 50,
    "subUrl": "https://mirror.ghproxy.com/https://raw.githubusercontent.com/qirenzhidao/tvbox18/main/adult.json",
    "updateTime": 1717412258084
  },
  {
    "createTime": 1717412311738,
    "enable": true,
    "hide": false,
    "id": 187,
    "name": "闷骚护士",
    "sort": 50,
    "subUrl": "https://mirror.ghproxy.com/https://raw.githubusercontent.com/qirenzhidao/tvbox18/main/adult.json",
    "updateTime": 1717412311738
  },
  {
    "createTime": 1717412358035,
    "enable": true,
    "hide": false,
    "id": 188,
    "name": "🇨🇳央蓝｜卫蓝",
    "sort": 50,
    "subUrl": "https://mirror.ghproxy.com/https://raw.githubusercontent.com/qirenzhidao/tvbox18/main/adult.json",
    "updateTime": 1717412358035
  },
  {
    "createTime": 1717412368759,
    "enable": true,
    "hide": false,
    "id": 189,
    "name": "至臻8 K",
    "sort": 50,
    "subUrl": "https://mirror.ghproxy.com/https://raw.githubusercontent.com/qirenzhidao/tvbox18/main/adult.json",
    "updateTime": 1717412368759
  },
  {
    "createTime": 1717412372993,
    "enable": true,
    "hide": false,
    "id": 190,
    "name": "直播｜中国",
    "sort": 50,
    "subUrl": "https://mirror.ghproxy.com/https://raw.githubusercontent.com/qirenzhidao/tvbox18/main/adult.json",
    "updateTime": 1717412372993
  },
  {
    "createTime": 1717412423066,
    "enable": true,
    "hide": false,
    "id": 191,
    "name": "港台｜精选",
    "sort": 50,
    "subUrl": "https://mirror.ghproxy.com/https://raw.githubusercontent.com/qirenzhidao/tvbox18/main/adult.json",
    "updateTime": 1717412423066
  },
  {
    "createTime": 1717412427324,
    "enable": true,
    "hide": false,
    "id": 192,
    "name": "网络电台",
    "sort": 50,
    "subUrl": "https://mirror.ghproxy.com/https://raw.githubusercontent.com/qirenzhidao/tvbox18/main/adult.json",
    "updateTime": 1717412427324
  },
  {
    "createTime": 1717412432101,
    "enable": true,
    "hide": false,
    "id": 193,
    "name": "抒情情歌",
    "sort": 50,
    "subUrl": "https://mirror.ghproxy.com/https://raw.githubusercontent.com/qirenzhidao/tvbox18/main/adult.json",
    "updateTime": 1717412432101
  },
  {
    "createTime": 1717412462991,
    "enable": true,
    "hide": false,
    "id": 194,
    "name": "炸裂DJ",
    "sort": 50,
    "subUrl": "https://mirror.ghproxy.com/https://raw.githubusercontent.com/qirenzhidao/tvbox18/main/adult.json",
    "updateTime": 1717412462991
  },
  {
    "createTime": 1717412929119,
    "enable": true,
    "hide": false,
    "id": 201,
    "name": "🇰🇷康师傅｜新绿茶",
    "sort": 50,
    "subUrl": "https://mirror.ghproxy.com/https://raw.githubusercontent.com/qirenzhidao/tvbox18/main/adult.json",
    "updateTime": 1717412929119
  }
]