{
  "wbg.video.hot.word.tv": "[\"度华年\",\"玫瑰的故事\",\"6秒钟的轨迹～烟花师望月星太郎的第二个忧郁\",\"【我推的孩子】 第二季\",\"不时用俄语小声说真心话的邻桌艾莉同学\",\"喜人奇妙夜\",\"你比星光美丽\",\"墨雨云间\",\"鬼灭之刃 柱训练篇\",\"向阳之处必有声\",\"我的阿勒泰\",\"人生复本 第一季\",\"庆余年 第二季\",\"颜心记\",\"天行健\",\"联结\",\"龙之家族 第二季\",\"黑袍纠察队 第四季\",\"亚刻奥特曼\",\"执行法官\"]",
  "wbg.video.hot.word.anime": "[\"你想活出怎样的人生\",\"间谍过家家 代号：白\",\"鬼灭之刃 柱训练篇\",\"迷宫饭\",\"怪兽8号\",\"排球少年！！垃圾场决战\",\"一起来睡觉\",\"哈尔的移动城堡\",\"葬送的芙莉莲\",\"少女乐队的呐喊\",\"窗边的小豆豆\",\"间谍过家家 第二季\",\"无职转生Ⅱ 到了异世界就拿出真本事 Part 2\",\"不时用俄语小声说真心话的邻桌艾莉同学\",\"机动战士高达SEED FREEDOM\",\"蓦然回首\",\"吹响悠风号3\",\"北极百货店的接待员\",\"名侦探柯南：黑铁的鱼影\",\"防风少年\"]",
  "wbg.video.first.open": false,
  "wbg.video.hot.word.movie": "[\"疯狂的麦克斯：狂暴女神\",\"朝云暮雨\",\"1980\",\"恶魔之浴\",\"恶魔的破坏 后篇\",\"扫黑·决不放弃\",\"梦境\",\"犯罪都市4\",\"红毯先生\",\"九龙城寨之围城\",\"神秘窥视\",\"你想活出怎样的人生\",\"排球少年！！垃圾场决战\",\"我们一起摇太阳\",\"职业杀手\",\"窗边的小豆豆\",\"还有明天\",\"美国内战\",\"老狐狸\",\"加菲猫家族\"]",
  "wbg.video.announcement": "2024-07-08",
  "wbg.video.user.agent": "Mozilla/5.0 (Windows NT 10.0; WOW64) AppleWebKit/537.36 (KHTML, like Gecko) Chrome/74.0.3724.8 Safari/537.36",
  "wsg.video.app.version": "0.1.28",
  "wbg.video.auto.subscribe": false,
  "wbg.video.hot.word.variety": "[\"信用中国\",\"势均力敌的我们\",\"焕新环游传\",\"第三调解室\",\"养生堂\",\"金牌调解\",\"欢乐集结号\",\"向前一步\",\"潮童天下\",\"放歌中国\",\"笑动剧场\",\"社会传真\",\"天天七点综\",\"梨园春\",\"非你莫属网络版\",\"梨园春天天看\",\"京城美食地图\",\"开始推理吧第二季\"]"
}