[
  {
    "area": "",
    "createTime": 1703849583203,
    "current": 1595058,
    "id": 0,
    "jsonStr": "{\"actor\":\"杰森·莫玛/帕特里克·威尔森/安珀·赫德/叶海亚·阿卜杜勒-迈丁/妮可·基德曼\",\"area\":\"\",\"des\":\"先前未能打败海王（杰森·莫玛JasonMomoa饰）的黑蝠鲼（叶海亚·阿卜杜勒-迈丁YahyaAbdul-MateenII饰）矢志为死去的父亲报仇，他将不计代价只求彻底击败海王；而这次黑蝠鲼掌握能释放古老邪恶力量的远古神器黑色三叉戟，变得比以往更加强大。为了对抗黑蝠鲼，海王必须向前亚特兰蒂斯之王，如今被囚禁的弟弟奥姆（帕特里克·威尔森PatrickWilson饰）求助，两人成为意想不到的盟友；兄弟俩必须克服己见，以保卫王国、拯救家人和世界。\",\"director\":\"温子仁\",\"doubanId\":\"30444942\",\"endSkipTime\":0,\"head\":\"{}\",\"id\":\"海王2：失落的王国json搜索$$$https://img9.doubanio.com/view/photo/s_ratio_poster/public/p2898095975.jpg$$$https://vidhub2.cc/voddetail/205886\",\"jiexiUrl\":\"\",\"name\":\"海王2：失落的王国\",\"pic\":\"https://img9.doubanio.com/view/photo/s_ratio_poster/public/p2898095975.jpg\",\"playManagerCore\":1,\"searchGroup\":\"tvbox\",\"searchSort\":70,\"sourceKey\":\"Vidhub视频\",\"sourceName\":\"🚛视频库\",\"sourceType\":3,\"startSkipTime\":0,\"status\":\"\",\"videoLineList\":[{\"name\":\"预热👉2集♥\",\"videoList\":[{\"name\":\"预告片1\",\"playUrl\":\"https://vidhub2.cc/vodplay/205886-1-1.html\",\"sel\":true},{\"name\":\"花絮\",\"playUrl\":\"https://vidhub2.cc/vodplay/205886-1-2.html\",\"sel\":false}]}],\"year\":\"\"}",
    "linePosition": 0,
    "name": "海王2：失落的王国",
    "partIndex": 0,
    "partName": "预告片1",
    "pic": "https://img9.doubanio.com/view/photo/s_ratio_poster/public/p2898095975.jpg",
    "status": ""
  },
  {
    "area": "大陆",
    "createTime": 1703682586635,
    "current": 4741,
    "id": 0,
    "jsonStr": "{\"actor\":\"章若楠 / 白宇帆 / 刘奕君 / 黄澄澄 / 柳岩 / 张琪 / 孙美林 / 陈思诺 / 郑恺 / 孙千 / 曹炳琨 / 海陆 / 许童心\",\"area\":\"大陆\",\"des\":\"深巷的尽头，一间“照明商店”长年亮着灯，神秘的老板（刘奕君饰）细心擦拭着每一个灯泡，形形色色的客人络绎不绝。护士许念（章若楠饰）和男友郑满（白宇帆饰）新搬进了商店附近的公寓。她渐渐发现，这里的每一个… 详情 \",\"director\":\"\",\"endSkipTime\":0,\"head\":\"{\\\"user-agent\\\":\\\"Mozilla/5.0 (Linux; Android 13; Xiaomi 13 Pro) AppleWebKit/537.36 (KHTML, like Gecko) Chrome/113.0.5672.131 Mobile Safari/537.36\\\"}\",\"id\":\"照明商店$$$https://puui.qpic.cn/vcover_vt_pic/0/mzc00200hl7a86v1697772367750/260$$$http://kan8.tv/edu-38499.html\",\"jiexiUrl\":\"\",\"name\":\"照明商店\",\"pic\":\"https://puui.qpic.cn/vcover_vt_pic/0/mzc00200hl7a86v1697772367750/260\",\"playManagerCore\":0,\"searchGroup\":\"tvbox\",\"searchSort\":70,\"sourceKey\":\"看吧TV\",\"sourceName\":\"🚛看吧TV\",\"sourceType\":3,\"startSkipTime\":0,\"status\":\"\",\"videoLineList\":[{\"name\":\"优酷视频\",\"videoList\":[{\"name\":\"第01集\",\"playUrl\":\"http://kan8.tv/gov-38499-0-0.html\",\"sel\":true}]}],\"year\":\"2023\"}",
    "linePosition": 0,
    "name": "照明商店",
    "partIndex": 0,
    "partName": "第01集",
    "pic": "https://puui.qpic.cn/vcover_vt_pic/0/mzc00200hl7a86v1697772367750/260",
    "status": ""
  },
  {
    "createTime": 1703928051481,
    "current": 0,
    "id": 0,
    "jsonStr": "{\"actor\":\"高山南,林原惠美,山崎和佳奈,小山力也,山口胜平,古谷彻,池田秀一,置鲇龙太郎,三石琴乃,岸野幸正,一城美由希,土师孝也,乃村健次,飞田展男,绪方贤一,松井菜樱子,岩居由希子,大谷育江,茶风林,汤屋敦子,井上和彦,千叶繁,堀之纪,立木文彦,小山茉美,井上喜久子,木下浩之,玉川纱己子,种崎敦美,诹访部顺一,神谷浩史,土田大,泽木郁也,宫原永海,村濑步,泽田敏子,鸟海胜美,藤原泰浩,金光宣明,冈井克升,下地紫野,泽村一树\",\"des\":\"故事发生在东京八丈岛近海，一座将全球各地警方监控相连接的高科技设施——“太平洋浮标”即将启动。为了与欧洲刑警组织管辖的范围联网，来自世界各地的工程师聚集在这里。基于人脸识别的全新“黑科技”也正在测试中……　　与此同时，柯南一行人前往八丈岛观鲸，途中柯南接到冲矢昴（赤井秀一）的电话，被告知欧洲刑警组织成员在德国遭到琴酒的杀害。为调查真相的柯南潜入“太平洋浮标”。正当工程师们正在为系统启动而展开准备工作时，一桩案件突然发生！一名女工程师被黑暗组织绑架，她手中存有核心技术的U盘也落入了黑暗组织手中！　　此时，水下传来未知潜水艇逼近的声音，令人毛骨悚然，一个神秘的黑影也正在悄悄接近灰原哀……\",\"director\":\"立川让\",\"endSkipTime\":0,\"head\":\"{}\",\"id\":\"162039\",\"jiexiUrl\":\"\",\"name\":\"名侦探柯南：黑铁的鱼影\",\"pic\":\"http://img.facaishiyi.com/pic/video/v/20231129/1701252620682.jpg\",\"playManagerCore\":0,\"searchGroup\":\"tvbox\",\"searchSort\":70,\"sourceKey\":\"csp_Kuaikan\",\"sourceName\":\"👀快看\",\"sourceType\":3,\"startSkipTime\":0,\"status\":\"全1集\",\"videoLineList\":[{\"name\":\"线路16\",\"videoList\":[{\"name\":\"\",\"playUrl\":\"https://v.cdnlz2.com/20231129/27079_740e70d0/index.m3u8\",\"sel\":true}]},{\"name\":\"线路24\",\"videoList\":[{\"name\":\"\",\"playUrl\":\"fDE2MjAzOXwyNHxodHRwczovL3ZpcC5mZnp5LW9ubGluZTYuY29tLzIwMjMxMTI5LzIyMzA0Xzc0MGU3MGQwL2luZGV4Lm0zdTg\u003d\",\"sel\":false}]}],\"year\":\"2023\"}",
    "linePosition": 0,
    "name": "名侦探柯南：黑铁的鱼影",
    "partIndex": 0,
    "partName": "",
    "pic": "http://img.facaishiyi.com/pic/video/v/20231129/1701252620682.jpg",
    "status": "全1集"
  },
  {
    "area": "大陆",
    "createTime": 1705109873971,
    "current": 10973,
    "id": 0,
    "jsonStr": "{\"actor\":\"大鹏 / 白客 / 庄达菲 / 王迅 / 孙艺洲 / 李乃文\",\"area\":\"大陆\",\"des\":\"集团裁员风波之下，人心惶惶，底层钳工胡建林（大鹏饰）却被阴差阳错调入集团总部！裹挟在“错调”事件中的人事经理马杰（白客饰）诚惶诚恐，为保饭碗被迫为其周旋隐瞒。从“工厂”到“大厂”，从“蓝领”变“金领… 详情 \",\"director\":\"\",\"endSkipTime\":0,\"head\":\"{\\\"user-agent\\\":\\\"Mozilla/5.0 (Linux; Android 13; Xiaomi 13 Pro) AppleWebKit/537.36 (KHTML, like Gecko) Chrome/113.0.5672.131 Mobile Safari/537.36\\\"}\",\"id\":\"年会不能停！$$$https://vcover-vt-pic.puui.qpic.cn/vcover_vt_pic/0/mzc00200qwccnh41700707992164/260$$$http://kan8.tv/edu-39291.html\",\"jiexiUrl\":\"\",\"name\":\"年会不能停！\",\"pic\":\"https://vcover-vt-pic.puui.qpic.cn/vcover_vt_pic/0/mzc00200qwccnh41700707992164/260\",\"playManagerCore\":1,\"searchGroup\":\"tvbox\",\"searchSort\":70,\"sourceKey\":\"看吧TV\",\"sourceName\":\"🚛看吧TV\",\"sourceType\":3,\"startSkipTime\":0,\"status\":\"\",\"videoLineList\":[{\"name\":\"优酷视频\",\"videoList\":[{\"name\":\"第01集\",\"playUrl\":\"http://kan8.tv/gov-39291-0-0.html\",\"sel\":true}]}],\"year\":\"2023\"}",
    "linePosition": 0,
    "name": "年会不能停！",
    "partIndex": 0,
    "partName": "第01集",
    "pic": "https://vcover-vt-pic.puui.qpic.cn/vcover_vt_pic/0/mzc00200qwccnh41700707992164/260",
    "status": ""
  },
  {
    "createTime": 1706264965298,
    "current": 396509,
    "id": 0,
    "jsonStr": "{\"actor\":\"钟发,宋美娜,祖卡尔\",\"des\":\"本片讲述了民国乱世，身怀绝技的“先生”龙三受师妹所托，一路历尽千辛，途中救助老百姓，解散啸聚城中的响马匪众，对决欺压民众的军阀，并破获了少女失踪案，维护了一方净土的评书故事。\",\"director\":\"陈里洋\",\"doubanId\":\"36741848\",\"endSkipTime\":0,\"head\":\"{}\",\"id\":\"164198\",\"jiexiUrl\":\"\",\"name\":\"千鹤先生\",\"pic\":\"http://img.facaishiyi.com/pic/video/v/20240125/1706178343294.jpg\",\"playManagerCore\":0,\"searchGroup\":\"tvbox\",\"searchSort\":70,\"sourceKey\":\"csp_Kuaikan\",\"sourceName\":\"👀快看\",\"sourceType\":3,\"startSkipTime\":0,\"status\":\"HD\",\"videoLineList\":[{\"name\":\"线路16\",\"videoList\":[{\"name\":\"HD中字\",\"playUrl\":\"https://v.cdnlz12.com/20240125/11104_24ac3055/index.m3u8\",\"sel\":true}]},{\"name\":\"线路24\",\"videoList\":[{\"name\":\"HD国语\",\"playUrl\":\"SETlm73or618MTY0MTk4fDI0fGh0dHBzOi8vdmlwLmZmenlyZWFkLmNvbS8yMDI0MDEyNS8yMjU5N19hYjRkZDJkZC9pbmRleC5tM3U4\",\"sel\":false}]}],\"year\":\"2024\"}",
    "linePosition": 0,
    "name": "千鹤先生",
    "partIndex": 0,
    "partName": "HD中字",
    "pic": "http://img.facaishiyi.com/pic/video/v/20240125/1706178343294.jpg",
    "status": "HD"
  },
  {
    "area": "美国",
    "createTime": 1711800065627,
    "current": 1211660,
    "id": 0,
    "jsonStr": "{\"actor\":\"丽贝卡·豪尔,布莱恩·泰里·亨利,丹·史蒂文斯,凯莉·霍特尔,亚历克斯·费恩斯,陈法拉,瑞切尔·豪斯,朗·斯迈克,尚特尔·贾米森,格雷格·哈顿,凯文·科普兰,泰丝·多布雷,蒂姆·卡罗尔,安东尼·布兰登·黄,索菲亚·恩博森-贝恩,奇卡·伊科维,文森特·B·戈尔斯,叶叶·周,贾马利亚·欧斯曼,尼克·劳勒\",\"area\":\"美国\",\"des\":\"继上一次的怪兽高燃对战之后，金刚和哥斯拉将再度联手对抗一个潜伏在世界中的巨大威胁，并逐步探索这些巨兽们的起源以及骷髅岛等地的奥秘。同时，上古之战的面纱也将会被揭晓，而正是那场战斗创造出了这些超凡的生物，并深刻影响了人类世界的命运。\",\"director\":\"亚当·温加德\",\"endSkipTime\":0,\"head\":\"{}\",\"jiexiUrl\":\"\",\"lang\":\"英语 / 美国手语\",\"name\":\"哥斯拉大战金刚2：帝国崛起\",\"pic\":\"https://img.jisuimage.com/cover/6fabe12b784d22a2b9af5570011eed9d.jpg\",\"playManagerCore\":0,\"score\":\"0.0\",\"searchGroup\":\"tvbox\",\"searchSort\":50,\"sourceKey\":\"极速资源\",\"sourceLink\":\"https://jszyapi.com/api.php/provide/vod/?ac\u003ddetail\u0026ids\u003d53237\",\"sourceName\":\"🎀极速┃采集\",\"sourceType\":0,\"startSkipTime\":0,\"status\":\"抢先版\",\"tags\":\"动作,科幻,冒险\",\"type\":\"动作片\",\"videoLineList\":[{\"name\":\"🎀极速┃采集\",\"videoList\":[{\"name\":\"抢先版\",\"playUrl\":\"https://64.32.20.243/play/oeEMj7me/index.m3u8\",\"sel\":true}]}],\"year\":\"2024\"}",
    "linePosition": 0,
    "name": "哥斯拉大战金刚2：帝国崛起",
    "partIndex": 0,
    "partName": "抢先版",
    "pic": "https://img.jisuimage.com/cover/6fabe12b784d22a2b9af5570011eed9d.jpg",
    "status": "抢先版",
    "type": "动作片"
  },
  {
    "area": "香港",
    "createTime": 1716612191582,
    "current": 0,
    "id": 0,
    "jsonStr": "{\"actor\":\"刘威煌 谭杏蓝 可岚 火火 林盛斌 谢凯荣 林咏伦 周启生 雷颂德 雷有晖 邓建明 楼南光 刘以达 李健达 郑敬基\",\"area\":\"香港\",\"des\":\"\u003cp\u003e《歌手》的故事以十五岁时便拿了歌唱比赛的总冠军刘威煌（刘威煌饰）因自负无法在香港发展，在十多年过后仍未能出碟，在广州一家酒吧演唱更因与顾客争拗被赶，最终投靠知己小花（谭杏蓝饰）。小花为求生计，在艾力的公司与Alan当不太红的网红。其后威王在酒吧老板娘可岚（可岚饰）介绍下在其酒吧海阔天空工作，惟欠个人特色仅能当暖场歌手。威煌在酒吧获不少音乐人鼓励，并获经理人公司介绍遇上老板Bob（林盛斌饰）再作尝试，更跟小花一起创作歌手并拍下MV，并获火导演（火火饰）的注意，可是焦点却落在小花身上。\u003c/p\u003e\",\"director\":\"杨佳霖\",\"doubanId\":\"36640253\",\"endSkipTime\":0,\"head\":\"{}\",\"jiexiUrl\":\"\",\"lang\":\"粤语\",\"name\":\"歌手\",\"pic\":\"https://img.bdzyimg.com/upload/vod/20220706-1/e755b0438e033016f2aab24bd184c14c.png\",\"playManagerCore\":0,\"score\":\"6.3\",\"searchGroup\":\"tvbox\",\"searchSort\":50,\"sourceKey\":\"BD\",\"sourceLink\":\"https://api.apibdzy.com/api.php/provide/vod/?ac\u003ddetail\u0026ids\u003d55621\",\"sourceName\":\"🔌BD资源\",\"sourceType\":0,\"startSkipTime\":0,\"status\":\"正片\",\"tags\":\"歌手,歌手,生活,追求,真实,许宁,为守桥\",\"type\":\"剧情片\",\"videoLineList\":[{\"name\":\"🔌BD资源\",\"videoList\":[{\"name\":\"正片\",\"playUrl\":\"https://vod1.bdzybf7.com/20220514/Mpaeew28/index.m3u8\",\"sel\":true}]}],\"year\":\"2017\"}",
    "linePosition": 0,
    "name": "歌手",
    "partIndex": 0,
    "partName": "正片",
    "pic": "https://img.bdzyimg.com/upload/vod/20220706-1/e755b0438e033016f2aab24bd184c14c.png",
    "status": "正片",
    "type": "剧情片"
  },
  {
    "area": "中国大陆",
    "createTime": 1716612359746,
    "current": 132607,
    "id": 0,
    "jsonStr": "{\"actor\":\"那英,汪苏泷,梁龙,杨丞琳,海来阿木,凡希亚,尚特·摩尔\",\"area\":\"中国大陆\",\"des\":\"\u003cp\u003e阔别三年再次重启，国内外八位顶尖歌手竞演。\u003c/p\u003e\",\"director\":\"内详\",\"doubanId\":\"36640253\",\"endSkipTime\":0,\"head\":\"{}\",\"jiexiUrl\":\"\",\"lang\":\"汉语普通话\",\"name\":\"歌手2024\",\"pic\":\"https://www.imgikzy.com/upload/vod/20240511-1/9ce54126d25890d70949a41b7b855393.jpg\",\"playManagerCore\":0,\"score\":\"1.9\",\"searchGroup\":\"tvbox\",\"searchSort\":50,\"sourceKey\":\"IKUN资源\",\"sourceLink\":\"https://ikunzyapi.com/api.php/provide/vod/from/ikm3u8/?ac\u003ddetail\u0026ids\u003d57064\",\"sourceName\":\"💥丨爱看2k丨微广\",\"sourceType\":0,\"startSkipTime\":0,\"status\":\"更新至03期\",\"tags\":\"\",\"type\":\"大陆综艺\",\"videoLineList\":[{\"name\":\"💥丨爱看2k丨微广\",\"videoList\":[{\"name\":\"第01期\",\"playUrl\":\"https://ikcdn01.ikzybf.com/20240510/6XEXaknt/index.m3u8\",\"sel\":false},{\"name\":\"第01期纯享\",\"playUrl\":\"https://ikcdn01.ikzybf.com/20240511/FwVm1P8B/index.m3u8\",\"sel\":false},{\"name\":\"第01期超前营业\",\"playUrl\":\"https://ikcdn01.ikzybf.com/20240516/xBGvT6Bs/index.m3u8\",\"sel\":false},{\"name\":\"第02期\",\"playUrl\":\"https://ikcdn01.ikzybf.com/20240517/skBBPOFA/index.m3u8\",\"sel\":false},{\"name\":\"第02期纯享版\",\"playUrl\":\"https://ikcdn01.ikzybf.com/20240518/T9FPJsCh/index.m3u8\",\"sel\":false},{\"name\":\"第02期超前营业\",\"playUrl\":\"https://ikcdn01.ikzybf.com/20240523/lnqfldQt/index.m3u8\",\"sel\":false},{\"name\":\"第03期\",\"playUrl\":\"https://ikcdn01.ikzybf.com/20240524/f41dJu4T/index.m3u8\",\"sel\":true},{\"name\":\"第8集\",\"playUrl\":\"\",\"sel\":false}]}],\"year\":\"2024\"}",
    "linePosition": 0,
    "name": "歌手2024",
    "partIndex": 6,
    "partName": "第03期",
    "pic": "https://www.imgikzy.com/upload/vod/20240511-1/9ce54126d25890d70949a41b7b855393.jpg",
    "status": "更新至03期",
    "type": "大陆综艺"
  },
  {
    "area": "香港",
    "createTime": 1716624482207,
    "current": 1500094,
    "id": 0,
    "jsonStr": "{\"actor\":\"\",\"area\":\"香港\",\"des\":\"\",\"director\":\"\",\"doubanId\":\"27040827\",\"endSkipTime\":0,\"head\":\"{}\",\"jiexiUrl\":\"\",\"lang\":\"粤语\",\"name\":\"一路向西\",\"pic\":\"https://www.imgikzy.com/upload/vod/20221109-27/c41ddd1ad5f102c7a7d094bc81bb2a4f.jpg\",\"playManagerCore\":0,\"score\":\"0.0\",\"searchGroup\":\"tvbox\",\"searchSort\":50,\"sourceKey\":\"IKUN资源\",\"sourceLink\":\"https://ikunzyapi.com/api.php/provide/vod/from/ikm3u8/?ac\u003ddetail\u0026ids\u003d30941\",\"sourceName\":\"💥丨爱看2k丨微广\",\"sourceType\":0,\"startSkipTime\":0,\"status\":\"正片\",\"tags\":\"\",\"type\":\"伦理片\",\"videoLineList\":[{\"name\":\"💥丨爱看2k丨微广\",\"videoList\":[{\"name\":\"正片\",\"playUrl\":\"https://ikcdn01.ikzybf.com/20221108/ElC23JPd/index.m3u8\",\"sel\":true},{\"name\":\"第2集\",\"playUrl\":\"\",\"sel\":false}]}],\"year\":\"2012\"}",
    "linePosition": 0,
    "name": "一路向西",
    "partIndex": 0,
    "partName": "正片",
    "pic": "https://www.imgikzy.com/upload/vod/20221109-27/c41ddd1ad5f102c7a7d094bc81bb2a4f.jpg",
    "status": "正片",
    "type": "伦理片"
  }
]