[
  {
    "createTime": 1703386097033,
    "enable": true,
    "id": 0,
    "localSpiderPath": "/storage/emulated/0/Android/data/com.wbg.video/files/TvBox/2C4FD7D8A83A06DC7F7DCC4C57E1FBDA.jar",
    "remoteSpiderUrl": "https://jihulab.com/yingshiche/tvbox/-/raw/main/YSC.jar",
    "updateTime": 1711799758094,
    "url": "http://svip.weixine.net:88/uploads/itvbox/svip.json"
  },
  {
    "createTime": 1710954758583,
    "enable": true,
    "id": 0,
    "localSpiderPath": "/storage/emulated/0/Android/data/com.wbg.video/files/TvBox/870BA7E6634EBB3C1C5E93ABFA0E59A4.jar",
    "remoteSpiderUrl": "http://tt.58cxz.com/video/jar/fm0803.jar",
    "updateTime": 1711799741572,
    "url": "https://mirror.ghproxy.com/https://raw.githubusercontent.com/pdscxz/TV/main/video/tv4k.json"
  },
  {
    "createTime": 1712145714579,
    "enable": true,
    "id": 0,
    "localSpiderPath": "/storage/emulated/0/Android/data/com.wbg.video/files/TvBox/58FB43365CF306AFB48567F12BDFB721.jar",
    "remoteSpiderUrl": "http://cdn.qiaoji8.com/fix140412.jar",
    "updateTime": 1713623594550,
    "url": "http://pandown.pro/tvbox/tvbox.json"
  },
  {
    "createTime": 1713623621795,
    "enable": true,
    "id": 0,
    "localSpiderPath": "/storage/emulated/0/Android/data/com.wbg.video/files/TvBox/9840203BDC3A1DB0E6DCA40DB45CCA86.jar",
    "remoteSpiderUrl": "https://gitee.com/tvbox_2_0/ziji/raw/master/fty.jar",
    "updateTime": 1713623623146,
    "url": "https://gitee.com/tvbox_2_0/ziji/raw/master/ziji.json"
  }
]