[
  {
    "api": "http://api.888484.xyz/神秘哥哥/super.php?v\u003d",
    "apiDetailParseTemplate": 0,
    "apiDetailParseType": 1,
    "builtIn": true,
    "createTime": 1717687550926,
    "enable": true,
    "id": 0,
    "isActive": true,
    "key": "神秘的哥哥们",
    "name": "神秘的哥哥们",
    "sniff": false,
    "sort": 0,
    "tvboxUrl": "https://gitee.com/tvbox_2_0/ziji/raw/master/ziji.json",
    "updateTime": 1717687550926
  },
  {
    "api": "https://api.tyun77.cn/api.php/provide/parseDicturl?url\u003d",
    "apiDetailParseTemplate": 0,
    "apiDetailParseType": 1,
    "builtIn": true,
    "createTime": 1717687550930,
    "enable": true,
    "id": 0,
    "isActive": true,
    "key": "公众号",
    "name": "公众号",
    "sniff": false,
    "sort": 0,
    "tvboxUrl": "https://gitee.com/tvbox_2_0/ziji/raw/master/ziji.json",
    "updateTime": 1717687550930
  },
  {
    "api": "http://xiutan.shiyifacai.com/json/qingfeng.php?url\u003d",
    "apiDetailParseTemplate": 0,
    "apiDetailParseType": 1,
    "builtIn": true,
    "createTime": 1717687550931,
    "enable": true,
    "id": 0,
    "isActive": true,
    "key": "东辰影视",
    "name": "东辰影视",
    "sniff": false,
    "sort": 0,
    "tvboxUrl": "https://gitee.com/tvbox_2_0/ziji/raw/master/ziji.json",
    "updateTime": 1717687550931
  },
  {
    "api": "http://pan.qiaoji8.com/tvbox/neibu.php?url\u003d",
    "apiDetailParseTemplate": 0,
    "apiDetailParseType": 1,
    "builtIn": true,
    "createTime": 1717687699259,
    "enable": true,
    "id": 0,
    "isActive": true,
    "key": "巧技",
    "name": "巧技",
    "sniff": false,
    "sort": 0,
    "tvboxUrl": "http://pandown.pro/tvbox/tvbox.json",
    "updateTime": 1717687699260
  },
  {
    "api": "http://pan.qiaoji8.com/tvbox/gouzi.php?url\u003d",
    "apiDetailParseTemplate": 0,
    "apiDetailParseType": 1,
    "builtIn": true,
    "createTime": 1717687699271,
    "enable": true,
    "id": 0,
    "isActive": true,
    "key": "巧技二",
    "name": "巧技二",
    "sniff": false,
    "sort": 0,
    "tvboxUrl": "http://pandown.pro/tvbox/tvbox.json",
    "updateTime": 1717687699271
  },
  {
    "api": "https://www.playm3u8.cn/jiexi.php?url\u003d",
    "apiDetailParseTemplate": 0,
    "apiDetailParseType": 1,
    "builtIn": true,
    "createTime": 1717687550938,
    "enable": true,
    "id": 0,
    "isActive": true,
    "key": "手动解析",
    "name": "手动解析",
    "sniff": false,
    "sort": 0,
    "tvboxUrl": "https://gitee.com/tvbox_2_0/ziji/raw/master/ziji.json",
    "updateTime": 1717687550939
  },
  {
    "api": "https://jx.jsonplayer.com/player/?url\u003d",
    "apiDetailParseTemplate": 0,
    "apiDetailParseType": 1,
    "builtIn": true,
    "createTime": 1717687550937,
    "enable": true,
    "id": 0,
    "isActive": true,
    "key": "夜雨聆风",
    "name": "夜雨聆风",
    "sniff": false,
    "sort": 0,
    "tvboxUrl": "https://gitee.com/tvbox_2_0/ziji/raw/master/ziji.json",
    "updateTime": 1717687550937
  },
  {
    "api": "http://42.157.129.144:2323/CH/caihong_1993138546.php?url\u003d",
    "apiDetailParseTemplate": 0,
    "apiDetailParseType": 1,
    "builtIn": true,
    "createTime": 1717687550940,
    "enable": true,
    "id": 0,
    "isActive": true,
    "key": "路飞解析",
    "name": "路飞解析",
    "sniff": false,
    "sort": 0,
    "tvboxUrl": "https://gitee.com/tvbox_2_0/ziji/raw/master/ziji.json",
    "updateTime": 1717687550940
  },
  {
    "api": "https://vip.mosangkeji.com/api/?key\u003dafcQ0C7vUiNOy4tnvG\u0026url\u003d",
    "apiDetailParseTemplate": 0,
    "apiDetailParseType": 1,
    "builtIn": true,
    "createTime": 1717687550942,
    "enable": true,
    "id": 0,
    "isActive": true,
    "key": "布鲁克解析",
    "name": "布鲁克解析",
    "sniff": false,
    "sort": 0,
    "tvboxUrl": "https://gitee.com/tvbox_2_0/ziji/raw/master/ziji.json",
    "updateTime": 1717687550942
  },
  {
    "api": "http://119.91.123.253:2345/Api/yun.php?url\u003d",
    "apiDetailParseTemplate": 0,
    "apiDetailParseType": 1,
    "builtIn": true,
    "createTime": 1717687550943,
    "enable": true,
    "id": 0,
    "isActive": true,
    "key": "乌索普解析",
    "name": "乌索普解析",
    "sniff": false,
    "sort": 0,
    "tvboxUrl": "https://gitee.com/tvbox_2_0/ziji/raw/master/ziji.json",
    "updateTime": 1717687550943
  },
  {
    "api": "http://api.888484.xyz/神秘哥哥/super.php?v\u003d",
    "apiDetailParseTemplate": 0,
    "apiDetailParseType": 1,
    "builtIn": true,
    "createTime": 1717687550945,
    "enable": true,
    "id": 0,
    "isActive": true,
    "key": "鹰眼",
    "name": "鹰眼",
    "sniff": false,
    "sort": 0,
    "tvboxUrl": "https://gitee.com/tvbox_2_0/ziji/raw/master/ziji.json",
    "updateTime": 1717687550945
  },
  {
    "api": "https://json.jienuowl.top/api/?key\u003datqEQhcRiNNEwzjltg\u0026url\u003d",
    "apiDetailParseTemplate": 0,
    "apiDetailParseType": 1,
    "builtIn": true,
    "createTime": 1717687550946,
    "enable": true,
    "id": 0,
    "isActive": true,
    "key": "官方资源专用",
    "name": "官方资源专用",
    "sniff": false,
    "sort": 0,
    "tvboxUrl": "https://gitee.com/tvbox_2_0/ziji/raw/master/ziji.json",
    "updateTime": 1717687550946
  },
  {
    "api": "https://daina.hk/api/?key\u003dc7db78b604d8cfd8932086f72d25529a\u0026url\u003d",
    "apiDetailParseTemplate": 0,
    "apiDetailParseType": 1,
    "builtIn": true,
    "createTime": 1717687550947,
    "enable": true,
    "id": 0,
    "isActive": true,
    "key": "独家云播专用",
    "name": "独家云播专用",
    "sniff": false,
    "sort": 0,
    "tvboxUrl": "https://gitee.com/tvbox_2_0/ziji/raw/master/ziji.json",
    "updateTime": 1717687550947
  },
  {
    "api": "http://119.91.123.253:2345/Api/yun.php?url\u003d",
    "apiDetailParseTemplate": 0,
    "apiDetailParseType": 1,
    "builtIn": true,
    "createTime": 1717687550949,
    "enable": true,
    "id": 0,
    "isActive": true,
    "key": "🌎DB",
    "name": "🌎DB",
    "sniff": false,
    "sort": 0,
    "tvboxUrl": "https://gitee.com/tvbox_2_0/ziji/raw/master/ziji.json",
    "updateTime": 1717687550949
  },
  {
    "api": "https://yinshi.eatuo.com/index.php/mvod/jx2?url\u003d",
    "apiDetailParseTemplate": 0,
    "apiDetailParseType": 1,
    "builtIn": true,
    "createTime": 1717687550950,
    "enable": true,
    "id": 0,
    "isActive": true,
    "key": "乐酷蓝光",
    "name": "乐酷蓝光",
    "sniff": false,
    "sort": 0,
    "tvboxUrl": "https://gitee.com/tvbox_2_0/ziji/raw/master/ziji.json",
    "updateTime": 1717687550950
  },
  {
    "api": "https://jx.playerjy.com/?bli\u003d1\u0026url\u003d",
    "apiDetailParseTemplate": 0,
    "apiDetailParseType": 1,
    "builtIn": true,
    "createTime": 1717687550952,
    "enable": true,
    "id": 0,
    "isActive": true,
    "key": "探探2",
    "name": "探探2",
    "sniff": false,
    "sort": 0,
    "tvboxUrl": "https://gitee.com/tvbox_2_0/ziji/raw/master/ziji.json",
    "updateTime": 1717687550952
  },
  {
    "api": "https://yparse.ik9.cc/index.php?url\u003d\u0026url\u003d",
    "apiDetailParseTemplate": 0,
    "apiDetailParseType": 1,
    "builtIn": true,
    "createTime": 1717687550953,
    "enable": true,
    "id": 0,
    "isActive": true,
    "key": "探探3",
    "name": "探探3",
    "sniff": false,
    "sort": 0,
    "tvboxUrl": "https://gitee.com/tvbox_2_0/ziji/raw/master/ziji.json",
    "updateTime": 1717687550953
  },
  {
    "api": "http://www.aiaine.com/api/?key\u003dzJQvr5baYHz7vpNSy9\u0026url\u003d",
    "apiDetailParseTemplate": 0,
    "apiDetailParseType": 1,
    "builtIn": true,
    "createTime": 1717687661565,
    "enable": true,
    "id": 0,
    "isActive": true,
    "key": "Jsonaiaine",
    "name": "Jsonaiaine",
    "sniff": false,
    "sort": 0,
    "tvboxUrl": "https://mirror.ghproxy.com/https://raw.githubusercontent.com/pianku/Config/master/tvbox/fuli2.json",
    "updateTime": 1717687661565
  },
  {
    "api": "http://119.91.123.253:2345/Api/yun.php?url\u003d",
    "apiDetailParseTemplate": 0,
    "apiDetailParseType": 1,
    "builtIn": true,
    "createTime": 1717687680561,
    "enable": true,
    "id": 0,
    "isActive": true,
    "key": "json一",
    "name": "json一",
    "sniff": false,
    "sort": 0,
    "tvboxUrl": "https://mirror.ghproxy.com/https://raw.githubusercontent.com/pdscxz/TV/main/video/tv4k.json",
    "updateTime": 1717687680561
  },
  {
    "api": "http://xiutan.shiyifacai.com/json/qingfeng.php?url\u003d",
    "apiDetailParseTemplate": 0,
    "apiDetailParseType": 1,
    "builtIn": true,
    "createTime": 1717687680563,
    "enable": true,
    "id": 0,
    "isActive": true,
    "key": "赛文",
    "name": "赛文",
    "sniff": false,
    "sort": 0,
    "tvboxUrl": "https://mirror.ghproxy.com/https://raw.githubusercontent.com/pdscxz/TV/main/video/tv4k.json",
    "updateTime": 1717687680563
  },
  {
    "api": "http://118.99.2.230:6688/api/?key\u003dvAhZ67qzRdW2czQEo2\u0026url\u003d",
    "apiDetailParseTemplate": 0,
    "apiDetailParseType": 1,
    "builtIn": true,
    "createTime": 1717687722556,
    "enable": true,
    "id": 0,
    "isActive": true,
    "key": "蚂蚁",
    "name": "蚂蚁",
    "sniff": false,
    "sort": 0,
    "tvboxUrl": "https://weixine.net/ysc.json",
    "updateTime": 1717687722557
  },
  {
    "api": "https://vip.mosangkeji.com:443/api/?key\u003dq7mSY5L8ssbm1J3Eai\u0026url\u003d",
    "apiDetailParseTemplate": 0,
    "apiDetailParseType": 1,
    "builtIn": true,
    "createTime": 1717687680567,
    "enable": true,
    "id": 0,
    "isActive": true,
    "key": "json四",
    "name": "json四",
    "sniff": false,
    "sort": 0,
    "tvboxUrl": "https://mirror.ghproxy.com/https://raw.githubusercontent.com/pdscxz/TV/main/video/tv4k.json",
    "updateTime": 1717687680567
  },
  {
    "api": "http://110.42.2.247:880/analysis/json/?uid\u003d2148\u0026my\u003dehmqrtuCEJNQTVX047\u0026format\u003djson\u0026url\u003d",
    "apiDetailParseTemplate": 0,
    "apiDetailParseType": 1,
    "builtIn": true,
    "createTime": 1717687680568,
    "enable": true,
    "id": 0,
    "isActive": true,
    "key": "json五",
    "name": "json五",
    "sniff": false,
    "sort": 0,
    "tvboxUrl": "https://mirror.ghproxy.com/https://raw.githubusercontent.com/pdscxz/TV/main/video/tv4k.json",
    "updateTime": 1717687680568
  },
  {
    "api": "http://119.91.123.253:2345/Api/yun.php?url\u003d",
    "apiDetailParseTemplate": 0,
    "apiDetailParseType": 1,
    "builtIn": true,
    "createTime": 1717687680569,
    "enable": true,
    "id": 0,
    "isActive": true,
    "key": "解析一",
    "name": "解析一",
    "sniff": false,
    "sort": 0,
    "tvboxUrl": "https://mirror.ghproxy.com/https://raw.githubusercontent.com/pdscxz/TV/main/video/tv4k.json",
    "updateTime": 1717687680569
  },
  {
    "api": "http://api.huohua.vip/api/?key\u003d6qwYWYpe4mSaPhFvSw\u0026url\u003d",
    "apiDetailParseTemplate": 0,
    "apiDetailParseType": 1,
    "builtIn": true,
    "createTime": 1717687722546,
    "enable": true,
    "id": 0,
    "isActive": true,
    "key": "官解1",
    "name": "官解1",
    "sniff": false,
    "sort": 0,
    "tvboxUrl": "https://weixine.net/ysc.json",
    "updateTime": 1717687722546
  },
  {
    "api": "http://27.124.4.42:4567/jhjson/ceshi.php?url\u003d",
    "apiDetailParseTemplate": 0,
    "apiDetailParseType": 1,
    "builtIn": true,
    "createTime": 1717687722548,
    "enable": true,
    "id": 0,
    "isActive": true,
    "key": "官解2",
    "name": "官解2",
    "sniff": false,
    "sort": 0,
    "tvboxUrl": "https://weixine.net/ysc.json",
    "updateTime": 1717687722548
  },
  {
    "api": "http://110.42.2.247:880/analysis/json/?uid\u003d2449\u0026my\u003dacfgikquvzFGJRW459\u0026url\u003d",
    "apiDetailParseTemplate": 0,
    "apiDetailParseType": 1,
    "builtIn": true,
    "createTime": 1717687722553,
    "enable": true,
    "id": 0,
    "isActive": true,
    "key": "官解3",
    "name": "官解3",
    "sniff": false,
    "sort": 0,
    "tvboxUrl": "https://weixine.net/ysc.json",
    "updateTime": 1717687722553
  },
  {
    "api": "http://api.huohua.vip/api/?key\u003d6qwYWYpe4mSaPhFvSw\u0026url\u003d",
    "apiDetailParseTemplate": 0,
    "apiDetailParseType": 1,
    "builtIn": true,
    "createTime": 1717687722554,
    "enable": true,
    "id": 0,
    "isActive": true,
    "key": "官解4",
    "name": "官解4",
    "sniff": false,
    "sort": 0,
    "tvboxUrl": "https://weixine.net/ysc.json",
    "updateTime": 1717687722554
  },
  {
    "api": "http://lflong.lyyytv.cn/json.php?url\u003d",
    "apiDetailParseTemplate": 0,
    "apiDetailParseType": 1,
    "builtIn": true,
    "createTime": 1717687722555,
    "enable": true,
    "id": 0,
    "isActive": true,
    "key": "影探",
    "name": "影探",
    "sniff": false,
    "sort": 0,
    "tvboxUrl": "https://weixine.net/ysc.json",
    "updateTime": 1717687722555
  },
  {
    "api": "http://42.157.128.109:2323/CH/zy/Yumi.php?url\u003d",
    "apiDetailParseTemplate": 0,
    "apiDetailParseType": 1,
    "builtIn": true,
    "createTime": 1717687722558,
    "enable": true,
    "id": 0,
    "isActive": true,
    "key": "玉米",
    "name": "玉米",
    "sniff": false,
    "sort": 0,
    "tvboxUrl": "https://weixine.net/ysc.json",
    "updateTime": 1717687722558
  },
  {
    "api": "https://daina.hk/api/?key\u003ddb18410c19c9ef6713cb5aa1408d2da4\u0026url\u003d",
    "apiDetailParseTemplate": 0,
    "apiDetailParseType": 1,
    "builtIn": true,
    "createTime": 1717687722559,
    "enable": true,
    "id": 0,
    "isActive": true,
    "key": "飞云",
    "name": "飞云",
    "sniff": false,
    "sort": 0,
    "tvboxUrl": "https://weixine.net/ysc.json",
    "updateTime": 1717687722559
  },
  {
    "api": "https://hd.396pay.cn/api/?key\u003dWYfoc47cVuA6xeED4H\u0026url\u003d",
    "apiDetailParseTemplate": 0,
    "apiDetailParseType": 1,
    "builtIn": true,
    "createTime": 1717687722560,
    "enable": true,
    "id": 0,
    "isActive": true,
    "key": "车哥",
    "name": "车哥",
    "sniff": false,
    "sort": 0,
    "tvboxUrl": "https://weixine.net/ysc.json",
    "updateTime": 1717687722560
  },
  {
    "api": "https://xjx.tvcms.top/api/?key\u003da035e75110289821feec5033ffde2bec\u0026url\u003d",
    "apiDetailParseTemplate": 0,
    "apiDetailParseType": 1,
    "builtIn": true,
    "createTime": 1717687722562,
    "enable": true,
    "id": 0,
    "isActive": true,
    "key": "车弟",
    "name": "车弟",
    "sniff": false,
    "sort": 0,
    "tvboxUrl": "https://weixine.net/ysc.json",
    "updateTime": 1717687722562
  }
]