[
  {
    "createTime": 1717687530274,
    "enable": false,
    "id": 0,
    "localSpiderPath": "/storage/emulated/0/Android/data/com.wbg.video/files/TvBox/046305DEBAE447482EF0F4C1E477BE6D.jar",
    "remoteSpiderUrl": "https://gitee.com/tvbox_2_0/ziji/raw/master/spider.jar",
    "updateTime": 1717687666159,
    "url": "https://gitee.com/tvbox_2_0/ziji/raw/master/ziji.json"
  },
  {
    "createTime": 1717687659164,
    "enable": true,
    "id": 0,
    "localSpiderPath": "/storage/emulated/0/Android/data/com.wbg.video/files/TvBox/C34B6EAAE552D6CD6571AAE9E2FA4E48.jar",
    "remoteSpiderUrl": "https://mirror.ghproxy.com/https://github.com/franksun1211/TVBOX/blob/main/APP/JAR/E8plus.jar?raw\u003dtrue",
    "updateTime": 1717687661353,
    "url": "https://mirror.ghproxy.com/https://raw.githubusercontent.com/pianku/Config/master/tvbox/fuli2.json"
  },
  {
    "createTime": 1717687679093,
    "enable": false,
    "id": 0,
    "localSpiderPath": "/storage/emulated/0/Android/data/com.wbg.video/files/TvBox/7624418EF8207CE04D75ED10DED4BCB7.jar",
    "remoteSpiderUrl": "https://fs-im-kefu.7moor-fs1.com/29397395/4d2c3f00-7d4c-11e5-af15-41bf63ae4ea0/1709930083738/fan.txt",
    "updateTime": 1717687747975,
    "url": "https://mirror.ghproxy.com/https://raw.githubusercontent.com/pdscxz/TV/main/video/tv4k.json"
  },
  {
    "createTime": 1717687692859,
    "enable": false,
    "id": 0,
    "localSpiderPath": "/storage/emulated/0/Android/data/com.wbg.video/files/TvBox/1B50ABBC3E6A7AC3741E59A81A08D20E.jar",
    "remoteSpiderUrl": "http://cdn.qiaoji8.com/fix240524.jar",
    "updateTime": 1717687748691,
    "url": "http://pandown.pro/tvbox/tvbox.json"
  },
  {
    "createTime": 1717687710523,
    "enable": false,
    "id": 0,
    "localSpiderPath": "/storage/emulated/0/Android/data/com.wbg.video/files/TvBox/5E77B6E4B5FEE9F90D77B63893F99B23.jar",
    "remoteSpiderUrl": "https://weixine.net/YSC.jar",
    "updateTime": 1717687749525,
    "url": "https://weixine.net/ysc.json"
  }
]