{
  "wbg.video.hot.word.anime": "[\"你想活出怎样的人生\",\"间谍过家家 代号：白\",\"迷宫饭\",\"排球少年！！垃圾场决战\",\"葬送的芙莉莲\",\"怪兽8号\",\"哈尔的移动城堡\",\"鬼灭之刃 柱训练篇\",\"一起来睡觉\",\"少女乐队的呐喊\",\"间谍过家家 第二季\",\"憧憬成为魔法少女\",\"窗边的小豆豆\",\"名侦探柯南：黑铁的鱼影\",\"北极百货店的接待员\",\"我独自升级\",\"机动战士高达SEED FREEDOM\",\"防风少年\",\"夜晚的水母不会游泳\",\"蓦然回首\"]",
  "wbg.video.hot.word.tv": "[\"玫瑰的故事\",\"度华年\",\"熊家餐馆 第三季\",\"我们的秘密\",\"向阳之处必有声\",\"墨雨云间\",\"喜人奇妙夜\",\"庆余年 第二季\",\"我的阿勒泰\",\"人生复本 第一季\",\"颜心记\",\"龙之家族 第二季\",\"金庸武侠世界\",\"看不见影子的少年\",\"鬼灭之刃 柱训练篇\",\"黑袍纠察队 第四季\",\"职业替身\",\"天行健\",\"时光代理人\",\"塑胶花\"]",
  "wbg.video.first.open": false,
  "wbg.video.hot.word.movie": "[\"疯狂的麦克斯：狂暴女神\",\"摩托骑士\",\"梦境\",\"穿越无尽的海洋前往月球\",\"朝云暮雨\",\"九龙城寨之围城\",\"红毯先生\",\"排球少年！！垃圾场决战\",\"扫黑·决不放弃\",\"职业杀手\",\"我们一起摇太阳\",\"神秘窥视\",\"窗边的小豆豆\",\"神秘友友\",\"你想活出怎样的人生\",\"野兽\",\"彷徨之刃\",\"美国内战\",\"末路狂花钱\",\"想象之光\"]",
  "wbg.video.announcement": "2024-07-01",
  "wbg.video.user.agent": "Mozilla/5.0 (Windows NT 10.0; WOW64) AppleWebKit/537.36 (KHTML, like Gecko) Chrome/63.0.3239.132 Safari/537.36",
  "wsg.video.app.version": "0.1.28",
  "wbg.video.auto.subscribe": false,
  "wbg.video.search.mode": false,
  "wbg.video.hot.word.variety": "[\"信用中国\",\"五十公里桃花坞第四季\",\"养生堂\",\"金牌调解\",\"第三调解室\",\"非诚勿扰\",\"可凡倾听\",\"欢乐集结号\",\"潮童天下\",\"春妮的周末时光\",\"笑动剧场\",\"社会传真\",\"天天七点综\",\"梨园春天天看\",\"京城美食地图\",\"诗画中国第二季\",\"国家宝藏第四季\",\"喜人奇妙夜\"]",
  "wbg.search.history.keyword": "[\"玫瑰的故事\"]"
}