[
  {
    "createTime": 1717686276149,
    "enable": false,
    "id": 1,
    "playerType": 0,
    "sort": 50,
    "subLiveUrl": "http://iptv.lysvc.cc/tvbox/永久源/wtv.txt",
    "subLiveUrlName": "太阳",
    "subTvboxUrl": "https://www.lysvc.cc/tvbox/TVshare.json",
    "type": 0,
    "updateTime": 1717686276149
  },
  {
    "createTime": 1717686369977,
    "enable": true,
    "id": 2,
    "playerType": 0,
    "sort": 50,
    "subLiveUrl": "https://raw.githubusercontent.com/lllyin/assets/master/xxx.png",
    "subLiveUrlName": "太阳",
    "subTvboxUrl": "https://alist.ywsj.cf/d/Cloudreve/tvbox/yuan/18/18-4.json",
    "type": 0,
    "updateTime": 1717686369977
  },
  {
    "createTime": 1717688272593,
    "enable": true,
    "id": 3,
    "playerType": 0,
    "sort": 50,
    "subLiveUrl": "file:///storage/emulated/0/1/TV-main/18/18live-1.m3u",
    "type": 0,
    "updateTime": 1717688272593
  },
  {
    "createTime": 1717688394649,
    "enable": true,
    "id": 4,
    "playerType": 0,
    "sort": 50,
    "subLiveUrl": "file:///storage/emulated/0/1/TV-main/18/18live.txt",
    "type": 0,
    "updateTime": 1717688394649
  },
  {
    "createTime": 1717772434062,
    "enable": true,
    "id": 5,
    "playerType": 0,
    "sort": 50,
    "subLiveUrl": "file:///storage/emulated/0/1/Live-main/Live-main/IPTV.m3u",
    "type": 0,
    "updateTime": 1717772434062
  },
  {
    "createTime": 1717772438698,
    "enable": true,
    "id": 6,
    "playerType": 0,
    "sort": 50,
    "subLiveUrl": "file:///storage/emulated/0/1/Live-main/Live-main/Radio.m3u",
    "type": 0,
    "updateTime": 1717772438698
  },
  {
    "createTime": 1720289673834,
    "enable": true,
    "id": 7,
    "playerType": 0,
    "sort": 50,
    "subLiveUrl": "https://gitee.com/lu-juye/zhiboyuan/raw/master/%E6%8A%96%E9%9F%B3%E5%87%89%E5%9F%8E%E6%A2%A6.txt",
    "type": 0,
    "updateTime": 1720289674481
  }
]