[
  {
    "createTime": 1717686276655,
    "enable": false,
    "hide": false,
    "id": 1,
    "name": "🌐｜全球",
    "sort": 50,
    "subUrl": "https://www.lysvc.cc/tvbox/TVshare.json",
    "updateTime": 1717686276655
  },
  {
    "createTime": 1717686277308,
    "enable": false,
    "hide": false,
    "id": 2,
    "name": "🇺🇸｜US",
    "sort": 50,
    "subUrl": "https://www.lysvc.cc/tvbox/TVshare.json",
    "updateTime": 1717686277308
  },
  {
    "createTime": 1717686279436,
    "enable": false,
    "hide": false,
    "id": 3,
    "name": "🎎 | 日本",
    "sort": 50,
    "subUrl": "https://www.lysvc.cc/tvbox/TVshare.json",
    "updateTime": 1717686279436
  },
  {
    "createTime": 1717686279586,
    "enable": false,
    "hide": false,
    "id": 4,
    "name": "🎎 | 韩国",
    "sort": 50,
    "subUrl": "https://www.lysvc.cc/tvbox/TVshare.json",
    "updateTime": 1717686279586
  },
  {
    "createTime": 1717686279636,
    "enable": false,
    "hide": false,
    "id": 5,
    "name": "🇷🇺 | 俄罗斯",
    "sort": 50,
    "subUrl": "https://www.lysvc.cc/tvbox/TVshare.json",
    "updateTime": 1717686279636
  },
  {
    "createTime": 1717686279739,
    "enable": false,
    "hide": false,
    "id": 6,
    "name": "🇭🇰| 港澳特区",
    "sort": 50,
    "subUrl": "https://www.lysvc.cc/tvbox/TVshare.json",
    "updateTime": 1717686279739
  },
  {
    "createTime": 1717686279825,
    "enable": false,
    "hide": false,
    "id": 7,
    "name": "TW| 台湾省",
    "sort": 50,
    "subUrl": "https://www.lysvc.cc/tvbox/TVshare.json",
    "updateTime": 1717686279825
  },
  {
    "createTime": 1717686279899,
    "enable": false,
    "hide": false,
    "id": 8,
    "name": "🎦️ | 影视巨献",
    "sort": 50,
    "subUrl": "https://www.lysvc.cc/tvbox/TVshare.json",
    "updateTime": 1717686279899
  },
  {
    "createTime": 1717686280100,
    "enable": false,
    "hide": false,
    "id": 9,
    "name": "🇨🇳 | 央视",
    "sort": 50,
    "subUrl": "https://www.lysvc.cc/tvbox/TVshare.json",
    "updateTime": 1717686280100
  },
  {
    "createTime": 1717686280340,
    "enable": false,
    "hide": false,
    "id": 10,
    "name": "💟｜卫视",
    "sort": 50,
    "subUrl": "https://www.lysvc.cc/tvbox/TVshare.json",
    "updateTime": 1717686280340
  },
  {
    "createTime": 1717686280606,
    "enable": false,
    "hide": false,
    "id": 11,
    "name": "💦｜湖南",
    "sort": 50,
    "subUrl": "https://www.lysvc.cc/tvbox/TVshare.json",
    "updateTime": 1717686280606
  },
  {
    "createTime": 1717686280634,
    "enable": false,
    "hide": false,
    "id": 12,
    "name": "⭐｜️北京",
    "sort": 50,
    "subUrl": "https://www.lysvc.cc/tvbox/TVshare.json",
    "updateTime": 1717686280634
  },
  {
    "createTime": 1717686280644,
    "enable": false,
    "hide": false,
    "id": 13,
    "name": "🕹｜️广西",
    "sort": 50,
    "subUrl": "https://www.lysvc.cc/tvbox/TVshare.json",
    "updateTime": 1717686280644
  },
  {
    "createTime": 1717686280720,
    "enable": false,
    "hide": false,
    "id": 14,
    "name": "🌳｜上海",
    "sort": 50,
    "subUrl": "https://www.lysvc.cc/tvbox/TVshare.json",
    "updateTime": 1717686280720
  },
  {
    "createTime": 1717686280793,
    "enable": false,
    "hide": false,
    "id": 15,
    "name": "🌺｜广东",
    "sort": 50,
    "subUrl": "https://www.lysvc.cc/tvbox/TVshare.json",
    "updateTime": 1717686280793
  },
  {
    "createTime": 1717686280817,
    "enable": false,
    "hide": false,
    "id": 16,
    "name": "🔫｜浙江",
    "sort": 50,
    "subUrl": "https://www.lysvc.cc/tvbox/TVshare.json",
    "updateTime": 1717686280817
  },
  {
    "createTime": 1717686280929,
    "enable": false,
    "hide": false,
    "id": 17,
    "name": "☘️｜福建",
    "sort": 50,
    "subUrl": "https://www.lysvc.cc/tvbox/TVshare.json",
    "updateTime": 1717686280929
  },
  {
    "createTime": 1717686280970,
    "enable": false,
    "hide": false,
    "id": 18,
    "name": "🎨｜江苏",
    "sort": 50,
    "subUrl": "https://www.lysvc.cc/tvbox/TVshare.json",
    "updateTime": 1717686280970
  },
  {
    "createTime": 1717686281095,
    "enable": false,
    "hide": false,
    "id": 19,
    "name": "🐣｜江西",
    "sort": 50,
    "subUrl": "https://www.lysvc.cc/tvbox/TVshare.json",
    "updateTime": 1717686281095
  },
  {
    "createTime": 1717686281149,
    "enable": false,
    "hide": false,
    "id": 20,
    "name": "🍃｜甘肃",
    "sort": 50,
    "subUrl": "https://www.lysvc.cc/tvbox/TVshare.json",
    "updateTime": 1717686281149
  },
  {
    "createTime": 1717686281181,
    "enable": false,
    "hide": false,
    "id": 21,
    "name": "💐｜云南",
    "sort": 50,
    "subUrl": "https://www.lysvc.cc/tvbox/TVshare.json",
    "updateTime": 1717686281181
  },
  {
    "createTime": 1717686281324,
    "enable": false,
    "hide": false,
    "id": 22,
    "name": "🗽｜四川",
    "sort": 50,
    "subUrl": "https://www.lysvc.cc/tvbox/TVshare.json",
    "updateTime": 1717686281324
  },
  {
    "createTime": 1717686281692,
    "enable": false,
    "hide": false,
    "id": 23,
    "name": "🏵️｜湖北",
    "sort": 50,
    "subUrl": "https://www.lysvc.cc/tvbox/TVshare.json",
    "updateTime": 1717686281692
  },
  {
    "createTime": 1717686281872,
    "enable": false,
    "hide": false,
    "id": 24,
    "name": "🍁｜山东",
    "sort": 50,
    "subUrl": "https://www.lysvc.cc/tvbox/TVshare.json",
    "updateTime": 1717686281872
  },
  {
    "createTime": 1717686282106,
    "enable": false,
    "hide": false,
    "id": 25,
    "name": "🎍｜安徽",
    "sort": 50,
    "subUrl": "https://www.lysvc.cc/tvbox/TVshare.json",
    "updateTime": 1717686282106
  },
  {
    "createTime": 1717686282330,
    "enable": false,
    "hide": false,
    "id": 26,
    "name": "🍁｜贵州",
    "sort": 50,
    "subUrl": "https://www.lysvc.cc/tvbox/TVshare.json",
    "updateTime": 1717686282330
  },
  {
    "createTime": 1717686282374,
    "enable": false,
    "hide": false,
    "id": 27,
    "name": "⛰️｜山西",
    "sort": 50,
    "subUrl": "https://www.lysvc.cc/tvbox/TVshare.json",
    "updateTime": 1717686282374
  },
  {
    "createTime": 1717686282511,
    "enable": false,
    "hide": false,
    "id": 28,
    "name": "⛲｜重庆",
    "sort": 50,
    "subUrl": "https://www.lysvc.cc/tvbox/TVshare.json",
    "updateTime": 1717686282511
  },
  {
    "createTime": 1717686282586,
    "enable": false,
    "hide": false,
    "id": 29,
    "name": "⛱️｜河南",
    "sort": 50,
    "subUrl": "https://www.lysvc.cc/tvbox/TVshare.json",
    "updateTime": 1717686282586
  },
  {
    "createTime": 1717686282974,
    "enable": false,
    "hide": false,
    "id": 30,
    "name": "🌿｜陕西",
    "sort": 50,
    "subUrl": "https://www.lysvc.cc/tvbox/TVshare.json",
    "updateTime": 1717686282974
  },
  {
    "createTime": 1717686283008,
    "enable": false,
    "hide": false,
    "id": 31,
    "name": "🐉｜黑龙江",
    "sort": 50,
    "subUrl": "https://www.lysvc.cc/tvbox/TVshare.json",
    "updateTime": 1717686283008
  },
  {
    "createTime": 1717686283131,
    "enable": false,
    "hide": false,
    "id": 32,
    "name": "🍀｜辽宁",
    "sort": 50,
    "subUrl": "https://www.lysvc.cc/tvbox/TVshare.json",
    "updateTime": 1717686283131
  },
  {
    "createTime": 1717686283168,
    "enable": false,
    "hide": false,
    "id": 33,
    "name": "🐂｜内蒙古",
    "sort": 50,
    "subUrl": "https://www.lysvc.cc/tvbox/TVshare.json",
    "updateTime": 1717686283168
  },
  {
    "createTime": 1717686283202,
    "enable": false,
    "hide": false,
    "id": 34,
    "name": "🐫｜新疆",
    "sort": 50,
    "subUrl": "https://www.lysvc.cc/tvbox/TVshare.json",
    "updateTime": 1717686283202
  },
  {
    "createTime": 1717686283337,
    "enable": false,
    "hide": false,
    "id": 35,
    "name": "🏟️｜青海",
    "sort": 50,
    "subUrl": "https://www.lysvc.cc/tvbox/TVshare.json",
    "updateTime": 1717686283337
  },
  {
    "createTime": 1717686283389,
    "enable": false,
    "hide": false,
    "id": 36,
    "name": "🦜｜宁夏",
    "sort": 50,
    "subUrl": "https://www.lysvc.cc/tvbox/TVshare.json",
    "updateTime": 1717686283389
  },
  {
    "createTime": 1717686283409,
    "enable": false,
    "hide": false,
    "id": 37,
    "name": "🐿️｜海南",
    "sort": 50,
    "subUrl": "https://www.lysvc.cc/tvbox/TVshare.json",
    "updateTime": 1717686283409
  },
  {
    "createTime": 1717686283418,
    "enable": false,
    "hide": false,
    "id": 38,
    "name": "🦀｜吉林",
    "sort": 50,
    "subUrl": "https://www.lysvc.cc/tvbox/TVshare.json",
    "updateTime": 1717686283418
  },
  {
    "createTime": 1717686283511,
    "enable": false,
    "hide": false,
    "id": 39,
    "name": "🦄｜河北",
    "sort": 50,
    "subUrl": "https://www.lysvc.cc/tvbox/TVshare.json",
    "updateTime": 1717686283511
  },
  {
    "createTime": 1717686283625,
    "enable": false,
    "hide": false,
    "id": 40,
    "name": "🥐｜天津",
    "sort": 50,
    "subUrl": "https://www.lysvc.cc/tvbox/TVshare.json",
    "updateTime": 1717686283625
  },
  {
    "createTime": 1717686283651,
    "enable": false,
    "hide": false,
    "id": 41,
    "name": "🦟｜西赞藏",
    "sort": 50,
    "subUrl": "https://www.lysvc.cc/tvbox/TVshare.json",
    "updateTime": 1717686283651
  },
  {
    "createTime": 1717686283660,
    "enable": false,
    "hide": false,
    "id": 42,
    "name": "测试频道",
    "pwd": "666",
    "sort": 50,
    "subUrl": "https://www.lysvc.cc/tvbox/TVshare.json",
    "updateTime": 1717686283660
  },
  {
    "createTime": 1717686379482,
    "enable": true,
    "hide": false,
    "id": 43,
    "name": "newtv",
    "sort": 50,
    "subUrl": "https://alist.ywsj.cf/d/Cloudreve/tvbox/yuan/18/18-4.json",
    "updateTime": 1717686379482
  },
  {
    "createTime": 1717686379589,
    "enable": true,
    "hide": false,
    "id": 44,
    "name": "央妈直播",
    "sort": 50,
    "subUrl": "https://alist.ywsj.cf/d/Cloudreve/tvbox/yuan/18/18-4.json",
    "updateTime": 1717686379589
  },
  {
    "createTime": 1717686379667,
    "enable": true,
    "hide": false,
    "id": 45,
    "name": "YouTube",
    "sort": 50,
    "subUrl": "https://alist.ywsj.cf/d/Cloudreve/tvbox/yuan/18/18-4.json",
    "updateTime": 1717686379667
  },
  {
    "createTime": 1717686379693,
    "enable": true,
    "hide": false,
    "id": 46,
    "name": "死肥羊",
    "sort": 50,
    "subUrl": "https://alist.ywsj.cf/d/Cloudreve/tvbox/yuan/18/18-4.json",
    "updateTime": 1717686379693
  },
  {
    "createTime": 1717686386697,
    "enable": true,
    "hide": false,
    "id": 47,
    "name": "mtv",
    "sort": 50,
    "subUrl": "https://alist.ywsj.cf/d/Cloudreve/tvbox/yuan/18/18-4.json",
    "updateTime": 1717686386697
  },
  {
    "createTime": 1717686387679,
    "enable": true,
    "hide": false,
    "id": 48,
    "name": "hstv",
    "sort": 50,
    "subUrl": "https://alist.ywsj.cf/d/Cloudreve/tvbox/yuan/18/18-4.json",
    "updateTime": 1717686387679
  },
  {
    "createTime": 1717686388610,
    "enable": true,
    "hide": false,
    "id": 49,
    "name": "xxx仓库",
    "sort": 50,
    "subUrl": "https://alist.ywsj.cf/d/Cloudreve/tvbox/yuan/18/18-4.json",
    "updateTime": 1717686388610
  },
  {
    "createTime": 1717686441291,
    "enable": true,
    "hide": false,
    "id": 50,
    "name": "黄色仓库",
    "sort": 50,
    "subUrl": "https://alist.ywsj.cf/d/Cloudreve/tvbox/yuan/18/18-4.json",
    "updateTime": 1717686441291
  },
  {
    "createTime": 1717686441306,
    "enable": true,
    "hide": false,
    "id": 51,
    "name": "最近更新",
    "sort": 50,
    "subUrl": "https://alist.ywsj.cf/d/Cloudreve/tvbox/yuan/18/18-4.json",
    "updateTime": 1717686441306
  },
  {
    "createTime": 1717686441885,
    "enable": true,
    "hide": false,
    "id": 52,
    "name": "欧美成人",
    "sort": 50,
    "subUrl": "https://alist.ywsj.cf/d/Cloudreve/tvbox/yuan/18/18-4.json",
    "updateTime": 1717686441885
  },
  {
    "createTime": 1717686442181,
    "enable": true,
    "hide": false,
    "id": 53,
    "name": "无码中文",
    "sort": 50,
    "subUrl": "https://alist.ywsj.cf/d/Cloudreve/tvbox/yuan/18/18-4.json",
    "updateTime": 1717686442181
  },
  {
    "createTime": 1717686443298,
    "enable": true,
    "hide": false,
    "id": 55,
    "name": "国产视频1",
    "sort": 50,
    "subUrl": "https://alist.ywsj.cf/d/Cloudreve/tvbox/yuan/18/18-4.json",
    "updateTime": 1717686443298
  },
  {
    "createTime": 1717686444193,
    "enable": true,
    "hide": false,
    "id": 56,
    "name": "国产视频2",
    "sort": 50,
    "subUrl": "https://alist.ywsj.cf/d/Cloudreve/tvbox/yuan/18/18-4.json",
    "updateTime": 1717686444193
  },
  {
    "createTime": 1717686445056,
    "enable": true,
    "hide": false,
    "id": 57,
    "name": "国产视频3",
    "sort": 50,
    "subUrl": "https://alist.ywsj.cf/d/Cloudreve/tvbox/yuan/18/18-4.json",
    "updateTime": 1717686445056
  },
  {
    "createTime": 1717686445852,
    "enable": true,
    "hide": false,
    "id": 58,
    "name": "国产视频4",
    "sort": 50,
    "subUrl": "https://alist.ywsj.cf/d/Cloudreve/tvbox/yuan/18/18-4.json",
    "updateTime": 1717686445852
  },
  {
    "createTime": 1717686446673,
    "enable": true,
    "hide": false,
    "id": 59,
    "name": "国产视频5",
    "sort": 50,
    "subUrl": "https://alist.ywsj.cf/d/Cloudreve/tvbox/yuan/18/18-4.json",
    "updateTime": 1717686446673
  },
  {
    "createTime": 1717686447557,
    "enable": true,
    "hide": false,
    "id": 60,
    "name": "国产视频6",
    "sort": 50,
    "subUrl": "https://alist.ywsj.cf/d/Cloudreve/tvbox/yuan/18/18-4.json",
    "updateTime": 1717686447557
  },
  {
    "createTime": 1717686448415,
    "enable": true,
    "hide": false,
    "id": 61,
    "name": "国产视频7",
    "sort": 50,
    "subUrl": "https://alist.ywsj.cf/d/Cloudreve/tvbox/yuan/18/18-4.json",
    "updateTime": 1717686448415
  },
  {
    "createTime": 1717686449255,
    "enable": true,
    "hide": false,
    "id": 62,
    "name": "国产视频8",
    "sort": 50,
    "subUrl": "https://alist.ywsj.cf/d/Cloudreve/tvbox/yuan/18/18-4.json",
    "updateTime": 1717686449255
  },
  {
    "createTime": 1717686449947,
    "enable": true,
    "hide": false,
    "id": 63,
    "name": "日韩AV1",
    "sort": 50,
    "subUrl": "https://alist.ywsj.cf/d/Cloudreve/tvbox/yuan/18/18-4.json",
    "updateTime": 1717686449947
  },
  {
    "createTime": 1717686450839,
    "enable": true,
    "hide": false,
    "id": 64,
    "name": "日韩AV2",
    "sort": 50,
    "subUrl": "https://alist.ywsj.cf/d/Cloudreve/tvbox/yuan/18/18-4.json",
    "updateTime": 1717686450839
  },
  {
    "createTime": 1717686451753,
    "enable": true,
    "hide": false,
    "id": 65,
    "name": "日韩AV3",
    "sort": 50,
    "subUrl": "https://alist.ywsj.cf/d/Cloudreve/tvbox/yuan/18/18-4.json",
    "updateTime": 1717686451753
  },
  {
    "createTime": 1717686452673,
    "enable": true,
    "hide": false,
    "id": 66,
    "name": "日韩AV4",
    "sort": 50,
    "subUrl": "https://alist.ywsj.cf/d/Cloudreve/tvbox/yuan/18/18-4.json",
    "updateTime": 1717686452673
  },
  {
    "createTime": 1717686453617,
    "enable": true,
    "hide": false,
    "id": 67,
    "name": "日韩AV5",
    "sort": 50,
    "subUrl": "https://alist.ywsj.cf/d/Cloudreve/tvbox/yuan/18/18-4.json",
    "updateTime": 1717686453617
  },
  {
    "createTime": 1717686454548,
    "enable": true,
    "hide": false,
    "id": 68,
    "name": "日韩AV6",
    "sort": 50,
    "subUrl": "https://alist.ywsj.cf/d/Cloudreve/tvbox/yuan/18/18-4.json",
    "updateTime": 1717686454548
  },
  {
    "createTime": 1717686455472,
    "enable": true,
    "hide": false,
    "id": 69,
    "name": "日韩AV7",
    "sort": 50,
    "subUrl": "https://alist.ywsj.cf/d/Cloudreve/tvbox/yuan/18/18-4.json",
    "updateTime": 1717686455472
  },
  {
    "createTime": 1717686456428,
    "enable": true,
    "hide": false,
    "id": 70,
    "name": "日韩AV8",
    "sort": 50,
    "subUrl": "https://alist.ywsj.cf/d/Cloudreve/tvbox/yuan/18/18-4.json",
    "updateTime": 1717686456428
  },
  {
    "createTime": 1717688272613,
    "enable": true,
    "hide": false,
    "id": 71,
    "name": "玩偶",
    "sort": 50,
    "updateTime": 1717688272613
  },
  {
    "createTime": 1717688273104,
    "enable": true,
    "hide": false,
    "id": 72,
    "name": "麻豆-探花",
    "sort": 50,
    "updateTime": 1717688273104
  },
  {
    "createTime": 1717688273371,
    "enable": true,
    "hide": false,
    "id": 73,
    "name": "麻豆-MSD",
    "sort": 50,
    "updateTime": 1717688273371
  },
  {
    "createTime": 1717688273917,
    "enable": true,
    "hide": false,
    "id": 74,
    "name": "欧美",
    "sort": 50,
    "updateTime": 1717688273917
  },
  {
    "createTime": 1717688274137,
    "enable": true,
    "hide": false,
    "id": 75,
    "name": "日本",
    "sort": 50,
    "updateTime": 1717688274137
  },
  {
    "createTime": 1717688283067,
    "enable": true,
    "hide": false,
    "id": 76,
    "name": "直播",
    "sort": 50,
    "updateTime": 1717688283067
  },
  {
    "createTime": 1717688394660,
    "enable": true,
    "hide": false,
    "id": 77,
    "name": "日本(18+)",
    "sort": 50,
    "updateTime": 1717688394660
  },
  {
    "createTime": 1717688394993,
    "enable": true,
    "hide": false,
    "id": 79,
    "name": "晴天源",
    "sort": 50,
    "updateTime": 1717688394993
  },
  {
    "createTime": 1717688395021,
    "enable": true,
    "hide": false,
    "id": 80,
    "name": "家新专用",
    "sort": 50,
    "updateTime": 1717688395021
  },
  {
    "createTime": 1717688395110,
    "enable": true,
    "hide": false,
    "id": 81,
    "name": "女优代表作",
    "sort": 50,
    "updateTime": 1717688395110
  },
  {
    "createTime": 1717688395491,
    "enable": true,
    "hide": false,
    "id": 82,
    "name": "一本道AV",
    "sort": 50,
    "updateTime": 1717688395491
  },
  {
    "createTime": 1717688395728,
    "enable": true,
    "hide": false,
    "id": 83,
    "name": "【东热AV】",
    "sort": 50,
    "updateTime": 1717688395728
  },
  {
    "createTime": 1717688395864,
    "enable": true,
    "hide": false,
    "id": 84,
    "name": "丝袜资源网【日本无码】",
    "sort": 50,
    "updateTime": 1717688395864
  },
  {
    "createTime": 1717688395909,
    "enable": true,
    "hide": false,
    "id": 85,
    "name": "丝袜资源网【中文字幕】",
    "sort": 50,
    "updateTime": 1717688395909
  },
  {
    "createTime": 1717688399389,
    "enable": true,
    "hide": false,
    "id": 86,
    "name": "无码步兵",
    "sort": 50,
    "updateTime": 1717688399389
  },
  {
    "createTime": 1717688399570,
    "enable": true,
    "hide": false,
    "id": 87,
    "name": "SWAG",
    "sort": 50,
    "updateTime": 1717688399570
  },
  {
    "createTime": 1717688400060,
    "enable": true,
    "hide": false,
    "id": 88,
    "name": "番号",
    "sort": 50,
    "updateTime": 1717688400060
  },
  {
    "createTime": 1717688420503,
    "enable": true,
    "hide": false,
    "id": 89,
    "name": "VIP高清秒播",
    "sort": 50,
    "updateTime": 1717688420503
  },
  {
    "createTime": 1717772434083,
    "enable": true,
    "hide": false,
    "id": 90,
    "name": "央视",
    "sort": 50,
    "updateTime": 1717772434083
  },
  {
    "createTime": 1717772434710,
    "enable": true,
    "hide": false,
    "id": 92,
    "name": "地方",
    "sort": 50,
    "updateTime": 1717772434710
  },
  {
    "createTime": 1717772435065,
    "enable": true,
    "hide": false,
    "id": 93,
    "name": "数字",
    "sort": 50,
    "updateTime": 1717772435065
  },
  {
    "createTime": 1717772435311,
    "enable": true,
    "hide": false,
    "id": 94,
    "name": "国际",
    "sort": 50,
    "updateTime": 1717772435311
  },
  {
    "createTime": 1717772438703,
    "enable": true,
    "hide": false,
    "id": 95,
    "name": "综合广播",
    "sort": 50,
    "updateTime": 1717772438703
  },
  {
    "createTime": 1717772438753,
    "enable": true,
    "hide": false,
    "id": 96,
    "name": "音乐广播",
    "sort": 50,
    "updateTime": 1717772438753
  },
  {
    "createTime": 1717772439195,
    "enable": true,
    "hide": false,
    "id": 97,
    "name": "网络广播",
    "sort": 50,
    "updateTime": 1717772439195
  },
  {
    "createTime": 1717772439301,
    "enable": true,
    "hide": false,
    "id": 98,
    "name": "境外广播",
    "sort": 50,
    "updateTime": 1717772439301
  },
  {
    "createTime": 1720289664009,
    "enable": true,
    "hide": false,
    "id": 99,
    "name": "📛IPV4测试",
    "sort": 50,
    "updateTime": 1720289664009
  },
  {
    "createTime": 1720289664502,
    "enable": true,
    "hide": false,
    "id": 100,
    "name": "🇨🇳IPV6央视",
    "sort": 50,
    "updateTime": 1720289664502
  },
  {
    "createTime": 1720289664728,
    "enable": true,
    "hide": false,
    "id": 101,
    "name": "🗺IP︎V6卫视",
    "sort": 50,
    "updateTime": 1720289664728
  },
  {
    "createTime": 1720289664925,
    "enable": true,
    "hide": false,
    "id": 102,
    "name": "⚽体育直播",
    "sort": 50,
    "updateTime": 1720289664925
  },
  {
    "createTime": 1720289664965,
    "enable": true,
    "hide": false,
    "id": 103,
    "name": "🍒数字频道",
    "sort": 50,
    "updateTime": 1720289664965
  },
  {
    "createTime": 1720289665170,
    "enable": true,
    "hide": false,
    "id": 104,
    "name": "🍎地方频道",
    "sort": 50,
    "updateTime": 1720289665170
  },
  {
    "createTime": 1720289665323,
    "enable": true,
    "hide": false,
    "id": 105,
    "name": "🇭🇰港澳频道",
    "sort": 50,
    "updateTime": 1720289665323
  },
  {
    "createTime": 1720289665549,
    "enable": true,
    "hide": false,
    "id": 106,
    "name": "🌎国际频道",
    "sort": 50,
    "updateTime": 1720289665549
  },
  {
    "createTime": 1720289665632,
    "enable": true,
    "hide": false,
    "id": 107,
    "name": "😜春晚现场",
    "sort": 50,
    "updateTime": 1720289665632
  },
  {
    "createTime": 1720289665989,
    "enable": true,
    "hide": false,
    "id": 108,
    "name": "🔥6月17日",
    "sort": 50,
    "updateTime": 1720289665989
  },
  {
    "createTime": 1720289666001,
    "enable": true,
    "hide": false,
    "id": 109,
    "name": "💰打赏作者",
    "sort": 50,
    "updateTime": 1720289666001
  },
  {
    "createTime": 1720289666018,
    "enable": true,
    "hide": false,
    "id": 111,
    "name": "🌎付费频道",
    "pwd": "84786130",
    "sort": 50,
    "updateTime": 1720289666018
  }
]