[
  {
    "api": "https://fjkkk.cn/toujiexisiquanjia.php?url\u003d",
    "apiDetailParseTemplate": 0,
    "apiDetailParseType": 1,
    "builtIn": true,
    "createTime": 1717686369967,
    "enable": true,
    "id": 0,
    "isActive": true,
    "key": "飞捷",
    "name": "飞捷",
    "sniff": false,
    "sort": 0,
    "tvboxUrl": "https://alist.ywsj.cf/d/Cloudreve/tvbox/yuan/18/18-4.json",
    "updateTime": 1717686369967
  },
  {
    "api": "http://110.42.2.115:880/analysis/json/?uid\u003d2245\u0026my\u003dcdfhirsuwyEGIPU346\u0026url\u003d",
    "apiDetailParseTemplate": 0,
    "apiDetailParseType": 1,
    "builtIn": true,
    "createTime": 1717686369967,
    "enable": true,
    "id": 0,
    "isActive": true,
    "key": "集象",
    "name": "集象",
    "sniff": false,
    "sort": 0,
    "tvboxUrl": "https://alist.ywsj.cf/d/Cloudreve/tvbox/yuan/18/18-4.json",
    "updateTime": 1717686369967
  },
  {
    "api": "https://www.daina.hk/api/?key\u003dRXpzyrbMFYySN0sNps\u0026url\u003d",
    "apiDetailParseTemplate": 0,
    "apiDetailParseType": 1,
    "builtIn": true,
    "createTime": 1717686369968,
    "enable": true,
    "id": 0,
    "isActive": true,
    "key": "急速1",
    "name": "急速1",
    "sniff": false,
    "sort": 0,
    "tvboxUrl": "https://alist.ywsj.cf/d/Cloudreve/tvbox/yuan/18/18-4.json",
    "updateTime": 1717686369968
  },
  {
    "api": "https://jx.parwix.com:4433/player/?url\u003d",
    "apiDetailParseTemplate": 0,
    "apiDetailParseType": 1,
    "builtIn": true,
    "createTime": 1717686369968,
    "enable": true,
    "id": 0,
    "isActive": true,
    "key": "急速3",
    "name": "急速3",
    "sniff": false,
    "sort": 0,
    "tvboxUrl": "https://alist.ywsj.cf/d/Cloudreve/tvbox/yuan/18/18-4.json",
    "updateTime": 1717686369968
  },
  {
    "api": "http://jifei.mrcy0.com/home/api?type\u003dys\u0026uid\u003d2752189\u0026key\u003daefghtACLNRSZ01247\u0026url\u003d",
    "apiDetailParseTemplate": 0,
    "apiDetailParseType": 1,
    "builtIn": true,
    "createTime": 1717686369968,
    "enable": true,
    "id": 0,
    "isActive": true,
    "key": "VIP3",
    "name": "VIP3",
    "sniff": false,
    "sort": 0,
    "tvboxUrl": "https://alist.ywsj.cf/d/Cloudreve/tvbox/yuan/18/18-4.json",
    "updateTime": 1717686369968
  },
  {
    "api": "http://api.vip123kan.vip/?url\u003d",
    "apiDetailParseTemplate": 0,
    "apiDetailParseType": 1,
    "builtIn": true,
    "createTime": 1717686369969,
    "enable": true,
    "id": 0,
    "isActive": true,
    "key": "急速6",
    "name": "急速6",
    "sniff": false,
    "sort": 0,
    "tvboxUrl": "https://alist.ywsj.cf/d/Cloudreve/tvbox/yuan/18/18-4.json",
    "updateTime": 1717686369969
  },
  {
    "api": "http://yaluan.520say.cn/home/api?type\u003dys\u0026uid\u003d65588\u0026key\u003dcdeghikortvAFGI078\u0026url\u003d",
    "apiDetailParseTemplate": 0,
    "apiDetailParseType": 1,
    "builtIn": true,
    "createTime": 1717686369969,
    "enable": true,
    "id": 0,
    "isActive": true,
    "key": "急速8",
    "name": "急速8",
    "sniff": false,
    "sort": 0,
    "tvboxUrl": "https://alist.ywsj.cf/d/Cloudreve/tvbox/yuan/18/18-4.json",
    "updateTime": 1717686369969
  },
  {
    "api": "https://jf.96ym.cn/home/api?type\u003dys\u0026uid\u003d1319830\u0026key\u003dcefgnoprtvxyzBGKP6\u0026url\u003d",
    "apiDetailParseTemplate": 0,
    "apiDetailParseType": 1,
    "builtIn": true,
    "createTime": 1717686369970,
    "enable": true,
    "id": 0,
    "isActive": true,
    "key": "急速4",
    "name": "急速4",
    "sniff": false,
    "sort": 0,
    "tvboxUrl": "https://alist.ywsj.cf/d/Cloudreve/tvbox/yuan/18/18-4.json",
    "updateTime": 1717686369970
  },
  {
    "api": "http://ck.laobandq.com/3515240842.php?pltfrom\u003d1100\u0026url\u003d",
    "apiDetailParseTemplate": 0,
    "apiDetailParseType": 1,
    "builtIn": true,
    "createTime": 1717686369970,
    "enable": true,
    "id": 0,
    "isActive": true,
    "key": "急速5",
    "name": "急速5",
    "sniff": false,
    "sort": 0,
    "tvboxUrl": "https://alist.ywsj.cf/d/Cloudreve/tvbox/yuan/18/18-4.json",
    "updateTime": 1717686369970
  },
  {
    "api": "https://api.exeyz.cc/api/Json.php?url\u003d",
    "apiDetailParseTemplate": 0,
    "apiDetailParseType": 1,
    "builtIn": true,
    "createTime": 1717686369971,
    "enable": true,
    "id": 0,
    "isActive": true,
    "key": "急速9",
    "name": "急速9",
    "sniff": false,
    "sort": 0,
    "tvboxUrl": "https://alist.ywsj.cf/d/Cloudreve/tvbox/yuan/18/18-4.json",
    "updateTime": 1717686369971
  },
  {
    "api": "http://110.42.2.115:880/analysis/json/?uid\u003d1735\u0026my\u003dhjklmsuwyzDGHIKXY3\u0026url\u003d",
    "apiDetailParseTemplate": 0,
    "apiDetailParseType": 1,
    "builtIn": true,
    "createTime": 1717686369971,
    "enable": true,
    "id": 0,
    "isActive": true,
    "key": "海星解析",
    "name": "海星解析",
    "sniff": false,
    "sort": 0,
    "tvboxUrl": "https://alist.ywsj.cf/d/Cloudreve/tvbox/yuan/18/18-4.json",
    "updateTime": 1717686369971
  },
  {
    "api": "http://110.42.2.115:880/analysis/json/?uid\u003d2233\u0026my\u003deginqstBCJMNSUX689\u0026url\u003d",
    "apiDetailParseTemplate": 0,
    "apiDetailParseType": 1,
    "builtIn": true,
    "createTime": 1717686369971,
    "enable": true,
    "id": 0,
    "isActive": true,
    "key": "VIP1",
    "name": "VIP1",
    "sniff": false,
    "sort": 0,
    "tvboxUrl": "https://alist.ywsj.cf/d/Cloudreve/tvbox/yuan/18/18-4.json",
    "updateTime": 1717686369971
  },
  {
    "api": "https://vvip.funsline.cn/api/?key\u003d8vMzuXb87MWtyJeECE\u0026url\u003d",
    "apiDetailParseTemplate": 0,
    "apiDetailParseType": 1,
    "builtIn": true,
    "createTime": 1717686369972,
    "enable": true,
    "id": 0,
    "isActive": true,
    "key": "MuX蓝光解析（辉夜）",
    "name": "MuX蓝光解析（辉夜）",
    "sniff": false,
    "sort": 0,
    "tvboxUrl": "https://alist.ywsj.cf/d/Cloudreve/tvbox/yuan/18/18-4.json",
    "updateTime": 1717686369972
  },
  {
    "api": "http://chaloli.cn/home/api?type\u003dys\u0026uid\u003d705072\u0026key\u003dabcdegipstBCFMSVZ6\u0026url\u003d",
    "apiDetailParseTemplate": 0,
    "apiDetailParseType": 1,
    "builtIn": true,
    "createTime": 1717686369972,
    "enable": true,
    "id": 0,
    "isActive": true,
    "key": "猫群专用解析y1",
    "name": "猫群专用解析y1",
    "sniff": false,
    "sort": 0,
    "tvboxUrl": "https://alist.ywsj.cf/d/Cloudreve/tvbox/yuan/18/18-4.json",
    "updateTime": 1717686369972
  },
  {
    "api": "http://chaloli.cn/home/api?type\u003dys\u0026uid\u003d705072\u0026key\u003dabcdegipstBCFMSVZ6\u0026fs\u003dsm\u0026url\u003d",
    "apiDetailParseTemplate": 0,
    "apiDetailParseType": 1,
    "builtIn": true,
    "createTime": 1717686369973,
    "enable": true,
    "id": 0,
    "isActive": true,
    "key": "猫群专用解析y2",
    "name": "猫群专用解析y2",
    "sniff": false,
    "sort": 0,
    "tvboxUrl": "https://alist.ywsj.cf/d/Cloudreve/tvbox/yuan/18/18-4.json",
    "updateTime": 1717686369973
  },
  {
    "api": "http://chaloli.cn/home/api?type\u003dys\u0026uid\u003d705072\u0026key\u003dabcdegipstBCFMSVZ6\u0026fs\u003dhz\u0026url\u003d",
    "apiDetailParseTemplate": 0,
    "apiDetailParseType": 1,
    "builtIn": true,
    "createTime": 1717686369973,
    "enable": true,
    "id": 0,
    "isActive": true,
    "key": "猫群专用解析y3",
    "name": "猫群专用解析y3",
    "sniff": false,
    "sort": 0,
    "tvboxUrl": "https://alist.ywsj.cf/d/Cloudreve/tvbox/yuan/18/18-4.json",
    "updateTime": 1717686369973
  },
  {
    "api": "https://json.pangujiexi.com/json.php?url\u003d",
    "apiDetailParseTemplate": 0,
    "apiDetailParseType": 1,
    "builtIn": true,
    "createTime": 1717686369974,
    "enable": true,
    "id": 0,
    "isActive": true,
    "key": "猫群专用解析02",
    "name": "猫群专用解析02",
    "sniff": false,
    "sort": 0,
    "tvboxUrl": "https://alist.ywsj.cf/d/Cloudreve/tvbox/yuan/18/18-4.json",
    "updateTime": 1717686369974
  },
  {
    "api": "https://vip.aiaine.com/api/?key\u003d8FN8gNAySnvJiMllxZ\u0026url\u003d",
    "apiDetailParseTemplate": 0,
    "apiDetailParseType": 1,
    "builtIn": true,
    "createTime": 1717686369974,
    "enable": true,
    "id": 0,
    "isActive": true,
    "key": "猫群专用解析03",
    "name": "猫群专用解析03",
    "sniff": false,
    "sort": 0,
    "tvboxUrl": "https://alist.ywsj.cf/d/Cloudreve/tvbox/yuan/18/18-4.json",
    "updateTime": 1717686369974
  },
  {
    "api": "http://api.vip123kan.vip/?url\u003d",
    "apiDetailParseTemplate": 0,
    "apiDetailParseType": 1,
    "builtIn": true,
    "createTime": 1717686369974,
    "enable": true,
    "id": 0,
    "isActive": true,
    "key": "猫群专用解析04",
    "name": "猫群专用解析04",
    "sniff": false,
    "sort": 0,
    "tvboxUrl": "https://alist.ywsj.cf/d/Cloudreve/tvbox/yuan/18/18-4.json",
    "updateTime": 1717686369974
  },
  {
    "api": "https://a.dxzj88.com/jxrrm/jiami.php?url\u003d",
    "apiDetailParseTemplate": 0,
    "apiDetailParseType": 1,
    "builtIn": true,
    "createTime": 1717686369975,
    "enable": true,
    "id": 0,
    "isActive": true,
    "key": "猫群专用解析05",
    "name": "猫群专用解析05",
    "sniff": false,
    "sort": 0,
    "tvboxUrl": "https://alist.ywsj.cf/d/Cloudreve/tvbox/yuan/18/18-4.json",
    "updateTime": 1717686369975
  },
  {
    "api": "https://sz.dxzj88.com/jxrjrm/jiaomi.php?url\u003d",
    "apiDetailParseTemplate": 0,
    "apiDetailParseType": 1,
    "builtIn": true,
    "createTime": 1717686369975,
    "enable": true,
    "id": 0,
    "isActive": true,
    "key": "猫群专用解析06",
    "name": "猫群专用解析06",
    "sniff": false,
    "sort": 0,
    "tvboxUrl": "https://alist.ywsj.cf/d/Cloudreve/tvbox/yuan/18/18-4.json",
    "updateTime": 1717686369975
  },
  {
    "api": "https://api.m3u8.tv:5678/home/api?type\u003dys\u0026uid\u003d1931000\u0026key\u003dgktuvyzABEORSYZ135\u0026url\u003d",
    "apiDetailParseTemplate": 0,
    "apiDetailParseType": 1,
    "builtIn": true,
    "createTime": 1717686369976,
    "enable": true,
    "id": 0,
    "isActive": true,
    "key": "急速2",
    "name": "急速2",
    "sniff": false,
    "sort": 0,
    "tvboxUrl": "https://alist.ywsj.cf/d/Cloudreve/tvbox/yuan/18/18-4.json",
    "updateTime": 1717686369976
  },
  {
    "api": "http://cl.yjhan.com:8090/home/api?type\u003dys\u0026uid\u003d651075\u0026key\u003daehuDFGIJSVWX24589\u0026url\u003d",
    "apiDetailParseTemplate": 0,
    "apiDetailParseType": 1,
    "builtIn": true,
    "createTime": 1717686369976,
    "enable": true,
    "id": 0,
    "isActive": true,
    "key": "群鑫影视",
    "name": "群鑫影视",
    "sniff": false,
    "sort": 0,
    "tvboxUrl": "https://alist.ywsj.cf/d/Cloudreve/tvbox/yuan/18/18-4.json",
    "updateTime": 1717686369976
  }
]