{
  "wbg.video.hot.word.tv": "[\"长相思 第二季\",\"度华年\",\"亚刻奥特曼\",\"玫瑰的故事\",\"你比星光美丽\",\"颜心记\",\"墨雨云间\",\"鬼灭之刃 柱训练篇\",\"喜人奇妙夜\",\"向阳之处必有声\",\"我的阿勒泰\",\"龙之家族 第二季\",\"庆余年 第二季\",\"执行法官\",\"天行健\",\"人生复本 第一季\",\"联结\",\"你好，星期六\",\"我们的秘密\",\"消失的大象\"]",
  "wbg.video.hot.word.anime": "[\"你想活出怎样的人生\",\"间谍过家家 代号：白\",\"鬼灭之刃 柱训练篇\",\"迷宫饭\",\"怪兽8号\",\"排球少年！！垃圾场决战\",\"一起来睡觉\",\"哈尔的移动城堡\",\"葬送的芙莉莲\",\"少女乐队的呐喊\",\"窗边的小豆豆\",\"间谍过家家 第二季\",\"无职转生Ⅱ 到了异世界就拿出真本事 Part 2\",\"不时用俄语小声说真心话的邻桌艾莉同学\",\"机动战士高达SEED FREEDOM\",\"蓦然回首\",\"吹响悠风号3\",\"北极百货店的接待员\",\"名侦探柯南：黑铁的鱼影\",\"防风少年\"]",
  "wbg.video.first.open": false,
  "wbg.video.menu.bottom.square": false,
  "wbg.video.browse.traceless": true,
  "wbg.video.user.agent": "Mozilla/5.0 (Windows NT 6.3; Win64; x64) AppleWebKit/537.36 (KHTML, like Gecko) Chrome/72.0.3626.121 Safari/537.36",
  "wbg.video.menu.bottom.live": true,
  "wbg.video.found.key": "动漫岛",
  "wbg.video.theme.mode": 1,
  "wbg.video.auto.subscribe": false,
  "wbg.video.search.mode": false,
  "wbg.video.hot.word.movie": "[\"泳者之心\",\"陨落之星\",\"红色生活\",\"扫黑·决不放弃\",\"朝云暮雨\",\"疯狂的麦克斯：狂暴女神\",\"梦境\",\"走走停停\",\"犯罪都市4\",\"红毯先生\",\"九龙城寨之围城\",\"你想活出怎样的人生\",\"神秘窥视\",\"我们一起摇太阳\",\"排球少年！！垃圾场决战\",\"职业杀手\",\"还有明天\",\"窗边的小豆豆\",\"加菲猫家族\",\"绝地战警：生死与共\"]",
  "wbg.video.theme.color.primary": "#6B9660",
  "wbg.video.browse.watch.mode": true,
  "wbg.video.player.source.pan": true,
  "wbg.video.announcement": "2024-07-11",
  "wsg.video.app.version": "0.1.28",
  "wbg.video.hot.word.variety": "[\"信用中国\",\"五十公里桃花坞第四季\",\"开始推理吧第二季\",\"传奇故事\",\"爱情保卫战\",\"经典传奇\",\"新老娘舅\",\"养生堂\",\"毛雪汪\",\"x诊所\",\"欢乐集结号\",\"人气美食\",\"健康大问诊\",\"名医话养生\",\"笑动剧场\",\"群英会\",\"社会传真\",\"天天七点综\"]",
  "wbg.search.history.keyword": "[\"幻影凶间1408\",\"缘分天注定\",\"天注定\",\"庆余年第二季\"]"
}