[
  {
    "createTime": 1717059795771,
    "enable": true,
    "id": 0,
    "localSpiderPath": "/storage/emulated/0/Android/data/com.wbg.video/files/TvBox/05D61A26C43A697AF69BD9F629F31B14.jar",
    "remoteSpiderUrl": "https://github.moeyy.xyz/https://raw.githubusercontent.com/PizazzGY/TVBox/main/spider.jar",
    "updateTime": 1717059796075,
    "url": "https://github.moeyy.xyz/https://raw.githubusercontent.com/PizazzGY/TVBox/main/api.json"
  },
  {
    "createTime": 1717685950018,
    "enable": true,
    "id": 0,
    "localSpiderPath": "/storage/emulated/0/Android/data/com.wbg.video/files/TvBox/D4C9F8DCB98299DEE1B7EA44E142E018.jar",
    "remoteSpiderUrl": "https://files.zohopublic.com.cn/public/workdrive-public/download/gd5ic01b6d4922692401eac6018178d033d06",
    "updateTime": 1717685950931,
    "url": "https://dxawi.github.io/0/0.json"
  },
  {
    "createTime": 1717686274663,
    "enable": false,
    "id": 0,
    "localSpiderPath": "/storage/emulated/0/Android/data/com.wbg.video/files/TvBox/ACD3F4513B1C42D82681552A74634742.jar",
    "remoteSpiderUrl": "https://ghproxy.net/https://raw.githubusercontent.com/FongMi/CatVodSpider/main/jar/custom_spider.jar",
    "updateTime": 1717688214873,
    "url": "https://www.lysvc.cc/tvbox/TVshare.json"
  },
  {
    "createTime": 1717686358869,
    "enable": true,
    "id": 0,
    "localSpiderPath": "/storage/emulated/0/Android/data/com.wbg.video/files/TvBox/B1240B05C830AF15C844AF17C8F39947.jar",
    "remoteSpiderUrl": "https://raw.githubusercontent.com/lllyin/assets/master/影视.png",
    "updateTime": 1717686369896,
    "url": "https://alist.ywsj.cf/d/Cloudreve/tvbox/yuan/18/18-4.json"
  }
]