[
  {
    "createTime": 1709653932757,
    "id": 0,
    "updateTime": 1709653932757,
    "url": "http://110.42.2.247:8001/analysis/json/?uid\u003d2449\u0026my\u003dacfgikquvzFGJRW459\u0026format\u003ddata\u0026url\u003dhttps://vip.ffzyread.com/20240301/24303_f0da8c06/index.m3u8"
  },
  {
    "createTime": 1709653936064,
    "id": 0,
    "updateTime": 1709653936064,
    "url": "ZH-1747125855707467776|https://aa.m3u8zy.fun/nkapp.php/?url\u003d"
  },
  {
    "createTime": 1709653946504,
    "id": 0,
    "updateTime": 1709653946504,
    "url": "https://v.cdnlz7.com/20240301/16251_b6c0822a/index.m3u8|http://60.204.146.214/jx.php?url\u003d"
  },
  {
    "createTime": 1709653957910,
    "id": 0,
    "updateTime": 1709653957910,
    "url": "https://vip.ffzyread.com/20240301/24303_f0da8c06/index.m3u8|http://60.204.146.214/jx.php?url\u003d"
  },
  {
    "createTime": 1710083016957,
    "id": 0,
    "updateTime": 1710083016957,
    "url": "tvbox-xg:ftp://a.gbl.114s.com:20320/4582/可怜的东西-2023_BD中英双字.mp4"
  },
  {
    "createTime": 1710083201078,
    "id": 0,
    "updateTime": 1710083201078,
    "url": "tvbox-xg:ftp://a.gbl.114s.com:20320/9615/两小无拆07.mp4"
  },
  {
    "createTime": 1710083253801,
    "id": 0,
    "updateTime": 1710083253801,
    "url": "https://cdn.yddsha2.com/m3u84/share/559673/587021/20240211/140822/1080/index.m3u8\u0026code\u003dvip"
  },
  {
    "createTime": 1711263411431,
    "id": 0,
    "updateTime": 1711263411431,
    "url": "tvbox-xg:ftp://a.gbl.114s.com:20320/6975/365：逆转命运的1年第01-02集.mp4"
  },
  {
    "createTime": 1711263412384,
    "id": 0,
    "updateTime": 1711263412384,
    "url": "http://110.42.2.247:8001/analysis/json/?uid\u003d2449\u0026my\u003dacfgikquvzFGJRW459\u0026format\u003ddata\u0026url\u003dhttps://vip.ffzy-online4.com/20230127/3_9ef64000/index.m3u8"
  },
  {
    "createTime": 1711265241365,
    "id": 0,
    "updateTime": 1711265241365,
    "url": "https://vip.ffzy-play5.com/20230416/10352_934a6510/index.m3u8|http://111.229.65.161/jx.php?url\u003d"
  },
  {
    "createTime": 1711265248034,
    "id": 0,
    "updateTime": 1711265248034,
    "url": "https://s6.bfbfvip.com/video/buliangzhinianqingchushi/第01集/index.m3u8|http://60.204.226.179/jiexi/?url\u003d"
  },
  {
    "createTime": 1720066504185,
    "id": 0,
    "updateTime": 1720066504185,
    "url": "https://vdn3.vzuu.com/FHD/bf407076-d80f-11ee-a0ab-e612311e17dc-v8_f2_t1_3sGd8BTH.mp4?disable_local_cache\u003d1\u0026bu\u003d1513c7c2\u0026c\u003davc.8.0\u0026f\u003dmp4\u0026expiration\u003d1709654091\u0026auth_key\u003d1709654091-0-0-bcfea098464e42617984f7590b6f7613\u0026v\u003dtx\u0026pu\u003d1513c7c2\u0026pp\u003dChMxNDAxNjIzODY1NzM5NTc5MzkyGGMiC2ZlZWRfY2hvaWNlMhMxMzY5MDA1NjA4NTk5OTA0MjU3PXu830Q\u003d"
  },
  {
    "createTime": 1722595149223,
    "id": 0,
    "updateTime": 1722595149223,
    "url": "https://json.oorl.cn/clynb/.m3u8cts_301/cc370ae3ba750ed0373376e8e5d1b602.m3u8?vkey\u003d079e319d97f290dbc6b89095af3a5e40"
  }
]