[
  {
    "createTime": 1709653887839,
    "enable": true,
    "hide": false,
    "id": 1,
    "name": "央视",
    "sort": 50,
    "subUrl": "http://liulian1993.vip:5555/tvbox/lib/ziji/ziji.json",
    "updateTime": 1709653887839
  },
  {
    "createTime": 1709653888004,
    "enable": true,
    "hide": false,
    "id": 2,
    "name": "卫视",
    "sort": 50,
    "subUrl": "http://liulian1993.vip:5555/tvbox/lib/ziji/ziji.json",
    "updateTime": 1709653888004
  },
  {
    "createTime": 1709653888137,
    "enable": true,
    "hide": false,
    "id": 3,
    "name": "1V6",
    "sort": 50,
    "subUrl": "http://liulian1993.vip:5555/tvbox/lib/ziji/ziji.json",
    "updateTime": 1709653888137
  },
  {
    "createTime": 1709653888195,
    "enable": true,
    "hide": false,
    "id": 4,
    "name": "2V6",
    "sort": 50,
    "subUrl": "http://liulian1993.vip:5555/tvbox/lib/ziji/ziji.json",
    "updateTime": 1709653888195
  },
  {
    "createTime": 1709653888238,
    "enable": true,
    "hide": false,
    "id": 5,
    "name": "3V6",
    "sort": 50,
    "subUrl": "http://liulian1993.vip:5555/tvbox/lib/ziji/ziji.json",
    "updateTime": 1709653888238
  },
  {
    "createTime": 1709653888291,
    "enable": true,
    "hide": false,
    "id": 6,
    "name": "🌃历届春晚",
    "sort": 50,
    "subUrl": "http://liulian1993.vip:5555/tvbox/lib/ziji/ziji.json",
    "updateTime": 1709653888291
  },
  {
    "createTime": 1709653888320,
    "enable": true,
    "hide": false,
    "id": 7,
    "name": "轮播",
    "sort": 50,
    "subUrl": "http://liulian1993.vip:5555/tvbox/lib/ziji/ziji.json",
    "updateTime": 1709653888320
  },
  {
    "createTime": 1709653888381,
    "enable": true,
    "hide": false,
    "id": 8,
    "name": "🐠斗鱼精选",
    "sort": 50,
    "subUrl": "http://liulian1993.vip:5555/tvbox/lib/ziji/ziji.json",
    "updateTime": 1709653888381
  },
  {
    "createTime": 1709653888972,
    "enable": true,
    "hide": false,
    "id": 9,
    "name": "🐯虎牙视频",
    "sort": 50,
    "subUrl": "http://liulian1993.vip:5555/tvbox/lib/ziji/ziji.json",
    "updateTime": 1709653888972
  },
  {
    "createTime": 1709653889708,
    "enable": true,
    "hide": false,
    "id": 10,
    "name": "裸眼3D",
    "sort": 50,
    "subUrl": "http://liulian1993.vip:5555/tvbox/lib/ziji/ziji.json",
    "updateTime": 1709653889708
  },
  {
    "createTime": 1709653889789,
    "enable": true,
    "hide": false,
    "id": 11,
    "name": "直播中国",
    "sort": 50,
    "subUrl": "http://liulian1993.vip:5555/tvbox/lib/ziji/ziji.json",
    "updateTime": 1709653889789
  },
  {
    "createTime": 1709653890048,
    "enable": true,
    "hide": false,
    "id": 12,
    "name": "歌星金曲",
    "sort": 50,
    "subUrl": "http://liulian1993.vip:5555/tvbox/lib/ziji/ziji.json",
    "updateTime": 1709653890048
  },
  {
    "createTime": 1709653890432,
    "enable": true,
    "hide": false,
    "id": 13,
    "name": "DJ音乐",
    "sort": 50,
    "subUrl": "http://liulian1993.vip:5555/tvbox/lib/ziji/ziji.json",
    "updateTime": 1709653890432
  },
  {
    "createTime": 1709653891004,
    "enable": true,
    "hide": false,
    "id": 14,
    "name": "🎶怀旧点唱",
    "sort": 50,
    "subUrl": "http://liulian1993.vip:5555/tvbox/lib/ziji/ziji.json",
    "updateTime": 1709653891004
  },
  {
    "createTime": 1709653891403,
    "enable": true,
    "hide": false,
    "id": 15,
    "name": "9+9测试",
    "pwd": "6688",
    "sort": 50,
    "subUrl": "http://liulian1993.vip:5555/tvbox/lib/ziji/ziji.json",
    "updateTime": 1709653891403
  }
]