[
  {
    "api": "http://jx.wogg.link:63/jiexi/饭特析.php?url\u003d",
    "apiDetailParseTemplate": 0,
    "apiDetailParseType": 1,
    "builtIn": true,
    "createTime": 1709653887130,
    "enable": true,
    "id": 0,
    "isActive": true,
    "key": "但行好事",
    "name": "但行好事",
    "sniff": false,
    "sort": 0,
    "tvboxUrl": "https://mirror.ghproxy.com/https://raw.githubusercontent.com/pdscxz/TV/main/video/tv4k.json",
    "updateTime": 1709653887130
  },
  {
    "api": "http://110.42.2.247:880/analysis/json/?uid\u003d2449\u0026my\u003dacfgikquvzFGJRW459\u0026url\u003d",
    "apiDetailParseTemplate": 0,
    "apiDetailParseType": 1,
    "builtIn": true,
    "createTime": 1709653887131,
    "enable": true,
    "id": 0,
    "isActive": true,
    "key": "莫问前程",
    "name": "莫问前程",
    "sniff": false,
    "sort": 0,
    "tvboxUrl": "https://mirror.ghproxy.com/https://raw.githubusercontent.com/pdscxz/TV/main/video/tv4k.json",
    "updateTime": 1709653887131
  },
  {
    "api": "http://110.42.2.247:880/analysis/json/?uid\u003d2449\u0026my\u003dacfgikquvzFGJRW459\u0026url\u003d",
    "apiDetailParseTemplate": 0,
    "apiDetailParseType": 1,
    "builtIn": true,
    "createTime": 1709653887131,
    "enable": true,
    "id": 0,
    "isActive": true,
    "key": "左岸解析",
    "name": "左岸解析",
    "sniff": false,
    "sort": 0,
    "tvboxUrl": "https://mirror.ghproxy.com/https://raw.githubusercontent.com/pdscxz/TV/main/video/tv4k.json",
    "updateTime": 1709653887131
  },
  {
    "api": "https://jx.ccabc.cc/xc/?key\u003d5567332json\u0026url\u003d",
    "apiDetailParseTemplate": 0,
    "apiDetailParseType": 1,
    "builtIn": true,
    "createTime": 1709653887132,
    "enable": true,
    "id": 0,
    "isActive": true,
    "key": "小城解析",
    "name": "小城解析",
    "sniff": false,
    "sort": 0,
    "tvboxUrl": "https://mirror.ghproxy.com/https://raw.githubusercontent.com/pdscxz/TV/main/video/tv4k.json",
    "updateTime": 1709653887132
  },
  {
    "api": "https://json.key521.cn/api/?key\u003ddf27d9ca9ec97e22c47f8565a50aa6f5\u0026url\u003d",
    "apiDetailParseTemplate": 0,
    "apiDetailParseType": 1,
    "builtIn": true,
    "createTime": 1709653887132,
    "enable": true,
    "id": 0,
    "isActive": true,
    "key": "星辰云解析",
    "name": "星辰云解析",
    "sniff": false,
    "sort": 0,
    "tvboxUrl": "https://mirror.ghproxy.com/https://raw.githubusercontent.com/pdscxz/TV/main/video/tv4k.json",
    "updateTime": 1709653887132
  },
  {
    "api": "http://xiaoxin.1080p.me/home/api?type\u003dys\u0026uid\u003d2781037\u0026key\u003deijkoqxBDFGILRTUWZ\u0026url\u003d",
    "apiDetailParseTemplate": 0,
    "apiDetailParseType": 1,
    "builtIn": true,
    "createTime": 1709653887133,
    "enable": true,
    "id": 0,
    "isActive": true,
    "key": "小新解析",
    "name": "小新解析",
    "sniff": false,
    "sort": 0,
    "tvboxUrl": "https://mirror.ghproxy.com/https://raw.githubusercontent.com/pdscxz/TV/main/video/tv4k.json",
    "updateTime": 1709653887133
  },
  {
    "api": "http://jx.wogg.link:63/jiexi/饭特析.php?url\u003d",
    "apiDetailParseTemplate": 0,
    "apiDetailParseType": 1,
    "builtIn": true,
    "createTime": 1709653887133,
    "enable": true,
    "id": 0,
    "isActive": true,
    "key": "小鱼解析",
    "name": "小鱼解析",
    "sniff": false,
    "sort": 0,
    "tvboxUrl": "https://mirror.ghproxy.com/https://raw.githubusercontent.com/pdscxz/TV/main/video/tv4k.json",
    "updateTime": 1709653887133
  },
  {
    "api": "http://xhww.fun:63/小米特别爱肥猫.php?url\u003d",
    "apiDetailParseTemplate": 0,
    "apiDetailParseType": 1,
    "builtIn": true,
    "createTime": 1709653887134,
    "enable": true,
    "id": 0,
    "isActive": true,
    "key": "夜曲解析",
    "name": "夜曲解析",
    "sniff": false,
    "sort": 0,
    "tvboxUrl": "https://mirror.ghproxy.com/https://raw.githubusercontent.com/pdscxz/TV/main/video/tv4k.json",
    "updateTime": 1709653887134
  },
  {
    "api": "http://api.888484.xyz/神秘哥哥/super.php?v\u003d",
    "apiDetailParseTemplate": 0,
    "apiDetailParseType": 1,
    "builtIn": true,
    "createTime": 1709653887464,
    "enable": true,
    "id": 0,
    "isActive": true,
    "key": "神秘的哥哥们",
    "name": "神秘的哥哥们",
    "sniff": false,
    "sort": 0,
    "tvboxUrl": "http://liulian1993.vip:5555/tvbox/lib/ziji/ziji.json",
    "updateTime": 1709653887464
  },
  {
    "api": "https://api.tyun77.cn/api.php/provide/parseDicturl?url\u003d",
    "apiDetailParseTemplate": 0,
    "apiDetailParseType": 1,
    "builtIn": true,
    "createTime": 1709653887465,
    "enable": true,
    "id": 0,
    "isActive": true,
    "key": "公众号",
    "name": "公众号",
    "sniff": false,
    "sort": 0,
    "tvboxUrl": "http://liulian1993.vip:5555/tvbox/lib/ziji/ziji.json",
    "updateTime": 1709653887464
  },
  {
    "api": "http://xiutan.shiyifacai.com/json/qingfeng.php?url\u003d",
    "apiDetailParseTemplate": 0,
    "apiDetailParseType": 1,
    "builtIn": true,
    "createTime": 1709653887465,
    "enable": true,
    "id": 0,
    "isActive": true,
    "key": "东辰影视",
    "name": "东辰影视",
    "sniff": false,
    "sort": 0,
    "tvboxUrl": "http://liulian1993.vip:5555/tvbox/lib/ziji/ziji.json",
    "updateTime": 1709653887465
  },
  {
    "api": "http://pan.qiaoji8.com/tvbox/neibu.php?url\u003d",
    "apiDetailParseTemplate": 0,
    "apiDetailParseType": 1,
    "builtIn": true,
    "createTime": 1709653887466,
    "enable": true,
    "id": 0,
    "isActive": true,
    "key": "巧技",
    "name": "巧技",
    "sniff": false,
    "sort": 0,
    "tvboxUrl": "http://liulian1993.vip:5555/tvbox/lib/ziji/ziji.json",
    "updateTime": 1709653887466
  },
  {
    "api": "https://www.playm3u8.cn/jiexi.php?url\u003d",
    "apiDetailParseTemplate": 0,
    "apiDetailParseType": 1,
    "builtIn": true,
    "createTime": 1709653887467,
    "enable": true,
    "id": 0,
    "isActive": true,
    "key": "手动解析",
    "name": "手动解析",
    "sniff": false,
    "sort": 0,
    "tvboxUrl": "http://liulian1993.vip:5555/tvbox/lib/ziji/ziji.json",
    "updateTime": 1709653887467
  },
  {
    "api": "https://jx.jsonplayer.com/player/?url\u003d",
    "apiDetailParseTemplate": 0,
    "apiDetailParseType": 1,
    "builtIn": true,
    "createTime": 1709653887467,
    "enable": true,
    "id": 0,
    "isActive": true,
    "key": "夜雨聆风",
    "name": "夜雨聆风",
    "sniff": false,
    "sort": 0,
    "tvboxUrl": "http://liulian1993.vip:5555/tvbox/lib/ziji/ziji.json",
    "updateTime": 1709653887467
  },
  {
    "api": "http://42.157.129.144:2323/CH/caihong_1993138546.php?url\u003d",
    "apiDetailParseTemplate": 0,
    "apiDetailParseType": 1,
    "builtIn": true,
    "createTime": 1709653887468,
    "enable": true,
    "id": 0,
    "isActive": true,
    "key": "路飞解析",
    "name": "路飞解析",
    "sniff": false,
    "sort": 0,
    "tvboxUrl": "http://liulian1993.vip:5555/tvbox/lib/ziji/ziji.json",
    "updateTime": 1709653887468
  },
  {
    "api": "https://vip.mosangkeji.com/api/?key\u003dafcQ0C7vUiNOy4tnvG\u0026url\u003d",
    "apiDetailParseTemplate": 0,
    "apiDetailParseType": 1,
    "builtIn": true,
    "createTime": 1709653887468,
    "enable": true,
    "id": 0,
    "isActive": true,
    "key": "布鲁克解析",
    "name": "布鲁克解析",
    "sniff": false,
    "sort": 0,
    "tvboxUrl": "http://liulian1993.vip:5555/tvbox/lib/ziji/ziji.json",
    "updateTime": 1709653887468
  },
  {
    "api": "http://119.91.123.253:2345/Api/yun.php?url\u003d",
    "apiDetailParseTemplate": 0,
    "apiDetailParseType": 1,
    "builtIn": true,
    "createTime": 1709653887469,
    "enable": true,
    "id": 0,
    "isActive": true,
    "key": "乌索普解析",
    "name": "乌索普解析",
    "sniff": false,
    "sort": 0,
    "tvboxUrl": "http://liulian1993.vip:5555/tvbox/lib/ziji/ziji.json",
    "updateTime": 1709653887469
  },
  {
    "api": "http://api.888484.xyz/神秘哥哥/super.php?v\u003d",
    "apiDetailParseTemplate": 0,
    "apiDetailParseType": 1,
    "builtIn": true,
    "createTime": 1709653887469,
    "enable": true,
    "id": 0,
    "isActive": true,
    "key": "鹰眼",
    "name": "鹰眼",
    "sniff": false,
    "sort": 0,
    "tvboxUrl": "http://liulian1993.vip:5555/tvbox/lib/ziji/ziji.json",
    "updateTime": 1709653887469
  },
  {
    "api": "https://json.jienuowl.top/api/?key\u003datqEQhcRiNNEwzjltg\u0026url\u003d",
    "apiDetailParseTemplate": 0,
    "apiDetailParseType": 1,
    "builtIn": true,
    "createTime": 1709653887470,
    "enable": true,
    "id": 0,
    "isActive": true,
    "key": "官方资源专用",
    "name": "官方资源专用",
    "sniff": false,
    "sort": 0,
    "tvboxUrl": "http://liulian1993.vip:5555/tvbox/lib/ziji/ziji.json",
    "updateTime": 1709653887470
  },
  {
    "api": "https://daina.hk/api/?key\u003dc7db78b604d8cfd8932086f72d25529a\u0026url\u003d",
    "apiDetailParseTemplate": 0,
    "apiDetailParseType": 1,
    "builtIn": true,
    "createTime": 1709653887471,
    "enable": true,
    "id": 0,
    "isActive": true,
    "key": "独家云播专用",
    "name": "独家云播专用",
    "sniff": false,
    "sort": 0,
    "tvboxUrl": "http://liulian1993.vip:5555/tvbox/lib/ziji/ziji.json",
    "updateTime": 1709653887471
  },
  {
    "api": "http://119.91.123.253:2345/Api/yun.php?url\u003d",
    "apiDetailParseTemplate": 0,
    "apiDetailParseType": 1,
    "builtIn": true,
    "createTime": 1709653887471,
    "enable": true,
    "id": 0,
    "isActive": true,
    "key": "🌎DB",
    "name": "🌎DB",
    "sniff": false,
    "sort": 0,
    "tvboxUrl": "http://liulian1993.vip:5555/tvbox/lib/ziji/ziji.json",
    "updateTime": 1709653887471
  },
  {
    "api": "https://yinshi.eatuo.com/index.php/mvod/jx2?url\u003d",
    "apiDetailParseTemplate": 0,
    "apiDetailParseType": 1,
    "builtIn": true,
    "createTime": 1709653887471,
    "enable": true,
    "id": 0,
    "isActive": true,
    "key": "乐酷蓝光",
    "name": "乐酷蓝光",
    "sniff": false,
    "sort": 0,
    "tvboxUrl": "http://liulian1993.vip:5555/tvbox/lib/ziji/ziji.json",
    "updateTime": 1709653887471
  },
  {
    "api": "https://jx.playerjy.com/?bli\u003d1\u0026url\u003d",
    "apiDetailParseTemplate": 0,
    "apiDetailParseType": 1,
    "builtIn": true,
    "createTime": 1709653887472,
    "enable": true,
    "id": 0,
    "isActive": true,
    "key": "探探2",
    "name": "探探2",
    "sniff": false,
    "sort": 0,
    "tvboxUrl": "http://liulian1993.vip:5555/tvbox/lib/ziji/ziji.json",
    "updateTime": 1709653887472
  },
  {
    "api": "https://yparse.ik9.cc/index.php?url\u003d\u0026url\u003d",
    "apiDetailParseTemplate": 0,
    "apiDetailParseType": 1,
    "builtIn": true,
    "createTime": 1709653887472,
    "enable": true,
    "id": 0,
    "isActive": true,
    "key": "探探3",
    "name": "探探3",
    "sniff": false,
    "sort": 0,
    "tvboxUrl": "http://liulian1993.vip:5555/tvbox/lib/ziji/ziji.json",
    "updateTime": 1709653887472
  }
]