{
  "wbg.video.hot.word.tv": "[\"唐朝诡事录之西行\",\"寻护者\",\"唐朝诡事录\",\"少年白马醉春风\",\"四海重明\",\"错位\",\"莲花楼\",\"冰雪谣\",\"向阳之处必有声\",\"长相思 第二季\",\"我们的秘密\",\"喜人奇妙夜\",\"玫瑰的故事\",\"斩神之凡尘神域\",\"私藏浪漫\",\"无路可走：轮盘赌\",\"遇见你的那天\",\"人生复本 第一季\",\"小夫妻\",\"赤热\"]",
  "wbg.video.hot.word.anime": "[\"间谍过家家 代号：白\",\"鬼灭之刃 柱训练篇\",\"你想活出怎样的人生\",\"迷宫饭\",\"怪兽8号\",\"排球少年！！垃圾场决战\",\"哈尔的移动城堡\",\"一起来睡觉\",\"少女乐队的呐喊\",\"葬送的芙莉莲\",\"时不时说一句俄语来掩饰害羞的邻座艾莉同学\",\"窗边的小豆豆\",\"间谍过家家 第二季\",\"蓦然回首\",\"机动战士高达SEED FREEDOM\",\"失忆投捕\",\"北极百货店的接待员\",\"无职转生Ⅱ 到了异世界就拿出真本事 Part 2\",\"吹响悠风号3\",\"哆啦A梦：大雄的地球交响乐\"]",
  "wbg.video.first.open": false,
  "wbg.video.browse.traceless": false,
  "wbg.video.user.agent": "Mozilla/5.0 (Windows NT 10.0; WOW64) AppleWebKit/537.36 (KHTML, like Gecko) Chrome/70.0.3538.77 Safari/537.36",
  "wbg.video.auto.subscribe": false,
  "wbg.video.search.mode": false,
  "wbg.video.hot.word.movie": "[\"死侍与金刚狼\",\"从21世纪安全撤离\",\"异人之下\",\"抓娃娃\",\"落凡尘\",\"默杀\",\"寂静之地：入侵日\",\"神偷奶爸4\",\"蓝色禁区：凪\",\"头脑特工队2\",\"传说\",\"喜羊羊与灰太狼之守护\"]",
  "wbg.video.theme.color.primary": "#6C7A89",
  "wbg.video.announcement": "2024-08-02",
  "wsg.video.app.version": "0.1.28",
  "wbg.video.hot.word.variety": "[\"信用中国\",\"五十公里桃花坞第四季\",\"开始推理吧第二季\",\"焕新环游传\",\"金牌调解\",\"经典传奇\",\"爱情保卫战\",\"养生堂\",\"第三调解室\",\"新老娘舅\",\"欢乐集结号\",\"名医话养生\",\"笑动剧场\",\"社会传真\",\"天天七点综\",\"男生女生向前冲第十四季\",\"爆梗脱口秀\",\"奔赴万人现场\"]",
  "wbg.search.history.keyword": "[\"墨雨云间\",\"不良执念清除师\",\"365：逆转命运的1年\",\"命运的逆转\",\"两小无拆\"]"
}