[
  {
    "createTime": 1718466119604,
    "enable": true,
    "id": 8,
    "playerType": 0,
    "sort": 50,
    "subLiveUrl": "https://6851.kstore.space/zby.txt",
    "type": 0,
    "updateTime": 1718466127173
  },
  {
    "createTime": 1718901457903,
    "enable": true,
    "epg": "http://epg.112114.xyz/?ch\u003d{name}\u0026date\u003d{date}",
    "id": 12,
    "logo": "https://epg.112114.xyz/logo/{name}.png",
    "playerType": 0,
    "sort": 50,
    "subLiveUrl": "http://我不是.摸鱼儿.top/live.php",
    "subLiveUrlName": "SAO0",
    "subTvboxUrl": "http://我不是.摸鱼儿.top/vip",
    "type": 0,
    "ua": "okhttp/3.15",
    "updateTime": 1718901459082
  },
  {
    "createTime": 1718466283945,
    "enable": true,
    "epg": "http://epg.112114.xyz/?ch\u003d{name}\u0026date\u003d{date}",
    "id": 13,
    "logo": "https://epg.112114.xyz/logo/{name}.png",
    "playerType": 0,
    "sort": 50,
    "subLiveUrl": "https://live.fanmingming.com/tv/m3u/ipv6.m3u",
    "subLiveUrlName": "IPV6",
    "subTvboxUrl": "http://我不是.摸鱼儿.top",
    "type": 0,
    "ua": "okhttp/3.15",
    "updateTime": 1718466283945
  },
  {
    "createTime": 1718468141523,
    "enable": true,
    "epg": "http://epg.51zmt.top:8000/api/diyp/?ch\u003d{name}\u0026date\u003d{date}",
    "id": 14,
    "playerType": 0,
    "sort": 50,
    "subLiveUrl": "http://home.jundie.top:81/Cat/tv/live.txt",
    "subLiveUrlName": "直播",
    "subTvboxUrl": "http://home.jundie.top:81/top98.json",
    "type": 0,
    "updateTime": 1718468141523
  },
  {
    "createTime": 1718468408911,
    "enable": true,
    "id": 15,
    "playerType": 0,
    "sort": 50,
    "subLiveUrl": "https://7092.kstore.space/春盈天下.txt",
    "type": 0,
    "updateTime": 1718468408911
  }
]