[
  {
    "createTime": 1718281039526,
    "enable": true,
    "hide": false,
    "id": 24,
    "name": "央视频道",
    "sort": 50,
    "subUrl": "http://我不是.摸鱼儿.top",
    "updateTime": 1718281039526
  },
  {
    "createTime": 1718281039603,
    "enable": true,
    "hide": false,
    "id": 26,
    "name": "数字频道",
    "sort": 50,
    "subUrl": "http://我不是.摸鱼儿.top",
    "updateTime": 1718281039603
  },
  {
    "createTime": 1718281039635,
    "enable": true,
    "hide": false,
    "id": 27,
    "name": "上海频道",
    "sort": 50,
    "subUrl": "http://我不是.摸鱼儿.top",
    "updateTime": 1718281039635
  },
  {
    "createTime": 1718281039658,
    "enable": true,
    "hide": false,
    "id": 28,
    "name": "浙江频道",
    "sort": 50,
    "subUrl": "http://我不是.摸鱼儿.top",
    "updateTime": 1718281039658
  },
  {
    "createTime": 1718281039679,
    "enable": true,
    "hide": false,
    "id": 29,
    "name": "内蒙频道",
    "sort": 50,
    "subUrl": "http://我不是.摸鱼儿.top",
    "updateTime": 1718281039679
  },
  {
    "createTime": 1718300750882,
    "enable": false,
    "hide": false,
    "id": 101,
    "name": "💞高清HD",
    "sort": 50,
    "updateTime": 1718300750882
  },
  {
    "createTime": 1718300751357,
    "enable": false,
    "hide": false,
    "id": 104,
    "name": "📽电影频道",
    "sort": 50,
    "updateTime": 1718300751357
  },
  {
    "createTime": 1718300751684,
    "enable": false,
    "hide": false,
    "id": 105,
    "name": "📽经典剧集",
    "sort": 50,
    "updateTime": 1718300751684
  },
  {
    "createTime": 1718300752169,
    "enable": false,
    "hide": false,
    "id": 106,
    "name": "📡地方频道",
    "sort": 50,
    "updateTime": 1718300752169
  },
  {
    "createTime": 1718300752465,
    "enable": false,
    "hide": false,
    "id": 107,
    "name": "💞经典电影",
    "sort": 50,
    "updateTime": 1718300752464
  },
  {
    "createTime": 1718300752574,
    "enable": false,
    "hide": false,
    "id": 109,
    "name": "🎼MTV频道",
    "sort": 50,
    "updateTime": 1718300752574
  },
  {
    "createTime": 1718300753123,
    "enable": false,
    "hide": false,
    "id": 111,
    "name": "🇨🇳中国大陆",
    "sort": 50,
    "updateTime": 1718300753123
  },
  {
    "createTime": 1718300754348,
    "enable": false,
    "hide": false,
    "id": 112,
    "name": "🇭🇰香港",
    "sort": 50,
    "updateTime": 1718300754348
  },
  {
    "createTime": 1718300754478,
    "enable": false,
    "hide": false,
    "id": 113,
    "name": "🇨🇳台湾",
    "sort": 50,
    "updateTime": 1718300754478
  },
  {
    "createTime": 1718300754611,
    "enable": false,
    "hide": false,
    "id": 114,
    "name": "🇸🇬新加坡",
    "sort": 50,
    "updateTime": 1718300754611
  },
  {
    "createTime": 1718300754685,
    "enable": false,
    "hide": false,
    "id": 115,
    "name": "🇲🇴澳门",
    "sort": 50,
    "updateTime": 1718300754685
  },
  {
    "createTime": 1718300754699,
    "enable": false,
    "hide": false,
    "id": 116,
    "name": "🇲🇾马来西亚",
    "sort": 50,
    "updateTime": 1718300754699
  },
  {
    "createTime": 1718300754782,
    "enable": false,
    "hide": false,
    "id": 117,
    "name": "🇺🇸美国",
    "sort": 50,
    "updateTime": 1718300754782
  },
  {
    "createTime": 1718300755474,
    "enable": false,
    "hide": false,
    "id": 118,
    "name": "🇰🇷韩国",
    "sort": 50,
    "updateTime": 1718300755474
  },
  {
    "createTime": 1718300755627,
    "enable": false,
    "hide": false,
    "id": 119,
    "name": "🐉使用须知",
    "sort": 50,
    "updateTime": 1718300755627
  },
  {
    "createTime": 1718301323541,
    "enable": false,
    "hide": false,
    "id": 120,
    "name": "﻿🔞1118",
    "sort": 50,
    "subUrl": "https://ghproxy.net/https://raw.githubusercontent.com/c120487/00/main/00tvx1.txt",
    "updateTime": 1718301323541
  },
  {
    "createTime": 1718301323689,
    "enable": false,
    "hide": false,
    "id": 121,
    "name": "🧲玩轉原力",
    "sort": 50,
    "subUrl": "https://ghproxy.net/https://raw.githubusercontent.com/c120487/00/main/00tvx1.txt",
    "updateTime": 1718301323689
  },
  {
    "createTime": 1718301323887,
    "enable": false,
    "hide": false,
    "id": 122,
    "name": "Japan",
    "sort": 50,
    "subUrl": "https://ghproxy.net/https://raw.githubusercontent.com/c120487/00/main/00tvx1.txt",
    "updateTime": 1718301323887
  },
  {
    "createTime": 1718301323913,
    "enable": false,
    "hide": false,
    "id": 123,
    "name": "0907",
    "sort": 50,
    "subUrl": "https://ghproxy.net/https://raw.githubusercontent.com/c120487/00/main/00tvx1.txt",
    "updateTime": 1718301323913
  },
  {
    "createTime": 1718301323946,
    "enable": false,
    "hide": false,
    "id": 124,
    "name": "测试频道",
    "sort": 50,
    "subUrl": "https://ghproxy.net/https://raw.githubusercontent.com/c120487/00/main/00tvx1.txt",
    "updateTime": 1718301323946
  },
  {
    "createTime": 1718301324109,
    "enable": false,
    "hide": false,
    "id": 125,
    "name": "Misc",
    "sort": 50,
    "subUrl": "https://ghproxy.net/https://raw.githubusercontent.com/c120487/00/main/00tvx1.txt",
    "updateTime": 1718301324109
  },
  {
    "createTime": 1718301324159,
    "enable": false,
    "hide": false,
    "id": 126,
    "name": "【中文无码】",
    "sort": 50,
    "subUrl": "https://ghproxy.net/https://raw.githubusercontent.com/c120487/00/main/00tvx1.txt",
    "updateTime": 1718301324159
  },
  {
    "createTime": 1718301324236,
    "enable": false,
    "hide": false,
    "id": 127,
    "name": "【日本AV】",
    "sort": 50,
    "subUrl": "https://ghproxy.net/https://raw.githubusercontent.com/c120487/00/main/00tvx1.txt",
    "updateTime": 1718301324236
  },
  {
    "createTime": 1718301324314,
    "enable": false,
    "hide": false,
    "id": 128,
    "name": "【一本道AV】",
    "sort": 50,
    "subUrl": "https://ghproxy.net/https://raw.githubusercontent.com/c120487/00/main/00tvx1.txt",
    "updateTime": 1718301324314
  },
  {
    "createTime": 1718301324399,
    "enable": false,
    "hide": false,
    "id": 129,
    "name": "傳媒1",
    "sort": 50,
    "subUrl": "https://ghproxy.net/https://raw.githubusercontent.com/c120487/00/main/00tvx1.txt",
    "updateTime": 1718301324399
  },
  {
    "createTime": 1718301324499,
    "enable": false,
    "hide": false,
    "id": 130,
    "name": "傳媒2",
    "sort": 50,
    "subUrl": "https://ghproxy.net/https://raw.githubusercontent.com/c120487/00/main/00tvx1.txt",
    "updateTime": 1718301324499
  },
  {
    "createTime": 1718301324596,
    "enable": false,
    "hide": false,
    "id": 131,
    "name": "【东热AV】",
    "sort": 50,
    "subUrl": "https://ghproxy.net/https://raw.githubusercontent.com/c120487/00/main/00tvx1.txt",
    "updateTime": 1718301324596
  },
  {
    "createTime": 1718301324634,
    "enable": false,
    "hide": false,
    "id": 132,
    "name": "VIP1",
    "sort": 50,
    "subUrl": "https://ghproxy.net/https://raw.githubusercontent.com/c120487/00/main/00tvx1.txt",
    "updateTime": 1718301324634
  },
  {
    "createTime": 1718301324709,
    "enable": false,
    "hide": false,
    "id": 133,
    "name": "VIP2",
    "sort": 50,
    "subUrl": "https://ghproxy.net/https://raw.githubusercontent.com/c120487/00/main/00tvx1.txt",
    "updateTime": 1718301324709
  },
  {
    "createTime": 1718301324815,
    "enable": false,
    "hide": false,
    "id": 134,
    "name": "VIP3",
    "sort": 50,
    "subUrl": "https://ghproxy.net/https://raw.githubusercontent.com/c120487/00/main/00tvx1.txt",
    "updateTime": 1718301324815
  },
  {
    "createTime": 1718301324883,
    "enable": false,
    "hide": false,
    "id": 135,
    "name": "VIP4",
    "sort": 50,
    "subUrl": "https://ghproxy.net/https://raw.githubusercontent.com/c120487/00/main/00tvx1.txt",
    "updateTime": 1718301324883
  },
  {
    "createTime": 1718301324929,
    "enable": false,
    "hide": false,
    "id": 136,
    "name": "VIP5",
    "sort": 50,
    "subUrl": "https://ghproxy.net/https://raw.githubusercontent.com/c120487/00/main/00tvx1.txt",
    "updateTime": 1718301324929
  },
  {
    "createTime": 1718301324984,
    "enable": false,
    "hide": false,
    "id": 137,
    "name": "VIP6",
    "sort": 50,
    "subUrl": "https://ghproxy.net/https://raw.githubusercontent.com/c120487/00/main/00tvx1.txt",
    "updateTime": 1718301324984
  },
  {
    "createTime": 1718301325047,
    "enable": false,
    "hide": false,
    "id": 138,
    "name": "VIP7",
    "sort": 50,
    "subUrl": "https://ghproxy.net/https://raw.githubusercontent.com/c120487/00/main/00tvx1.txt",
    "updateTime": 1718301325047
  },
  {
    "createTime": 1718301325103,
    "enable": false,
    "hide": false,
    "id": 139,
    "name": "VIP8",
    "sort": 50,
    "subUrl": "https://ghproxy.net/https://raw.githubusercontent.com/c120487/00/main/00tvx1.txt",
    "updateTime": 1718301325103
  },
  {
    "createTime": 1718301325171,
    "enable": false,
    "hide": false,
    "id": 140,
    "name": "VIP9",
    "sort": 50,
    "subUrl": "https://ghproxy.net/https://raw.githubusercontent.com/c120487/00/main/00tvx1.txt",
    "updateTime": 1718301325171
  },
  {
    "createTime": 1718301325235,
    "enable": false,
    "hide": false,
    "id": 141,
    "name": "VIP10",
    "sort": 50,
    "subUrl": "https://ghproxy.net/https://raw.githubusercontent.com/c120487/00/main/00tvx1.txt",
    "updateTime": 1718301325235
  },
  {
    "createTime": 1718301325295,
    "enable": false,
    "hide": false,
    "id": 142,
    "name": "VIP11",
    "sort": 50,
    "subUrl": "https://ghproxy.net/https://raw.githubusercontent.com/c120487/00/main/00tvx1.txt",
    "updateTime": 1718301325295
  },
  {
    "createTime": 1718301325313,
    "enable": false,
    "hide": false,
    "id": 143,
    "name": "VIP12",
    "sort": 50,
    "subUrl": "https://ghproxy.net/https://raw.githubusercontent.com/c120487/00/main/00tvx1.txt",
    "updateTime": 1718301325313
  },
  {
    "createTime": 1718301325338,
    "enable": false,
    "hide": false,
    "id": 144,
    "name": "VIP13",
    "sort": 50,
    "subUrl": "https://ghproxy.net/https://raw.githubusercontent.com/c120487/00/main/00tvx1.txt",
    "updateTime": 1718301325338
  },
  {
    "createTime": 1718301325401,
    "enable": false,
    "hide": false,
    "id": 145,
    "name": "VIP14",
    "sort": 50,
    "subUrl": "https://ghproxy.net/https://raw.githubusercontent.com/c120487/00/main/00tvx1.txt",
    "updateTime": 1718301325401
  },
  {
    "createTime": 1718301325427,
    "enable": false,
    "hide": false,
    "id": 146,
    "name": "SS1",
    "sort": 50,
    "subUrl": "https://ghproxy.net/https://raw.githubusercontent.com/c120487/00/main/00tvx1.txt",
    "updateTime": 1718301325427
  },
  {
    "createTime": 1718301325504,
    "enable": false,
    "hide": false,
    "id": 147,
    "name": "SS2",
    "sort": 50,
    "subUrl": "https://ghproxy.net/https://raw.githubusercontent.com/c120487/00/main/00tvx1.txt",
    "updateTime": 1718301325504
  },
  {
    "createTime": 1718301325581,
    "enable": false,
    "hide": false,
    "id": 148,
    "name": "SS3",
    "sort": 50,
    "subUrl": "https://ghproxy.net/https://raw.githubusercontent.com/c120487/00/main/00tvx1.txt",
    "updateTime": 1718301325581
  },
  {
    "createTime": 1718301325650,
    "enable": false,
    "hide": false,
    "id": 149,
    "name": "SS4",
    "sort": 50,
    "subUrl": "https://ghproxy.net/https://raw.githubusercontent.com/c120487/00/main/00tvx1.txt",
    "updateTime": 1718301325650
  },
  {
    "createTime": 1718301325730,
    "enable": false,
    "hide": false,
    "id": 150,
    "name": "SS5",
    "sort": 50,
    "subUrl": "https://ghproxy.net/https://raw.githubusercontent.com/c120487/00/main/00tvx1.txt",
    "updateTime": 1718301325730
  },
  {
    "createTime": 1718301325809,
    "enable": false,
    "hide": false,
    "id": 151,
    "name": "SS6",
    "sort": 50,
    "subUrl": "https://ghproxy.net/https://raw.githubusercontent.com/c120487/00/main/00tvx1.txt",
    "updateTime": 1718301325809
  },
  {
    "createTime": 1718301325910,
    "enable": false,
    "hide": false,
    "id": 152,
    "name": "星空1",
    "sort": 50,
    "subUrl": "https://ghproxy.net/https://raw.githubusercontent.com/c120487/00/main/00tvx1.txt",
    "updateTime": 1718301325910
  },
  {
    "createTime": 1718301326008,
    "enable": false,
    "hide": false,
    "id": 153,
    "name": "果凍1",
    "sort": 50,
    "subUrl": "https://ghproxy.net/https://raw.githubusercontent.com/c120487/00/main/00tvx1.txt",
    "updateTime": 1718301326008
  },
  {
    "createTime": 1718301326053,
    "enable": false,
    "hide": false,
    "id": 154,
    "name": "【麻豆映画】",
    "sort": 50,
    "subUrl": "https://ghproxy.net/https://raw.githubusercontent.com/c120487/00/main/00tvx1.txt",
    "updateTime": 1718301326053
  },
  {
    "createTime": 1718301327731,
    "enable": false,
    "hide": false,
    "id": 201,
    "name": "【欧美AV】",
    "sort": 50,
    "subUrl": "https://ghproxy.net/https://raw.githubusercontent.com/c120487/00/main/00tvx1.txt",
    "updateTime": 1718301327731
  },
  {
    "createTime": 1718301327758,
    "enable": false,
    "hide": false,
    "id": 203,
    "name": "【欧美AV3】",
    "sort": 50,
    "subUrl": "https://ghproxy.net/https://raw.githubusercontent.com/c120487/00/main/00tvx1.txt",
    "updateTime": 1718301327758
  },
  {
    "createTime": 1718301327770,
    "enable": false,
    "hide": false,
    "id": 204,
    "name": "【欧美AV4】",
    "sort": 50,
    "subUrl": "https://ghproxy.net/https://raw.githubusercontent.com/c120487/00/main/00tvx1.txt",
    "updateTime": 1718301327770
  },
  {
    "createTime": 1718301327785,
    "enable": false,
    "hide": false,
    "id": 205,
    "name": "【欧美AV5】",
    "sort": 50,
    "subUrl": "https://ghproxy.net/https://raw.githubusercontent.com/c120487/00/main/00tvx1.txt",
    "updateTime": 1718301327785
  },
  {
    "createTime": 1718301327798,
    "enable": false,
    "hide": false,
    "id": 206,
    "name": "【欧美AV6】",
    "sort": 50,
    "subUrl": "https://ghproxy.net/https://raw.githubusercontent.com/c120487/00/main/00tvx1.txt",
    "updateTime": 1718301327798
  },
  {
    "createTime": 1718301327811,
    "enable": false,
    "hide": false,
    "id": 207,
    "name": "【欧美AV7】",
    "sort": 50,
    "subUrl": "https://ghproxy.net/https://raw.githubusercontent.com/c120487/00/main/00tvx1.txt",
    "updateTime": 1718301327811
  },
  {
    "createTime": 1718301327824,
    "enable": false,
    "hide": false,
    "id": 208,
    "name": "【欧美AV8】",
    "sort": 50,
    "subUrl": "https://ghproxy.net/https://raw.githubusercontent.com/c120487/00/main/00tvx1.txt",
    "updateTime": 1718301327824
  },
  {
    "createTime": 1718301327838,
    "enable": false,
    "hide": false,
    "id": 209,
    "name": "【欧美AV9】",
    "sort": 50,
    "subUrl": "https://ghproxy.net/https://raw.githubusercontent.com/c120487/00/main/00tvx1.txt",
    "updateTime": 1718301327838
  },
  {
    "createTime": 1718301327853,
    "enable": false,
    "hide": false,
    "id": 210,
    "name": "【欧美AV10】",
    "sort": 50,
    "subUrl": "https://ghproxy.net/https://raw.githubusercontent.com/c120487/00/main/00tvx1.txt",
    "updateTime": 1718301327853
  },
  {
    "createTime": 1718301327867,
    "enable": false,
    "hide": false,
    "id": 211,
    "name": "【欧美AV11】",
    "sort": 50,
    "subUrl": "https://ghproxy.net/https://raw.githubusercontent.com/c120487/00/main/00tvx1.txt",
    "updateTime": 1718301327867
  },
  {
    "createTime": 1718301327881,
    "enable": false,
    "hide": false,
    "id": 212,
    "name": "【欧美AV12】",
    "sort": 50,
    "subUrl": "https://ghproxy.net/https://raw.githubusercontent.com/c120487/00/main/00tvx1.txt",
    "updateTime": 1718301327881
  },
  {
    "createTime": 1718301327893,
    "enable": false,
    "hide": false,
    "id": 213,
    "name": "【欧美AV13】",
    "sort": 50,
    "subUrl": "https://ghproxy.net/https://raw.githubusercontent.com/c120487/00/main/00tvx1.txt",
    "updateTime": 1718301327893
  },
  {
    "createTime": 1718301327905,
    "enable": false,
    "hide": false,
    "id": 214,
    "name": "【欧美AV14】",
    "sort": 50,
    "subUrl": "https://ghproxy.net/https://raw.githubusercontent.com/c120487/00/main/00tvx1.txt",
    "updateTime": 1718301327905
  },
  {
    "createTime": 1718301327919,
    "enable": false,
    "hide": false,
    "id": 215,
    "name": "【欧美AV15】",
    "sort": 50,
    "subUrl": "https://ghproxy.net/https://raw.githubusercontent.com/c120487/00/main/00tvx1.txt",
    "updateTime": 1718301327919
  },
  {
    "createTime": 1718301327931,
    "enable": false,
    "hide": false,
    "id": 216,
    "name": "【欧美AV16】",
    "sort": 50,
    "subUrl": "https://ghproxy.net/https://raw.githubusercontent.com/c120487/00/main/00tvx1.txt",
    "updateTime": 1718301327931
  },
  {
    "createTime": 1718301327943,
    "enable": false,
    "hide": false,
    "id": 217,
    "name": "【欧美AV17】",
    "sort": 50,
    "subUrl": "https://ghproxy.net/https://raw.githubusercontent.com/c120487/00/main/00tvx1.txt",
    "updateTime": 1718301327943
  },
  {
    "createTime": 1718301327956,
    "enable": false,
    "hide": false,
    "id": 218,
    "name": "【欧美AV18】",
    "sort": 50,
    "subUrl": "https://ghproxy.net/https://raw.githubusercontent.com/c120487/00/main/00tvx1.txt",
    "updateTime": 1718301327956
  },
  {
    "createTime": 1718301328985,
    "enable": false,
    "hide": false,
    "id": 219,
    "name": "【小红帽直播】",
    "sort": 50,
    "subUrl": "https://ghproxy.net/https://raw.githubusercontent.com/c120487/00/main/00tvx1.txt",
    "updateTime": 1718301328985
  },
  {
    "createTime": 1718301329064,
    "enable": false,
    "hide": false,
    "id": 220,
    "name": "🏁End",
    "sort": 50,
    "subUrl": "https://ghproxy.net/https://raw.githubusercontent.com/c120487/00/main/00tvx1.txt",
    "updateTime": 1718301329064
  },
  {
    "createTime": 1718301353616,
    "enable": false,
    "hide": false,
    "id": 297,
    "name": "🐑4K测试频道",
    "sort": 50,
    "subUrl": "https://ghproxy.net/https://raw.githubusercontent.com/c120487/00/main/00tvx1.txt",
    "updateTime": 1718301353616
  },
  {
    "createTime": 1718301353618,
    "enable": false,
    "hide": false,
    "id": 298,
    "name": "🐑4K测试频道",
    "sort": 50,
    "subUrl": "https://ghproxy.net/https://raw.githubusercontent.com/c120487/00/main/00tvx1.txt",
    "updateTime": 1718301353618
  },
  {
    "createTime": 1718301353688,
    "enable": false,
    "hide": false,
    "id": 299,
    "name": "🍒｜女团太妍",
    "sort": 50,
    "subUrl": "https://ghproxy.net/https://raw.githubusercontent.com/c120487/00/main/00tvx1.txt",
    "updateTime": 1718301353688
  },
  {
    "createTime": 1718301373180,
    "enable": false,
    "hide": false,
    "id": 300,
    "name": "🔞頻道",
    "sort": 50,
    "subUrl": "https://ghproxy.net/https://raw.githubusercontent.com/c120487/00/main/00tvx1.txt",
    "updateTime": 1718301373180
  },
  {
    "createTime": 1718301373419,
    "enable": false,
    "hide": false,
    "id": 301,
    "name": "👠｜VIP麻豆资源",
    "sort": 50,
    "subUrl": "https://ghproxy.net/https://raw.githubusercontent.com/c120487/00/main/00tvx1.txt",
    "updateTime": 1718301373419
  },
  {
    "createTime": 1718301373424,
    "enable": false,
    "hide": false,
    "id": 302,
    "name": "👠｜VIP麻豆资源",
    "sort": 50,
    "subUrl": "https://ghproxy.net/https://raw.githubusercontent.com/c120487/00/main/00tvx1.txt",
    "updateTime": 1718301373424
  },
  {
    "createTime": 1718301373865,
    "enable": false,
    "hide": false,
    "id": 304,
    "name": "👠玩偶姐姐",
    "sort": 50,
    "subUrl": "https://ghproxy.net/https://raw.githubusercontent.com/c120487/00/main/00tvx1.txt",
    "updateTime": 1718301373865
  },
  {
    "createTime": 1718301374778,
    "enable": false,
    "hide": false,
    "id": 307,
    "name": "👠VIP高清秒播3",
    "sort": 50,
    "subUrl": "https://ghproxy.net/https://raw.githubusercontent.com/c120487/00/main/00tvx1.txt",
    "updateTime": 1718301374778
  },
  {
    "createTime": 1718301375063,
    "enable": false,
    "hide": false,
    "id": 309,
    "name": "👠｜VIP欧美1",
    "sort": 50,
    "subUrl": "https://ghproxy.net/https://raw.githubusercontent.com/c120487/00/main/00tvx1.txt",
    "updateTime": 1718301375063
  },
  {
    "createTime": 1718301375222,
    "enable": false,
    "hide": false,
    "id": 310,
    "name": "👠｜VIP欧美2",
    "sort": 50,
    "subUrl": "https://ghproxy.net/https://raw.githubusercontent.com/c120487/00/main/00tvx1.txt",
    "updateTime": 1718301375222
  },
  {
    "createTime": 1718301375369,
    "enable": false,
    "hide": false,
    "id": 311,
    "name": "👠｜VIP欧美3",
    "sort": 50,
    "subUrl": "https://ghproxy.net/https://raw.githubusercontent.com/c120487/00/main/00tvx1.txt",
    "updateTime": 1718301375369
  },
  {
    "createTime": 1718301375512,
    "enable": false,
    "hide": false,
    "id": 312,
    "name": "👠｜VIP欧美4",
    "sort": 50,
    "subUrl": "https://ghproxy.net/https://raw.githubusercontent.com/c120487/00/main/00tvx1.txt",
    "updateTime": 1718301375512
  },
  {
    "createTime": 1718301377973,
    "enable": false,
    "hide": false,
    "id": 313,
    "name": "玩偶",
    "sort": 50,
    "subUrl": "https://ghproxy.net/https://raw.githubusercontent.com/c120487/00/main/00tvx1.txt",
    "updateTime": 1718301377973
  },
  {
    "createTime": 1718301378626,
    "enable": false,
    "hide": false,
    "id": 315,
    "name": "欧美",
    "sort": 50,
    "subUrl": "https://ghproxy.net/https://raw.githubusercontent.com/c120487/00/main/00tvx1.txt",
    "updateTime": 1718301378626
  },
  {
    "createTime": 1718301379187,
    "enable": false,
    "hide": false,
    "id": 316,
    "name": "麻豆-MSD",
    "sort": 50,
    "subUrl": "https://ghproxy.net/https://raw.githubusercontent.com/c120487/00/main/00tvx1.txt",
    "updateTime": 1718301379187
  },
  {
    "createTime": 1718301379588,
    "enable": false,
    "hide": false,
    "id": 317,
    "name": "rostelekom",
    "sort": 50,
    "subUrl": "https://ghproxy.net/https://raw.githubusercontent.com/c120487/00/main/00tvx1.txt",
    "updateTime": 1718301379588
  },
  {
    "createTime": 1718301380171,
    "enable": false,
    "hide": false,
    "id": 318,
    "name": "胡志良",
    "sort": 50,
    "subUrl": "https://ghproxy.net/https://raw.githubusercontent.com/c120487/00/main/00tvx1.txt",
    "updateTime": 1718301380171
  },
  {
    "createTime": 1718301380790,
    "enable": false,
    "hide": false,
    "id": 319,
    "name": "Adult",
    "sort": 50,
    "subUrl": "https://ghproxy.net/https://raw.githubusercontent.com/c120487/00/main/00tvx1.txt",
    "updateTime": 1718301380790
  },
  {
    "createTime": 1718301469848,
    "enable": false,
    "hide": false,
    "id": 377,
    "name": "特殊直播",
    "sort": 50,
    "subUrl": "https://ghproxy.net/https://raw.githubusercontent.com/gaotianliuyun/gao/master/9918.json",
    "updateTime": 1718301469848
  },
  {
    "createTime": 1718301470293,
    "enable": false,
    "hide": false,
    "id": 378,
    "name": "国产传媒",
    "sort": 50,
    "subUrl": "https://ghproxy.net/https://raw.githubusercontent.com/gaotianliuyun/gao/master/9918.json",
    "updateTime": 1718301470293
  },
  {
    "createTime": 1718301480315,
    "enable": false,
    "hide": false,
    "id": 379,
    "name": "日韩",
    "sort": 50,
    "subUrl": "https://ghproxy.net/https://raw.githubusercontent.com/gaotianliuyun/gao/master/9918.json",
    "updateTime": 1718301480315
  },
  {
    "createTime": 1718301502021,
    "enable": false,
    "hide": false,
    "id": 381,
    "name": "🔐  步兵",
    "sort": 50,
    "subUrl": "https://ghproxy.net/https://raw.githubusercontent.com/gaotianliuyun/gao/master/9918.json",
    "updateTime": 1718301502021
  },
  {
    "createTime": 1718301502342,
    "enable": false,
    "hide": false,
    "id": 382,
    "name": "🔐 番号2K",
    "sort": 50,
    "subUrl": "https://ghproxy.net/https://raw.githubusercontent.com/gaotianliuyun/gao/master/9918.json",
    "updateTime": 1718301502342
  },
  {
    "createTime": 1718301516739,
    "enable": false,
    "hide": false,
    "id": 383,
    "name": "🔐｜永濑女神专场",
    "sort": 50,
    "subUrl": "https://ghproxy.net/https://raw.githubusercontent.com/gaotianliuyun/gao/master/9918.json",
    "updateTime": 1718301516739
  },
  {
    "createTime": 1718301517125,
    "enable": false,
    "hide": false,
    "id": 384,
    "name": "🔐玩偶姐姐",
    "sort": 50,
    "subUrl": "https://ghproxy.net/https://raw.githubusercontent.com/gaotianliuyun/gao/master/9918.json",
    "updateTime": 1718301517125
  },
  {
    "createTime": 1718301527592,
    "enable": true,
    "hide": false,
    "id": 432,
    "name": "🔞🈲玩偶",
    "sort": 50,
    "subUrl": "https://ghproxy.net/https://raw.githubusercontent.com/c120487/00/main/00tvx1.txt",
    "updateTime": 1718301527592
  },
  {
    "createTime": 1718301527857,
    "enable": true,
    "hide": false,
    "id": 433,
    "name": "⚠️日本AV",
    "sort": 50,
    "subUrl": "https://ghproxy.net/https://raw.githubusercontent.com/c120487/00/main/00tvx1.txt",
    "updateTime": 1718301527857
  },
  {
    "createTime": 1718464637913,
    "enable": true,
    "hide": false,
    "id": 445,
    "name": "央视卫视",
    "sort": 50,
    "updateTime": 1718464637913
  },
  {
    "createTime": 1718464638277,
    "enable": true,
    "hide": false,
    "id": 446,
    "name": "央视电信",
    "sort": 50,
    "updateTime": 1718464638277
  },
  {
    "createTime": 1718464638401,
    "enable": true,
    "hide": false,
    "id": 447,
    "name": "OTV有线",
    "sort": 50,
    "updateTime": 1718464638401
  },
  {
    "createTime": 1718464638788,
    "enable": true,
    "hide": false,
    "id": 448,
    "name": "重庆有线",
    "sort": 50,
    "updateTime": 1718464638788
  },
  {
    "createTime": 1718464639015,
    "enable": true,
    "hide": false,
    "id": 449,
    "name": "IPV6线路1",
    "sort": 50,
    "updateTime": 1718464639015
  },
  {
    "createTime": 1718464639238,
    "enable": true,
    "hide": false,
    "id": 450,
    "name": "IPV6线路2",
    "sort": 50,
    "updateTime": 1718464639238
  },
  {
    "createTime": 1718464639342,
    "enable": true,
    "hide": false,
    "id": 451,
    "name": "IPV6线路3",
    "sort": 50,
    "updateTime": 1718464639342
  },
  {
    "createTime": 1718464639485,
    "enable": true,
    "hide": false,
    "id": 452,
    "name": "港.澳.台",
    "sort": 50,
    "updateTime": 1718464639485
  },
  {
    "createTime": 1718464639651,
    "enable": true,
    "hide": false,
    "id": 453,
    "name": "港澳频道",
    "sort": 50,
    "updateTime": 1718464639651
  },
  {
    "createTime": 1718464639728,
    "enable": true,
    "hide": false,
    "id": 454,
    "name": "国际频道",
    "sort": 50,
    "updateTime": 1718464639728
  },
  {
    "createTime": 1718464639954,
    "enable": true,
    "hide": false,
    "id": 455,
    "name": "虎牙轮播",
    "sort": 50,
    "updateTime": 1718464639953
  },
  {
    "createTime": 1718464640272,
    "enable": true,
    "hide": false,
    "id": 456,
    "name": "斗鱼轮播",
    "sort": 50,
    "updateTime": 1718464640272
  },
  {
    "createTime": 1718464640523,
    "enable": true,
    "hide": false,
    "id": 457,
    "name": "歪歪轮播",
    "sort": 50,
    "updateTime": 1718464640523
  },
  {
    "createTime": 1718464642029,
    "enable": true,
    "hide": false,
    "id": 458,
    "name": "戏曲频道",
    "sort": 50,
    "updateTime": 1718464642029
  },
  {
    "createTime": 1718464642865,
    "enable": true,
    "hide": false,
    "id": 459,
    "name": "老电影",
    "sort": 50,
    "updateTime": 1718464642865
  },
  {
    "createTime": 1718464643034,
    "enable": true,
    "hide": false,
    "id": 460,
    "name": "手游直播",
    "sort": 50,
    "updateTime": 1718464643034
  },
  {
    "createTime": 1718464643057,
    "enable": true,
    "hide": false,
    "id": 461,
    "name": "各省春晚",
    "sort": 50,
    "updateTime": 1718464643057
  },
  {
    "createTime": 1718464643116,
    "enable": true,
    "hide": false,
    "id": 463,
    "name": "少儿频道",
    "sort": 50,
    "updateTime": 1718464643116
  },
  {
    "createTime": 1718464643811,
    "enable": true,
    "hide": false,
    "id": 464,
    "name": "愚公移山",
    "sort": 50,
    "updateTime": 1718464643811
  },
  {
    "createTime": 1718464644129,
    "enable": true,
    "hide": false,
    "id": 465,
    "name": "猪猪侠剧",
    "sort": 50,
    "updateTime": 1718464644129
  },
  {
    "createTime": 1718464644262,
    "enable": true,
    "hide": false,
    "id": 466,
    "name": "熊熊动画",
    "sort": 50,
    "updateTime": 1718464644262
  },
  {
    "createTime": 1718464644377,
    "enable": true,
    "hide": false,
    "id": 467,
    "name": "MTV专区",
    "sort": 50,
    "updateTime": 1718464644377
  },
  {
    "createTime": 1718464644994,
    "enable": true,
    "hide": false,
    "id": 468,
    "name": "DJ音乐",
    "sort": 50,
    "updateTime": 1718464644994
  },
  {
    "createTime": 1718464667169,
    "enable": true,
    "hide": false,
    "id": 469,
    "name": "韩国音乐",
    "sort": 50,
    "updateTime": 1718464667169
  },
  {
    "createTime": 1718464667841,
    "enable": true,
    "hide": false,
    "id": 470,
    "name": "纪录片频道",
    "sort": 50,
    "updateTime": 1718464667841
  },
  {
    "createTime": 1718466083550,
    "enable": true,
    "hide": false,
    "id": 472,
    "name": "历届春晚",
    "sort": 50,
    "updateTime": 1718466083550
  },
  {
    "createTime": 1718466089420,
    "enable": true,
    "hide": false,
    "id": 473,
    "name": "收音广播",
    "sort": 50,
    "updateTime": 1718466089420
  },
  {
    "createTime": 1718466284090,
    "enable": true,
    "hide": false,
    "id": 532,
    "name": "摸鱼4K公告",
    "sort": 50,
    "subUrl": "http://我不是.摸鱼儿.top",
    "updateTime": 1718466284090
  },
  {
    "createTime": 1718466284112,
    "enable": true,
    "hide": false,
    "id": 533,
    "name": "📡央视高清🐟摸鱼4K",
    "sort": 50,
    "subUrl": "http://我不是.摸鱼儿.top",
    "updateTime": 1718466284112
  },
  {
    "createTime": 1718466284187,
    "enable": true,
    "hide": false,
    "id": 534,
    "name": "📡卫视高清🐟摸鱼4K",
    "sort": 50,
    "subUrl": "http://我不是.摸鱼儿.top",
    "updateTime": 1718466284187
  },
  {
    "createTime": 1718466284371,
    "enable": true,
    "hide": false,
    "id": 535,
    "name": "📡数字频道🐟摸鱼4K",
    "sort": 50,
    "subUrl": "http://我不是.摸鱼儿.top",
    "updateTime": 1718466284371
  },
  {
    "createTime": 1718466284751,
    "enable": true,
    "hide": false,
    "id": 536,
    "name": "📡央视频道🐟摸鱼4K",
    "sort": 50,
    "subUrl": "http://我不是.摸鱼儿.top",
    "updateTime": 1718466284751
  },
  {
    "createTime": 1718466284789,
    "enable": true,
    "hide": false,
    "id": 537,
    "name": "📡广东频道🐟摸鱼4K",
    "sort": 50,
    "subUrl": "http://我不是.摸鱼儿.top",
    "updateTime": 1718466284789
  },
  {
    "createTime": 1718466284861,
    "enable": true,
    "hide": false,
    "id": 539,
    "name": "📡卫视频道👉移动",
    "sort": 50,
    "subUrl": "http://我不是.摸鱼儿.top",
    "updateTime": 1718466284861
  },
  {
    "createTime": 1718466284931,
    "enable": true,
    "hide": false,
    "id": 540,
    "name": "📡央视频道👉IPV6",
    "sort": 50,
    "subUrl": "http://我不是.摸鱼儿.top",
    "updateTime": 1718466284931
  },
  {
    "createTime": 1718466285161,
    "enable": true,
    "hide": false,
    "id": 541,
    "name": "📡卫视频道👉IPV6",
    "sort": 50,
    "subUrl": "http://我不是.摸鱼儿.top",
    "updateTime": 1718466285161
  },
  {
    "createTime": 1718466285286,
    "enable": true,
    "hide": false,
    "id": 542,
    "name": "📡印度歌舞👉🐷🐷",
    "sort": 50,
    "subUrl": "http://我不是.摸鱼儿.top",
    "updateTime": 1718466285286
  },
  {
    "createTime": 1718466285299,
    "enable": true,
    "hide": false,
    "id": 543,
    "name": "📡宁夏频道👉全网",
    "sort": 50,
    "subUrl": "http://我不是.摸鱼儿.top",
    "updateTime": 1718466285299
  },
  {
    "createTime": 1718466285321,
    "enable": true,
    "hide": false,
    "id": 544,
    "name": "📡卫视频道👉全网",
    "sort": 50,
    "subUrl": "http://我不是.摸鱼儿.top",
    "updateTime": 1718466285321
  },
  {
    "createTime": 1718466286406,
    "enable": true,
    "hide": false,
    "id": 545,
    "name": "📡综合频道👉IPV6",
    "sort": 50,
    "subUrl": "http://我不是.摸鱼儿.top",
    "updateTime": 1718466286406
  },
  {
    "createTime": 1718466286668,
    "enable": true,
    "hide": false,
    "id": 546,
    "name": "🏆体育频道👉全网",
    "sort": 50,
    "subUrl": "http://我不是.摸鱼儿.top",
    "updateTime": 1718466286668
  },
  {
    "createTime": 1718466286751,
    "enable": true,
    "hide": false,
    "id": 547,
    "name": "🎬电影频道👉全网",
    "sort": 50,
    "subUrl": "http://我不是.摸鱼儿.top",
    "updateTime": 1718466286751
  },
  {
    "createTime": 1718466287037,
    "enable": true,
    "hide": false,
    "id": 548,
    "name": "🎬YYY频道👉全网",
    "sort": 50,
    "subUrl": "http://我不是.摸鱼儿.top",
    "updateTime": 1718466287037
  },
  {
    "createTime": 1718466287137,
    "enable": true,
    "hide": false,
    "id": 549,
    "name": "🎬国内影院👉全网",
    "sort": 50,
    "subUrl": "http://我不是.摸鱼儿.top",
    "updateTime": 1718466287137
  },
  {
    "createTime": 1718466287162,
    "enable": true,
    "hide": false,
    "id": 550,
    "name": "💞少儿影院👉全网",
    "sort": 50,
    "subUrl": "http://我不是.摸鱼儿.top",
    "updateTime": 1718466287162
  },
  {
    "createTime": 1718466287282,
    "enable": true,
    "hide": false,
    "id": 552,
    "name": "🐼MTV视频👉全网",
    "sort": 50,
    "subUrl": "http://我不是.摸鱼儿.top",
    "updateTime": 1718466287282
  },
  {
    "createTime": 1718466287328,
    "enable": true,
    "hide": false,
    "id": 553,
    "name": "🌃春晚现场👉全网",
    "sort": 50,
    "subUrl": "http://我不是.摸鱼儿.top",
    "updateTime": 1718466287328
  },
  {
    "createTime": 1718466287354,
    "enable": true,
    "hide": false,
    "id": 554,
    "name": "🚛景区直播👉全网",
    "sort": 50,
    "subUrl": "http://我不是.摸鱼儿.top",
    "updateTime": 1718466287354
  },
  {
    "createTime": 1718468141781,
    "enable": true,
    "hide": false,
    "id": 555,
    "name": "港•澳•台",
    "sort": 50,
    "subUrl": "http://home.jundie.top:81/top98.json",
    "updateTime": 1718468141781
  },
  {
    "createTime": 1718468144521,
    "enable": true,
    "hide": false,
    "id": 556,
    "name": "央视",
    "sort": 50,
    "subUrl": "http://home.jundie.top:81/top98.json",
    "updateTime": 1718468144521
  },
  {
    "createTime": 1718468144780,
    "enable": true,
    "hide": false,
    "id": 558,
    "name": "肥羊高清春晚",
    "sort": 50,
    "subUrl": "http://home.jundie.top:81/top98.json",
    "updateTime": 1718468144780
  },
  {
    "createTime": 1718468144825,
    "enable": true,
    "hide": false,
    "id": 559,
    "name": "4K",
    "sort": 50,
    "subUrl": "http://home.jundie.top:81/top98.json",
    "updateTime": 1718468144825
  },
  {
    "createTime": 1718468144909,
    "enable": true,
    "hide": false,
    "id": 560,
    "name": "影视",
    "sort": 50,
    "subUrl": "http://home.jundie.top:81/top98.json",
    "updateTime": 1718468144909
  },
  {
    "createTime": 1718468144967,
    "enable": true,
    "hide": false,
    "id": 561,
    "name": "少儿",
    "sort": 50,
    "subUrl": "http://home.jundie.top:81/top98.json",
    "updateTime": 1718468144967
  },
  {
    "createTime": 1718468144985,
    "enable": true,
    "hide": false,
    "id": 562,
    "name": "体育",
    "sort": 50,
    "subUrl": "http://home.jundie.top:81/top98.json",
    "updateTime": 1718468144985
  },
  {
    "createTime": 1718468145002,
    "enable": true,
    "hide": false,
    "id": 563,
    "name": "埋堆堆",
    "sort": 50,
    "subUrl": "http://home.jundie.top:81/top98.json",
    "updateTime": 1718468145002
  },
  {
    "createTime": 1718468145379,
    "enable": true,
    "hide": false,
    "id": 564,
    "name": "虎牙",
    "sort": 50,
    "subUrl": "http://home.jundie.top:81/top98.json",
    "updateTime": 1718468145379
  },
  {
    "createTime": 1718468145985,
    "enable": true,
    "hide": false,
    "id": 565,
    "name": "斗鱼",
    "sort": 50,
    "subUrl": "http://home.jundie.top:81/top98.json",
    "updateTime": 1718468145985
  },
  {
    "createTime": 1718468408917,
    "enable": true,
    "hide": false,
    "id": 566,
    "name": "📡永久免费👉公告",
    "sort": 50,
    "updateTime": 1718468408917
  },
  {
    "createTime": 1718468408952,
    "enable": true,
    "hide": false,
    "id": 567,
    "name": "🇨🇳中国港澳👉春盈",
    "sort": 50,
    "updateTime": 1718468408952
  },
  {
    "createTime": 1718468409124,
    "enable": true,
    "hide": false,
    "id": 568,
    "name": "🇨🇳央视频道👉天下",
    "sort": 50,
    "updateTime": 1718468409124
  },
  {
    "createTime": 1718468409151,
    "enable": true,
    "hide": false,
    "id": 569,
    "name": "🇨🇳央视频道👉移动",
    "sort": 50,
    "updateTime": 1718468409151
  },
  {
    "createTime": 1718468409339,
    "enable": true,
    "hide": false,
    "id": 570,
    "name": "🇨🇳央视频道👉IPV6",
    "sort": 50,
    "updateTime": 1718468409339
  },
  {
    "createTime": 1718468409463,
    "enable": true,
    "hide": false,
    "id": 571,
    "name": "🇨🇳组播频道👉组播",
    "sort": 50,
    "updateTime": 1718468409463
  },
  {
    "createTime": 1718468409511,
    "enable": true,
    "hide": false,
    "id": 572,
    "name": "🌏全球频道👉全网",
    "sort": 50,
    "updateTime": 1718468409511
  },
  {
    "createTime": 1718468409550,
    "enable": true,
    "hide": false,
    "id": 573,
    "name": "📡湾湾频道👉全网",
    "sort": 50,
    "updateTime": 1718468409550
  },
  {
    "createTime": 1718468409591,
    "enable": true,
    "hide": false,
    "id": 574,
    "name": "📡湖北频道👉全网",
    "sort": 50,
    "updateTime": 1718468409591
  },
  {
    "createTime": 1718468410452,
    "enable": true,
    "hide": false,
    "id": 575,
    "name": "📡卫视频道👉电信",
    "sort": 50,
    "updateTime": 1718468410452
  },
  {
    "createTime": 1718468410778,
    "enable": true,
    "hide": false,
    "id": 576,
    "name": "🏆咪咕体育👉全网",
    "sort": 50,
    "updateTime": 1718468410778
  },
  {
    "createTime": 1718468411091,
    "enable": true,
    "hide": false,
    "id": 577,
    "name": "🎬斗鱼轮播👉全网",
    "sort": 50,
    "updateTime": 1718468411091
  },
  {
    "createTime": 1718468411389,
    "enable": true,
    "hide": false,
    "id": 578,
    "name": "🐼 MTV视频👉全网",
    "sort": 50,
    "updateTime": 1718468411389
  },
  {
    "createTime": 1718468411888,
    "enable": true,
    "hide": false,
    "id": 580,
    "name": "📺新老澳门👉全网",
    "sort": 50,
    "updateTime": 1718468411888
  },
  {
    "createTime": 1718468411917,
    "enable": true,
    "hide": false,
    "id": 581,
    "name": "📺香港成人台👉全网",
    "sort": 50,
    "updateTime": 1718468411917
  },
  {
    "createTime": 1718468411946,
    "enable": true,
    "hide": false,
    "id": 582,
    "name": "📺欧美频道👉全网",
    "sort": 50,
    "updateTime": 1718468411946
  },
  {
    "createTime": 1718468412135,
    "enable": true,
    "hide": false,
    "id": 583,
    "name": "📺午夜频道👉全网",
    "sort": 50,
    "updateTime": 1718468412135
  },
  {
    "createTime": 1718468412187,
    "enable": true,
    "hide": false,
    "id": 584,
    "name": "📺果凍傳媒👉全网",
    "sort": 50,
    "updateTime": 1718468412187
  },
  {
    "createTime": 1718468412319,
    "enable": true,
    "hide": false,
    "id": 585,
    "name": "📺国产频道👉全网",
    "sort": 50,
    "updateTime": 1718468412319
  },
  {
    "createTime": 1718468412379,
    "enable": true,
    "hide": false,
    "id": 586,
    "name": "📺國產源频道👉全网",
    "sort": 50,
    "updateTime": 1718468412379
  },
  {
    "createTime": 1718468412439,
    "enable": true,
    "hide": false,
    "id": 587,
    "name": "📺人兽频道👉全网",
    "sort": 50,
    "updateTime": 1718468412439
  },
  {
    "createTime": 1718468412622,
    "enable": true,
    "hide": false,
    "id": 588,
    "name": "📺绿帽频道👉全网",
    "sort": 50,
    "updateTime": 1718468412622
  },
  {
    "createTime": 1718468412631,
    "enable": true,
    "hide": false,
    "id": 589,
    "name": "📺大陆频道👉全网",
    "sort": 50,
    "updateTime": 1718468412631
  }
]