[
  {
    "api": "http://api.888484.xyz/神秘哥哥/super.php?v\u003d",
    "apiDetailParseTemplate": 0,
    "apiDetailParseType": 1,
    "builtIn": true,
    "createTime": 1718336263087,
    "enable": false,
    "id": 0,
    "isActive": false,
    "key": "神秘的哥哥们",
    "name": "神秘的哥哥们",
    "sniff": false,
    "sort": 0,
    "tvboxUrl": "https://gitee.com/tvbox_2_0/ziji/raw/master/ziji.json",
    "updateTime": 1718901240920
  },
  {
    "api": "https://api.tyun77.cn/api.php/provide/parseDicturl?url\u003d",
    "apiDetailParseTemplate": 0,
    "apiDetailParseType": 1,
    "builtIn": true,
    "createTime": 1718336263088,
    "enable": false,
    "id": 0,
    "isActive": false,
    "key": "公众号",
    "name": "公众号",
    "sniff": false,
    "sort": 0,
    "tvboxUrl": "https://gitee.com/tvbox_2_0/ziji/raw/master/ziji.json",
    "updateTime": 1718901239231
  },
  {
    "api": "http://xiutan.shiyifacai.com/json/qingfeng.php?url\u003d",
    "apiDetailParseTemplate": 0,
    "apiDetailParseType": 1,
    "builtIn": true,
    "createTime": 1718336263090,
    "enable": false,
    "id": 0,
    "isActive": false,
    "key": "东辰影视",
    "name": "东辰影视",
    "sniff": false,
    "sort": 0,
    "tvboxUrl": "https://gitee.com/tvbox_2_0/ziji/raw/master/ziji.json",
    "updateTime": 1718901239163
  },
  {
    "api": "https://www.playm3u8.cn/jiexi.php?url\u003d",
    "apiDetailParseTemplate": 0,
    "apiDetailParseType": 1,
    "builtIn": true,
    "createTime": 1718336263095,
    "enable": false,
    "id": 0,
    "isActive": false,
    "key": "手动解析",
    "name": "手动解析",
    "sniff": false,
    "sort": 0,
    "tvboxUrl": "https://gitee.com/tvbox_2_0/ziji/raw/master/ziji.json",
    "updateTime": 1718901239267
  },
  {
    "api": "https://jx.jsonplayer.com/player/?url\u003d",
    "apiDetailParseTemplate": 0,
    "apiDetailParseType": 1,
    "builtIn": true,
    "createTime": 1718336263094,
    "enable": false,
    "id": 0,
    "isActive": false,
    "key": "夜雨聆风",
    "name": "夜雨聆风",
    "sniff": false,
    "sort": 0,
    "tvboxUrl": "https://gitee.com/tvbox_2_0/ziji/raw/master/ziji.json",
    "updateTime": 1718901241848
  },
  {
    "api": "http://42.157.129.144:2323/CH/caihong_1993138546.php?url\u003d",
    "apiDetailParseTemplate": 0,
    "apiDetailParseType": 1,
    "builtIn": true,
    "createTime": 1718336263097,
    "enable": false,
    "id": 0,
    "isActive": false,
    "key": "路飞解析",
    "name": "路飞解析",
    "sniff": false,
    "sort": 0,
    "tvboxUrl": "https://gitee.com/tvbox_2_0/ziji/raw/master/ziji.json",
    "updateTime": 1718901238135
  },
  {
    "api": "https://vip.mosangkeji.com/api/?key\u003dafcQ0C7vUiNOy4tnvG\u0026url\u003d",
    "apiDetailParseTemplate": 0,
    "apiDetailParseType": 1,
    "builtIn": true,
    "createTime": 1718336263098,
    "enable": false,
    "id": 0,
    "isActive": false,
    "key": "布鲁克解析",
    "name": "布鲁克解析",
    "sniff": false,
    "sort": 0,
    "tvboxUrl": "https://gitee.com/tvbox_2_0/ziji/raw/master/ziji.json",
    "updateTime": 1718901239322
  },
  {
    "api": "http://119.91.123.253:2345/Api/yun.php?url\u003d",
    "apiDetailParseTemplate": 0,
    "apiDetailParseType": 1,
    "builtIn": true,
    "createTime": 1718336263099,
    "enable": false,
    "id": 0,
    "isActive": false,
    "key": "乌索普解析",
    "name": "乌索普解析",
    "sniff": false,
    "sort": 0,
    "tvboxUrl": "https://gitee.com/tvbox_2_0/ziji/raw/master/ziji.json",
    "updateTime": 1718901241851
  },
  {
    "api": "http://api.888484.xyz/神秘哥哥/super.php?v\u003d",
    "apiDetailParseTemplate": 0,
    "apiDetailParseType": 1,
    "builtIn": true,
    "createTime": 1718336263100,
    "enable": false,
    "id": 0,
    "isActive": false,
    "key": "鹰眼",
    "name": "鹰眼",
    "sniff": false,
    "sort": 0,
    "tvboxUrl": "https://gitee.com/tvbox_2_0/ziji/raw/master/ziji.json",
    "updateTime": 1718901240913
  },
  {
    "api": "https://json.jienuowl.top/api/?key\u003datqEQhcRiNNEwzjltg\u0026url\u003d",
    "apiDetailParseTemplate": 0,
    "apiDetailParseType": 1,
    "builtIn": true,
    "createTime": 1718336263100,
    "enable": false,
    "id": 0,
    "isActive": false,
    "key": "官方资源专用",
    "name": "官方资源专用",
    "sniff": false,
    "sort": 0,
    "tvboxUrl": "https://gitee.com/tvbox_2_0/ziji/raw/master/ziji.json",
    "updateTime": 1718901240249
  },
  {
    "api": "https://daina.hk/api/?key\u003dc7db78b604d8cfd8932086f72d25529a\u0026url\u003d",
    "apiDetailParseTemplate": 0,
    "apiDetailParseType": 1,
    "builtIn": true,
    "createTime": 1718336263101,
    "enable": false,
    "id": 0,
    "isActive": false,
    "key": "独家云播专用",
    "name": "独家云播专用",
    "sniff": false,
    "sort": 0,
    "tvboxUrl": "https://gitee.com/tvbox_2_0/ziji/raw/master/ziji.json",
    "updateTime": 1718901239661
  },
  {
    "api": "http://119.91.123.253:2345/Api/yun.php?url\u003d",
    "apiDetailParseTemplate": 0,
    "apiDetailParseType": 1,
    "builtIn": true,
    "createTime": 1718336263102,
    "enable": false,
    "id": 0,
    "isActive": false,
    "key": "🌎DB",
    "name": "🌎DB",
    "sniff": false,
    "sort": 0,
    "tvboxUrl": "https://gitee.com/tvbox_2_0/ziji/raw/master/ziji.json",
    "updateTime": 1718901241852
  },
  {
    "api": "https://yinshi.eatuo.com/index.php/mvod/jx2?url\u003d",
    "apiDetailParseTemplate": 0,
    "apiDetailParseType": 1,
    "builtIn": true,
    "createTime": 1718336263103,
    "enable": false,
    "id": 0,
    "isActive": false,
    "key": "乐酷蓝光",
    "name": "乐酷蓝光",
    "sniff": false,
    "sort": 0,
    "tvboxUrl": "https://gitee.com/tvbox_2_0/ziji/raw/master/ziji.json",
    "updateTime": 1718901239831
  },
  {
    "api": "https://jx.playerjy.com/?bli\u003d1\u0026url\u003d",
    "apiDetailParseTemplate": 0,
    "apiDetailParseType": 1,
    "builtIn": true,
    "createTime": 1718336263104,
    "enable": false,
    "id": 0,
    "isActive": false,
    "key": "探探2",
    "name": "探探2",
    "sniff": false,
    "sort": 0,
    "tvboxUrl": "https://gitee.com/tvbox_2_0/ziji/raw/master/ziji.json",
    "updateTime": 1718901240467
  },
  {
    "api": "https://yparse.ik9.cc/index.php?url\u003d\u0026url\u003d",
    "apiDetailParseTemplate": 0,
    "apiDetailParseType": 1,
    "builtIn": true,
    "createTime": 1718336263105,
    "enable": false,
    "id": 0,
    "isActive": false,
    "key": "探探3",
    "name": "探探3",
    "sniff": false,
    "sort": 0,
    "tvboxUrl": "https://gitee.com/tvbox_2_0/ziji/raw/master/ziji.json",
    "updateTime": 1718901240083
  },
  {
    "api": "http://119.91.123.253:2345/Api/yun.php?url\u003d",
    "apiDetailParseTemplate": 0,
    "apiDetailParseType": 1,
    "builtIn": true,
    "createTime": 1718336682697,
    "enable": false,
    "id": 0,
    "isActive": false,
    "key": "json一",
    "name": "json一",
    "sniff": false,
    "sort": 0,
    "tvboxUrl": "https://mirror.ghproxy.com/https://raw.githubusercontent.com/pdscxz/TV/main/video/tv4k.json",
    "updateTime": 1718901241858
  },
  {
    "api": "http://xiutan.shiyifacai.com/json/qingfeng.php?url\u003d",
    "apiDetailParseTemplate": 0,
    "apiDetailParseType": 1,
    "builtIn": true,
    "createTime": 1718336682698,
    "enable": false,
    "id": 0,
    "isActive": false,
    "key": "赛文",
    "name": "赛文",
    "sniff": false,
    "sort": 0,
    "tvboxUrl": "https://mirror.ghproxy.com/https://raw.githubusercontent.com/pdscxz/TV/main/video/tv4k.json",
    "updateTime": 1718901239156
  },
  {
    "api": "http://121.62.61.51:6888/api/?key\u003dn669JAmIzmG1K813tb\u0026url\u003d",
    "apiDetailParseTemplate": 0,
    "apiDetailParseType": 1,
    "builtIn": true,
    "createTime": 1718336682699,
    "enable": false,
    "id": 0,
    "isActive": false,
    "key": "蚂蚁",
    "name": "蚂蚁",
    "sniff": false,
    "sort": 0,
    "tvboxUrl": "https://mirror.ghproxy.com/https://raw.githubusercontent.com/pdscxz/TV/main/video/tv4k.json",
    "updateTime": 1718901238311
  },
  {
    "api": "https://vip.mosangkeji.com:443/api/?key\u003dq7mSY5L8ssbm1J3Eai\u0026url\u003d",
    "apiDetailParseTemplate": 0,
    "apiDetailParseType": 1,
    "builtIn": true,
    "createTime": 1718336682700,
    "enable": false,
    "id": 0,
    "isActive": false,
    "key": "json四",
    "name": "json四",
    "sniff": false,
    "sort": 0,
    "tvboxUrl": "https://mirror.ghproxy.com/https://raw.githubusercontent.com/pdscxz/TV/main/video/tv4k.json",
    "updateTime": 1718901239340
  },
  {
    "api": "http://110.42.2.247:880/analysis/json/?uid\u003d2148\u0026my\u003dehmqrtuCEJNQTVX047\u0026format\u003djson\u0026url\u003d",
    "apiDetailParseTemplate": 0,
    "apiDetailParseType": 1,
    "builtIn": true,
    "createTime": 1718336682700,
    "enable": false,
    "id": 0,
    "isActive": false,
    "key": "json五",
    "name": "json五",
    "sniff": false,
    "sort": 0,
    "tvboxUrl": "https://mirror.ghproxy.com/https://raw.githubusercontent.com/pdscxz/TV/main/video/tv4k.json",
    "updateTime": 1718901238313
  },
  {
    "api": "http://119.91.123.253:2345/Api/yun.php?url\u003d",
    "apiDetailParseTemplate": 0,
    "apiDetailParseType": 1,
    "builtIn": true,
    "createTime": 1718336682701,
    "enable": false,
    "id": 0,
    "isActive": false,
    "key": "解析一",
    "name": "解析一",
    "sniff": false,
    "sort": 0,
    "tvboxUrl": "https://mirror.ghproxy.com/https://raw.githubusercontent.com/pdscxz/TV/main/video/tv4k.json",
    "updateTime": 1718901241859
  },
  {
    "api": "http://json.youguo520.top/fufeng/?url\u003d",
    "apiDetailParseTemplate": 0,
    "apiDetailParseType": 1,
    "builtIn": true,
    "createTime": 1718348410860,
    "enable": false,
    "id": 0,
    "isActive": false,
    "key": "油果",
    "name": "油果",
    "sniff": false,
    "sort": 0,
    "tvboxUrl": "http://home.jundie.top:81/top98.json",
    "updateTime": 1718901239976
  },
  {
    "api": "http://123.57.56.94:9931/lanlan/?url\u003d",
    "apiDetailParseTemplate": 0,
    "apiDetailParseType": 1,
    "builtIn": true,
    "createTime": 1718348410861,
    "enable": false,
    "id": 0,
    "isActive": false,
    "key": "懒懒1",
    "name": "懒懒1",
    "sniff": false,
    "sort": 0,
    "tvboxUrl": "http://home.jundie.top:81/top98.json",
    "updateTime": 1718901241861
  },
  {
    "api": "http://lanlan.ckflv.cn/?url\u003d",
    "apiDetailParseTemplate": 0,
    "apiDetailParseType": 1,
    "builtIn": true,
    "createTime": 1718348410862,
    "enable": false,
    "id": 0,
    "isActive": false,
    "key": "懒懒2",
    "name": "懒懒2",
    "sniff": false,
    "sort": 0,
    "tvboxUrl": "http://home.jundie.top:81/top98.json",
    "updateTime": 1718901239876
  },
  {
    "api": "https://api.qljson.xyz/api/?key\u003d11781ab2890bcb53fdb4b2ad27503d7c\u0026url\u003d",
    "apiDetailParseTemplate": 0,
    "apiDetailParseType": 1,
    "builtIn": true,
    "createTime": 1718901457897,
    "enable": true,
    "id": 0,
    "isActive": true,
    "key": "摸鱼解析A",
    "name": "摸鱼解析A",
    "sniff": false,
    "sort": 0,
    "tvboxUrl": "http://我不是.摸鱼儿.top/vip",
    "updateTime": 1718901457897
  },
  {
    "api": "https://api.qljson.xyz/api/?key\u003d11781ab2890bcb53fdb4b2ad27503d7c\u0026url\u003d",
    "apiDetailParseTemplate": 0,
    "apiDetailParseType": 1,
    "builtIn": true,
    "createTime": 1718901457898,
    "enable": true,
    "id": 0,
    "isActive": true,
    "key": "摸鱼解析B",
    "name": "摸鱼解析B",
    "sniff": false,
    "sort": 0,
    "tvboxUrl": "http://我不是.摸鱼儿.top/vip",
    "updateTime": 1718901457898
  },
  {
    "api": "https://mg.zrjx.xyz/?url\u003d",
    "apiDetailParseTemplate": 0,
    "apiDetailParseType": 1,
    "builtIn": true,
    "createTime": 1718901457899,
    "enable": true,
    "id": 0,
    "isActive": true,
    "key": "摸鱼解析C",
    "name": "摸鱼解析C",
    "sniff": false,
    "sort": 0,
    "tvboxUrl": "http://我不是.摸鱼儿.top/vip",
    "updateTime": 1718901457899
  },
  {
    "api": "http://jx.fuqizhishi.com:63/API.php?appkey\u003dfeimao\u0026url\u003d",
    "apiDetailParseTemplate": 0,
    "apiDetailParseType": 1,
    "builtIn": true,
    "createTime": 1718901457902,
    "enable": true,
    "id": 0,
    "isActive": true,
    "key": "",
    "name": "",
    "sniff": false,
    "sort": 0,
    "tvboxUrl": "http://我不是.摸鱼儿.top/vip",
    "updateTime": 1718901457902
  },
  {
    "api": "https://stray.serv00.net/ky.php?url\u003d",
    "apiDetailParseTemplate": 0,
    "apiDetailParseType": 1,
    "builtIn": true,
    "createTime": 1718901516326,
    "enable": true,
    "id": 0,
    "isActive": true,
    "key": "kyB",
    "name": "kyB",
    "sniff": false,
    "sort": 0,
    "tvboxUrl": "https://mirror.ghproxy.com/https://raw.githubusercontent.com/wnddwc/daiweichun/main/waynfifdwj.json;pk;wnddwc418523",
    "updateTime": 1718901516326
  },
  {
    "api": "http://119.91.123.253:2345/Api/yun.php?url\u003d",
    "apiDetailParseTemplate": 0,
    "apiDetailParseType": 1,
    "builtIn": true,
    "createTime": 1718901516327,
    "enable": true,
    "id": 0,
    "isActive": true,
    "key": "NG解析",
    "name": "NG解析",
    "sniff": false,
    "sort": 0,
    "tvboxUrl": "https://mirror.ghproxy.com/https://raw.githubusercontent.com/wnddwc/daiweichun/main/waynfifdwj.json;pk;wnddwc418523",
    "updateTime": 1718901516327
  },
  {
    "api": "http://119.91.123.253:2345/Api/yun.php?url\u003d",
    "apiDetailParseTemplate": 0,
    "apiDetailParseType": 1,
    "builtIn": true,
    "createTime": 1718901516327,
    "enable": true,
    "id": 0,
    "isActive": true,
    "key": "春盈解析",
    "name": "春盈解析",
    "sniff": false,
    "sort": 0,
    "tvboxUrl": "https://mirror.ghproxy.com/https://raw.githubusercontent.com/wnddwc/daiweichun/main/waynfifdwj.json;pk;wnddwc418523",
    "updateTime": 1718901516327
  },
  {
    "api": "http://115.231.220.36:8801/jx/tvbox/2.php?url\u003d",
    "apiDetailParseTemplate": 0,
    "apiDetailParseType": 1,
    "builtIn": true,
    "createTime": 1718901516328,
    "enable": true,
    "id": 0,
    "isActive": true,
    "key": "ZY解析",
    "name": "ZY解析",
    "sniff": false,
    "sort": 0,
    "tvboxUrl": "https://mirror.ghproxy.com/https://raw.githubusercontent.com/wnddwc/daiweichun/main/waynfifdwj.json;pk;wnddwc418523",
    "updateTime": 1718901516328
  },
  {
    "api": "http://jiexi1.itcxo.cn/api/?key\u003d2NTgVWfapKzXNuue0h\u0026url\u003d",
    "apiDetailParseTemplate": 0,
    "apiDetailParseType": 1,
    "builtIn": true,
    "createTime": 1718901516328,
    "enable": true,
    "id": 0,
    "isActive": true,
    "key": "晨曦解析",
    "name": "晨曦解析",
    "sniff": false,
    "sort": 0,
    "tvboxUrl": "https://mirror.ghproxy.com/https://raw.githubusercontent.com/wnddwc/daiweichun/main/waynfifdwj.json;pk;wnddwc418523",
    "updateTime": 1718901516328
  }
]