{
  "wbg.video.ad.end.date": "2024-06-06",
  "wbg.video.hot.word.tv": "[\"玫瑰的故事\",\"墨雨云间\",\"天堂岛疑云 第十三季\",\"芝加哥警署 第十一季\",\"龙之家族 第二季\",\"金庸武侠世界\",\"看不见影子的少年\",\"庆余年 第二季\",\"我的阿勒泰\",\"黑袍纠察队 第四季\",\"9号秘事 第九季\",\"怦然心动20岁 第四季\",\"黑社会的我成为了高中生\",\"快乐老友记 第二季\",\"天行健\",\"背着善宰跑\",\"人生复本 第一季\",\"时光正好\",\"职业替身\",\"海天雄鹰\"]",
  "wbg.video.hot.word.anime": "[\"你想活出怎样的人生\",\"间谍过家家 代号：白\",\"葬送的芙莉莲\",\"迷宫饭\",\"哈尔的移动城堡\",\"一起来睡觉\",\"憧憬成为魔法少女\",\"排球少年！！垃圾场决战\",\"怪兽8号\",\"鬼灭之刃 柱训练篇\",\"间谍过家家 第二季\",\"药屋少女的呢喃\",\"少女乐队的呐喊\",\"我独自升级\",\"名侦探柯南：黑铁的鱼影\",\"物理魔法使马修 神觉者候补选拔试验篇\",\"明明是个碍事配角、却被王子给宠爱了\",\"哆啦A梦：大雄的地球交响乐\",\"名侦探柯南：百万美元的五棱星\",\"北极百货店的接待员\"]",
  "wbg.video.first.open": false,
  "wbg.video.menu.bottom.square": true,
  "wbg.video.browse.traceless": false,
  "wbg.video.user.agent": "Mozilla/5.0 (Windows NT 10.0; Win64; x64; rv:68.0) Gecko/20100101 Firefox/68.0",
  "wbg.video.found.key": "",
  "wbg.video.theme.mode": 1,
  "wbg.video.menu.bottom.live": true,
  "wbg.video.auto.subscribe": false,
  "wbg.video.search.mode": false,
  "wbg.video.hot.word.movie": "[\"狗阵\",\"走走停停\",\"机器人之梦\",\"永不消逝的电波\",\"排球少年！！垃圾场决战\",\"疯狂的麦克斯：狂暴女神\",\"谈判专家\",\"扫黑·决不放弃\",\"我才不要和你做朋友呢\",\"美国内战\",\"朱同在三年级丢失了超能力\",\"末路狂花钱\"]",
  "wbg.video.theme.color.primary": "#6B9660",
  "wbg.video.browse.watch.mode": false,
  "wbg.video.announcement": "2024-06-21",
  "wsg.video.app.version": "0.1.28",
  "wbg.video.hot.word.variety": "[\"第二届浪潮大赏荣誉典礼\",\"信用中国\",\"五十公里桃花坞第四季\",\"人气美食\",\"金牌调解\",\"这就是中国\",\"传奇故事\",\"养生堂\",\"爱情保卫战\",\"经典传奇\",\"第三调解室\",\"x诊所\",\"新老娘舅\",\"毛雪汪\",\"欢乐集结号\",\"健康大问诊\",\"名医话养生\",\"笑动剧场\"]",
  "wbg.search.history.keyword": "[\"斗破苍穹年\",\"幻影凶间1408\",\"缘分天注定\",\"天注定\",\"庆余年第二季\"]"
}