[
  {
    "createTime": 1717059795771,
    "enable": true,
    "id": 0,
    "localSpiderPath": "/storage/emulated/0/Android/data/com.wbg.video/files/TvBox/05D61A26C43A697AF69BD9F629F31B14.jar",
    "remoteSpiderUrl": "https://github.moeyy.xyz/https://raw.githubusercontent.com/PizazzGY/TVBox/main/spider.jar",
    "updateTime": 1718301663955,
    "url": "https://github.moeyy.xyz/https://raw.githubusercontent.com/PizazzGY/TVBox/main/api.json"
  },
  {
    "createTime": 1717843806042,
    "enable": true,
    "id": 0,
    "localSpiderPath": "/storage/emulated/0/Android/data/com.wbg.video/files/TvBox/A22EBA8B443CACA2C0EAA4F668CF973B.jar",
    "remoteSpiderUrl": "https://fs-im-kefu.7moor-fs1.com/ly/4d2c3f00-7d4c-11e5-af15-41bf63ae4ea0/1717839432492/fan.txt",
    "updateTime": 1718336182677,
    "url": "http://www.饭太硬.com/tv/"
  },
  {
    "createTime": 1718300272627,
    "enable": true,
    "id": 0,
    "localSpiderPath": "/storage/emulated/0/Android/data/com.wbg.video/files/TvBox/4BDEE90D1970C9D75239445FE5DFE736.jar",
    "remoteSpiderUrl": "http://我不是.摸鱼儿.top/vip/jar/unsvip.php",
    "updateTime": 1718901457886,
    "url": "http://我不是.摸鱼儿.top/vip"
  },
  {
    "createTime": 1718336133545,
    "enable": true,
    "id": 0,
    "localSpiderPath": "/storage/emulated/0/Android/data/com.wbg.video/files/TvBox/3DB97F6726A8E6BC6EED9B6415670418.jar",
    "remoteSpiderUrl": "https://fs-im-kefu.7moor-fs1.com/ly/4d2c3f00-7d4c-11e5-af15-41bf63ae4ea0/1718274776381/fan.txt",
    "updateTime": 1718336134074,
    "url": "http://fan.888484.xyz/tv"
  },
  {
    "createTime": 1718336203520,
    "enable": true,
    "id": 0,
    "localSpiderPath": "/storage/emulated/0/Android/data/com.wbg.video/files/TvBox/046305DEBAE447482EF0F4C1E477BE6D.jar",
    "remoteSpiderUrl": "https://gitee.com/tvbox_2_0/ziji/raw/master/spider.jar",
    "updateTime": 1718336207871,
    "url": "https://gitee.com/tvbox_2_0/ziji/raw/master/ziji.json"
  },
  {
    "createTime": 1718336679279,
    "enable": true,
    "id": 0,
    "localSpiderPath": "/storage/emulated/0/Android/data/com.wbg.video/files/TvBox/7624418EF8207CE04D75ED10DED4BCB7.jar",
    "remoteSpiderUrl": "https://fs-im-kefu.7moor-fs1.com/29397395/4d2c3f00-7d4c-11e5-af15-41bf63ae4ea0/1709930083738/fan.txt",
    "updateTime": 1718336681983,
    "url": "https://mirror.ghproxy.com/https://raw.githubusercontent.com/pdscxz/TV/main/video/tv4k.json"
  },
  {
    "createTime": 1718348410247,
    "enable": true,
    "id": 0,
    "localSpiderPath": "/storage/emulated/0/Android/data/com.wbg.video/files/TvBox/B5E062FCA03E1152828164AE4108C2A5.jar",
    "remoteSpiderUrl": "http://home.jundie.top:81/jar/top98_1.jar",
    "updateTime": 1718348410819,
    "url": "http://home.jundie.top:81/top98.json"
  },
  {
    "createTime": 1718352130662,
    "enable": true,
    "id": 0,
    "updateTime": 1718901650673,
    "url": "https://wds.ecsxs.com/230989.json"
  }
]